-- MySQL dump 10.13  Distrib 8.0.13, for Win64 (x86_64)
--
-- Host: localhost    Database: job2job
-- ------------------------------------------------------
-- Server version	8.0.13

/*!40101 SET @OLD_CHARACTER_SET_CLIENT=@@CHARACTER_SET_CLIENT */;
/*!40101 SET @OLD_CHARACTER_SET_RESULTS=@@CHARACTER_SET_RESULTS */;
/*!40101 SET @OLD_COLLATION_CONNECTION=@@COLLATION_CONNECTION */;
 SET NAMES utf8 ;
/*!40103 SET @OLD_TIME_ZONE=@@TIME_ZONE */;
/*!40103 SET TIME_ZONE='+00:00' */;
/*!40014 SET @OLD_UNIQUE_CHECKS=@@UNIQUE_CHECKS, UNIQUE_CHECKS=0 */;
/*!40014 SET @OLD_FOREIGN_KEY_CHECKS=@@FOREIGN_KEY_CHECKS, FOREIGN_KEY_CHECKS=0 */;
/*!40101 SET @OLD_SQL_MODE=@@SQL_MODE, SQL_MODE='NO_AUTO_VALUE_ON_ZERO' */;
/*!40111 SET @OLD_SQL_NOTES=@@SQL_NOTES, SQL_NOTES=0 */;

--
-- Table structure for table `j2j_application`
--

DROP TABLE IF EXISTS `j2j_application`;
/*!40101 SET @saved_cs_client     = @@character_set_client */;
 SET character_set_client = utf8 ;
CREATE TABLE `j2j_application` (
  `id` int(11) NOT NULL AUTO_INCREMENT,
  `userid` int(11) NOT NULL,
  `comments` text,
  `cover` text,
  `createdate` datetime NOT NULL,
  `updatedate` datetime NOT NULL,
  `photo` varchar(200) DEFAULT NULL,
  `workpermission` smallint(6) DEFAULT '1',
  `email` varchar(55) NOT NULL,
  `tel` varchar(80) NOT NULL,
  `adress` text,
  `status` smallint(6) DEFAULT '1',
  PRIMARY KEY (`id`),
  KEY `FK_APPLICATION_USER_idx` (`userid`),
  KEY `FK_APPLICATION_WORKPERMISSION_idx` (`workpermission`),
  CONSTRAINT `FK_APPLICATION_USER` FOREIGN KEY (`userid`) REFERENCES `j2j_users` (`id`) ON DELETE CASCADE ON UPDATE CASCADE,
  CONSTRAINT `FK_APPLICATION_WORKPERMISSION` FOREIGN KEY (`workpermission`) REFERENCES `j2j_workpermission` (`id`) ON DELETE CASCADE ON UPDATE CASCADE
) ENGINE=InnoDB DEFAULT CHARSET=utf8;
/*!40101 SET character_set_client = @saved_cs_client */;

--
-- Dumping data for table `j2j_application`
--

LOCK TABLES `j2j_application` WRITE;
/*!40000 ALTER TABLE `j2j_application` DISABLE KEYS */;
/*!40000 ALTER TABLE `j2j_application` ENABLE KEYS */;
UNLOCK TABLES;

--
-- Table structure for table `j2j_applicationattachment`
--

DROP TABLE IF EXISTS `j2j_applicationattachment`;
/*!40101 SET @saved_cs_client     = @@character_set_client */;
 SET character_set_client = utf8 ;
CREATE TABLE `j2j_applicationattachment` (
  `id` int(11) NOT NULL AUTO_INCREMENT,
  `applicationid` int(11) NOT NULL,
  `fileurl` varchar(200) NOT NULL,
  `createdate` datetime DEFAULT NULL,
  `status` smallint(6) NOT NULL DEFAULT '1',
  PRIMARY KEY (`id`),
  KEY `FK_APPLICATION_ATTACHMENT_idx` (`applicationid`),
  CONSTRAINT `FK_APPLICATION_ATTACHMENT` FOREIGN KEY (`applicationid`) REFERENCES `j2j_application` (`id`) ON DELETE CASCADE ON UPDATE CASCADE
) ENGINE=InnoDB DEFAULT CHARSET=utf8;
/*!40101 SET character_set_client = @saved_cs_client */;

--
-- Dumping data for table `j2j_applicationattachment`
--

LOCK TABLES `j2j_applicationattachment` WRITE;
/*!40000 ALTER TABLE `j2j_applicationattachment` DISABLE KEYS */;
/*!40000 ALTER TABLE `j2j_applicationattachment` ENABLE KEYS */;
UNLOCK TABLES;

--
-- Table structure for table `j2j_applicationskill`
--

DROP TABLE IF EXISTS `j2j_applicationskill`;
/*!40101 SET @saved_cs_client     = @@character_set_client */;
 SET character_set_client = utf8 ;
CREATE TABLE `j2j_applicationskill` (
  `applicationid` int(11) NOT NULL,
  `skillid` int(11) NOT NULL,
  `createdate` datetime NOT NULL,
  PRIMARY KEY (`applicationid`,`skillid`),
  KEY `FK_SKILL_APLICATIONSKILL_idx` (`skillid`),
  CONSTRAINT `FK_APPLICATION_APLICATIONSKILL` FOREIGN KEY (`applicationid`) REFERENCES `j2j_application` (`id`) ON DELETE CASCADE ON UPDATE CASCADE,
  CONSTRAINT `FK_SKILL_APLICATIONSKILL` FOREIGN KEY (`skillid`) REFERENCES `j2j_skills` (`id`)
) ENGINE=InnoDB DEFAULT CHARSET=utf8;
/*!40101 SET character_set_client = @saved_cs_client */;

--
-- Dumping data for table `j2j_applicationskill`
--

LOCK TABLES `j2j_applicationskill` WRITE;
/*!40000 ALTER TABLE `j2j_applicationskill` DISABLE KEYS */;
/*!40000 ALTER TABLE `j2j_applicationskill` ENABLE KEYS */;
UNLOCK TABLES;

--
-- Table structure for table `j2j_backlog`
--

DROP TABLE IF EXISTS `j2j_backlog`;
/*!40101 SET @saved_cs_client     = @@character_set_client */;
 SET character_set_client = utf8 ;
CREATE TABLE `j2j_backlog` (
  `id` int(11) NOT NULL AUTO_INCREMENT,
  `userid` int(11) NOT NULL,
  `logdesc` varchar(2000) NOT NULL DEFAULT 'Keine Kommentar',
  `logdate` datetime NOT NULL,
  PRIMARY KEY (`id`),
  KEY `FK_BACKLOG_USER_idx` (`userid`),
  CONSTRAINT `FK_BACKLOG_USER` FOREIGN KEY (`userid`) REFERENCES `j2j_users` (`id`) ON DELETE CASCADE ON UPDATE CASCADE
) ENGINE=InnoDB DEFAULT CHARSET=latin1;
/*!40101 SET character_set_client = @saved_cs_client */;

--
-- Dumping data for table `j2j_backlog`
--

LOCK TABLES `j2j_backlog` WRITE;
/*!40000 ALTER TABLE `j2j_backlog` DISABLE KEYS */;
/*!40000 ALTER TABLE `j2j_backlog` ENABLE KEYS */;
UNLOCK TABLES;

--
-- Table structure for table `j2j_backmessage`
--

DROP TABLE IF EXISTS `j2j_backmessage`;
/*!40101 SET @saved_cs_client     = @@character_set_client */;
 SET character_set_client = utf8 ;
CREATE TABLE `j2j_backmessage` (
  `id` int(11) NOT NULL AUTO_INCREMENT,
  `userid` int(11) NOT NULL,
  `title` varchar(100) DEFAULT '(no title)',
  `message` varchar(400) NOT NULL DEFAULT '(no message)',
  `words` varchar(200) NOT NULL DEFAULT '-',
  `status` smallint(6) DEFAULT '0',
  `createdate` datetime DEFAULT NULL,
  PRIMARY KEY (`id`),
  KEY `FK_BACKMESSAGE_USER_idx` (`userid`),
  CONSTRAINT `FK_BACKMESSAGE_USER` FOREIGN KEY (`userid`) REFERENCES `j2j_users` (`id`) ON DELETE CASCADE ON UPDATE CASCADE
) ENGINE=InnoDB AUTO_INCREMENT=2 DEFAULT CHARSET=latin1;
/*!40101 SET character_set_client = @saved_cs_client */;

--
-- Dumping data for table `j2j_backmessage`
--

LOCK TABLES `j2j_backmessage` WRITE;
/*!40000 ALTER TABLE `j2j_backmessage` DISABLE KEYS */;
INSERT INTO `j2j_backmessage` VALUES (1,1,'dfgds','dfgds','-',0,'2016-09-28 10:08:54');
/*!40000 ALTER TABLE `j2j_backmessage` ENABLE KEYS */;
UNLOCK TABLES;

--
-- Table structure for table `j2j_branch`
--

DROP TABLE IF EXISTS `j2j_branch`;
/*!40101 SET @saved_cs_client     = @@character_set_client */;
 SET character_set_client = utf8 ;
CREATE TABLE `j2j_branch` (
  `id` int(11) NOT NULL,
  `title` varchar(80) DEFAULT NULL,
  `shortcut` varchar(45) NOT NULL DEFAULT '-',
  `image` varchar(200) DEFAULT NULL,
  `logo` varchar(200) NOT NULL DEFAULT '-',
  `status` smallint(6) NOT NULL DEFAULT '1',
  `created` timestamp(6) NOT NULL DEFAULT CURRENT_TIMESTAMP(6),
  `updated` timestamp(6) NOT NULL DEFAULT CURRENT_TIMESTAMP(6),
  PRIMARY KEY (`id`),
  UNIQUE KEY `shortcut_UNIQUE` (`shortcut`)
) ENGINE=InnoDB DEFAULT CHARSET=latin1;
/*!40101 SET character_set_client = @saved_cs_client */;

--
-- Dumping data for table `j2j_branch`
--

LOCK TABLES `j2j_branch` WRITE;
/*!40000 ALTER TABLE `j2j_branch` DISABLE KEYS */;
INSERT INTO `j2j_branch` VALUES (1,'Gesundheitswesen','med','/web/images/branch-med.jpg','/web/images/parma-logo.png',1,'2018-07-12 18:37:07.482775','2018-07-12 18:37:07.482775'),(2,'Kaufmännischer Sektor','commercial','/web/images/branch-buss.jpg','/web/images/finanz-logo.png',1,'2018-07-12 18:39:19.062952','2018-07-12 18:39:19.062952'),(3,'Industrie und Handwerk','industry','/web/images/branch-industry.png','/web/images/engin-logo.png',1,'2018-07-12 18:39:19.062952','2018-07-12 18:39:19.062952'),(4,'Ingenieurwesen und Technik','engineering','/web/images/branch-eng.pn','/web/images/engin-logo.png',1,'2018-07-12 18:39:19.062952','2018-07-12 18:39:19.062952'),(5,'Lager und Logistik','logistic','/web/images/branch-logistic.png','/web/images/engin-logo.png',1,'2018-07-12 18:39:19.063950','2018-07-12 18:39:19.063950'),(6,'Produktion und Gewerbe','production','/web/images/branch-production.png','/web/images/engin-logo.png',1,'2018-07-12 18:39:19.063950','2018-07-12 18:39:19.063950');
/*!40000 ALTER TABLE `j2j_branch` ENABLE KEYS */;
UNLOCK TABLES;

--
-- Table structure for table `j2j_callrequest`
--

DROP TABLE IF EXISTS `j2j_callrequest`;
/*!40101 SET @saved_cs_client     = @@character_set_client */;
 SET character_set_client = utf8 ;
CREATE TABLE `j2j_callrequest` (
  `id` int(11) NOT NULL AUTO_INCREMENT,
  `userid` int(11) NOT NULL DEFAULT '0',
  `tel` varchar(45) NOT NULL,
  `name` varchar(100) NOT NULL,
  `message` varchar(2000) NOT NULL,
  `status` smallint(6) NOT NULL DEFAULT '1',
  `createdate` datetime NOT NULL,
  PRIMARY KEY (`id`)
) ENGINE=InnoDB AUTO_INCREMENT=18 DEFAULT CHARSET=utf8;
/*!40101 SET character_set_client = @saved_cs_client */;

--
-- Dumping data for table `j2j_callrequest`
--

LOCK TABLES `j2j_callrequest` WRITE;
/*!40000 ALTER TABLE `j2j_callrequest` DISABLE KEYS */;
INSERT INTO `j2j_callrequest` VALUES (1,30,'0054-324-1234','sef1, hamid1','mmmmmmm',0,'2017-08-01 15:00:31'),(2,30,'0054-324-1234','sef1, hamid1','nnnnnnnnnnnn',0,'2017-08-01 15:01:09'),(3,9,'0049-162-2810148','Seifi, Hamidreza','adrtdtrhertj',0,'2017-08-01 15:01:31'),(4,9,'0049-162-2810148','Seifi, Hamidreza','dfdf\r\ndfthezjntz\r\nwertrewurezjte',0,'2017-08-01 15:01:37'),(5,30,'0054-324-1234','sef1, hamid1','sdhdfjnwrt',0,'2017-08-01 15:02:03'),(6,30,'0054-324-1234','sef1, hamid1','',0,'2017-08-01 17:34:24'),(7,30,'0054-324-1234','sef1, hamid1','tttttttttttttttt',0,'2017-08-01 17:40:45'),(8,30,'0054-324-1234','sef1, hamid1','',0,'2017-08-01 17:49:55'),(9,30,'0054-324-1234','sef1, hamid1','',0,'2017-08-01 17:49:59'),(10,30,'0054-324-1234','sef1, hamid1','',0,'2017-08-01 17:51:03'),(11,30,'0054-324-1234','sef1, hamid1','dfghfg',0,'2017-08-01 18:06:35'),(12,30,'0054-324-1234','sef1, hamid1','',0,'2017-08-01 18:06:58'),(13,30,'0054-324-1234','sef1, hamid1','',0,'2017-08-01 18:36:15'),(14,9,'0049-162-2810148','Seifi, Hamidreza','sdfgsdfh',0,'2017-08-01 18:36:34'),(15,0,'','','',0,'2017-08-11 16:48:32'),(16,0,'','','',0,'2017-08-11 16:48:40'),(17,0,'35645','trgert','frghrgjh',0,'2017-08-11 16:48:50');
/*!40000 ALTER TABLE `j2j_callrequest` ENABLE KEYS */;
UNLOCK TABLES;

--
-- Table structure for table `j2j_candidate`
--

DROP TABLE IF EXISTS `j2j_candidate`;
/*!40101 SET @saved_cs_client     = @@character_set_client */;
 SET character_set_client = utf8 ;
CREATE TABLE `j2j_candidate` (
  `userid` int(11) NOT NULL,
  `title` varchar(15) DEFAULT '',
  `title2` varchar(45) DEFAULT '',
  `nationality` varchar(45) NOT NULL DEFAULT '-',
  `photo` varchar(200) DEFAULT NULL,
  `email` varchar(100) NOT NULL,
  `homenumber` varchar(15) DEFAULT NULL,
  `street` varchar(45) DEFAULT NULL,
  `pcode` varchar(45) DEFAULT NULL,
  `city` varchar(45) DEFAULT NULL,
  `country` varchar(45) DEFAULT NULL,
  `address1` varchar(200) DEFAULT NULL,
  `cellphone` varchar(45) DEFAULT NULL,
  `tel` varchar(45) DEFAULT NULL,
  `reachability` varchar(45) DEFAULT NULL,
  `contacttime` varchar(45) DEFAULT NULL,
  `employment` smallint(6) DEFAULT '0',
  `availability` varchar(45) NOT NULL DEFAULT '',
  `branch` int(11) NOT NULL,
  `availablefrom` datetime DEFAULT NULL,
  `desiredjobpcode` varchar(45) DEFAULT NULL,
  `desiredjobcity` varchar(45) DEFAULT NULL,
  `desiredjobcountry` varchar(45) DEFAULT NULL,
  `desiredjobregion` int(11) DEFAULT NULL,
  `coverletter` text,
  `createdate` timestamp(6) NOT NULL DEFAULT CURRENT_TIMESTAMP(6),
  `updatedate` timestamp(6) NOT NULL DEFAULT CURRENT_TIMESTAMP(6),
  PRIMARY KEY (`userid`),
  CONSTRAINT `FK_CANDIDATE_USER` FOREIGN KEY (`userid`) REFERENCES `j2j_users` (`id`) ON DELETE CASCADE ON UPDATE CASCADE
) ENGINE=InnoDB DEFAULT CHARSET=utf8;
/*!40101 SET character_set_client = @saved_cs_client */;

--
-- Dumping data for table `j2j_candidate`
--

LOCK TABLES `j2j_candidate` WRITE;
/*!40000 ALTER TABLE `j2j_candidate` DISABLE KEYS */;
INSERT INTO `j2j_candidate` VALUES (9,'Herr','','iranisch',NULL,'hamidrezaseifi@gmail.com',NULL,NULL,'30419','Hannover','Deutschland','Rigaer St. 29G','0049-162-2810148','0049-162-2810148','Telefon, E-Mail, ','08:00 bis  18:00',1,'Verfügber',3,'2018-07-20 17:00:00','','','',10,'mein anschzturt\r\nrtuzjtzi\r\nzuitzutilotzirtzu','2017-04-09 22:00:00.000000','2017-12-17 23:00:00.000000'),(84,'Frau','','-',NULL,'bewerber@b.de','','','','',NULL,'',NULL,'',NULL,NULL,0,'',3,NULL,NULL,NULL,NULL,NULL,NULL,'2018-11-01 14:23:35.304494','2018-11-01 14:23:35.304494');
/*!40000 ALTER TABLE `j2j_candidate` ENABLE KEYS */;
UNLOCK TABLES;

--
-- Table structure for table `j2j_candidatefavorite`
--

DROP TABLE IF EXISTS `j2j_candidatefavorite`;
/*!40101 SET @saved_cs_client     = @@character_set_client */;
 SET character_set_client = utf8 ;
CREATE TABLE `j2j_candidatefavorite` (
  `userid` int(11) NOT NULL,
  `jobposid` int(11) NOT NULL,
  `createdate` datetime NOT NULL,
  PRIMARY KEY (`userid`,`jobposid`),
  KEY `FK_CANDIDATEFAV_JOBPOS_idx` (`jobposid`),
  CONSTRAINT `FK_CANDIDATEFAV_JOBPOS` FOREIGN KEY (`jobposid`) REFERENCES `j2j_jobposition` (`id`) ON DELETE CASCADE ON UPDATE CASCADE,
  CONSTRAINT `FK_CANDIDATEFAV_USER` FOREIGN KEY (`userid`) REFERENCES `j2j_users` (`id`) ON DELETE CASCADE ON UPDATE CASCADE
) ENGINE=InnoDB DEFAULT CHARSET=utf8;
/*!40101 SET character_set_client = @saved_cs_client */;

--
-- Dumping data for table `j2j_candidatefavorite`
--

LOCK TABLES `j2j_candidatefavorite` WRITE;
/*!40000 ALTER TABLE `j2j_candidatefavorite` DISABLE KEYS */;
/*!40000 ALTER TABLE `j2j_candidatefavorite` ENABLE KEYS */;
UNLOCK TABLES;

--
-- Table structure for table `j2j_candidatejobapply`
--

DROP TABLE IF EXISTS `j2j_candidatejobapply`;
/*!40101 SET @saved_cs_client     = @@character_set_client */;
 SET character_set_client = utf8 ;
CREATE TABLE `j2j_candidatejobapply` (
  `userid` int(11) NOT NULL,
  `jobposid` int(11) NOT NULL,
  `status` smallint(6) NOT NULL DEFAULT '0',
  `createdate` datetime NOT NULL,
  PRIMARY KEY (`userid`,`jobposid`),
  KEY `FK_CANDIDATEJOBAPPLY_JOBPOS_idx` (`jobposid`),
  CONSTRAINT `FK_CANDIDATEJOBAPPLY_JOBPOS` FOREIGN KEY (`jobposid`) REFERENCES `j2j_jobposition` (`id`) ON DELETE CASCADE ON UPDATE CASCADE,
  CONSTRAINT `FK_CANDIDATEJOBAPPLY_USER` FOREIGN KEY (`userid`) REFERENCES `j2j_users` (`id`) ON DELETE CASCADE ON UPDATE CASCADE
) ENGINE=InnoDB DEFAULT CHARSET=utf8;
/*!40101 SET character_set_client = @saved_cs_client */;

--
-- Dumping data for table `j2j_candidatejobapply`
--

LOCK TABLES `j2j_candidatejobapply` WRITE;
/*!40000 ALTER TABLE `j2j_candidatejobapply` DISABLE KEYS */;
/*!40000 ALTER TABLE `j2j_candidatejobapply` ENABLE KEYS */;
UNLOCK TABLES;

--
-- Table structure for table `j2j_candidateskill`
--

DROP TABLE IF EXISTS `j2j_candidateskill`;
/*!40101 SET @saved_cs_client     = @@character_set_client */;
 SET character_set_client = utf8 ;
CREATE TABLE `j2j_candidateskill` (
  `candidateid` int(11) NOT NULL,
  `skill` varchar(100) NOT NULL,
  `created` datetime NOT NULL,
  PRIMARY KEY (`candidateid`,`skill`)
) ENGINE=InnoDB DEFAULT CHARSET=latin1;
/*!40101 SET character_set_client = @saved_cs_client */;

--
-- Dumping data for table `j2j_candidateskill`
--

LOCK TABLES `j2j_candidateskill` WRITE;
/*!40000 ALTER TABLE `j2j_candidateskill` DISABLE KEYS */;
INSERT INTO `j2j_candidateskill` VALUES (9,'C++','2017-07-18 12:21:16'),(9,'QQQQTTTTT','2017-07-18 12:21:16');
/*!40000 ALTER TABLE `j2j_candidateskill` ENABLE KEYS */;
UNLOCK TABLES;

--
-- Table structure for table `j2j_city`
--

DROP TABLE IF EXISTS `j2j_city`;
/*!40101 SET @saved_cs_client     = @@character_set_client */;
 SET character_set_client = utf8 ;
CREATE TABLE `j2j_city` (
  `id` int(11) NOT NULL AUTO_INCREMENT,
  `name` varchar(50) NOT NULL,
  `country` varchar(50) NOT NULL DEFAULT 'Deutschland',
  `status` smallint(6) NOT NULL DEFAULT '1',
  PRIMARY KEY (`id`),
  KEY `FK_CITY_COUNTRY_idx` (`country`),
  CONSTRAINT `FK_CITY_COUNTRY` FOREIGN KEY (`country`) REFERENCES `j2j_country` (`title`) ON DELETE CASCADE ON UPDATE CASCADE
) ENGINE=InnoDB AUTO_INCREMENT=12332 DEFAULT CHARSET=utf8;
/*!40101 SET character_set_client = @saved_cs_client */;

--
-- Dumping data for table `j2j_city`
--

LOCK TABLES `j2j_city` WRITE;
/*!40000 ALTER TABLE `j2j_city` DISABLE KEYS */;
/*!40000 ALTER TABLE `j2j_city` ENABLE KEYS */;
UNLOCK TABLES;

--
-- Table structure for table `j2j_company`
--

DROP TABLE IF EXISTS `j2j_company`;
/*!40101 SET @saved_cs_client     = @@character_set_client */;
 SET character_set_client = utf8 ;
CREATE TABLE `j2j_company` (
  `id` int(11) NOT NULL AUTO_INCREMENT,
  `companyname` varchar(80) NOT NULL,
  `companytype` int(11) DEFAULT NULL,
  `founddate` datetime DEFAULT NULL,
  `homenumber` varchar(15) DEFAULT NULL,
  `street` varchar(45) DEFAULT NULL,
  `city` varchar(45) DEFAULT NULL,
  `pcode` varchar(15) DEFAULT NULL,
  `adress1` varchar(200) DEFAULT NULL,
  `taxid` varchar(50) DEFAULT NULL,
  `homepage` varchar(200) DEFAULT '',
  `logo` varchar(200) DEFAULT NULL,
  `employeecountindex` smallint(6) DEFAULT '0',
  `isjob2job` smallint(6) NOT NULL DEFAULT '0',
  `status` smallint(6) NOT NULL DEFAULT '1',
  `createdate` timestamp(6) NOT NULL DEFAULT CURRENT_TIMESTAMP(6) ON UPDATE CURRENT_TIMESTAMP(6),
  `updatedate` timestamp(6) NULL DEFAULT NULL,
  PRIMARY KEY (`id`)
) ENGINE=InnoDB AUTO_INCREMENT=19 DEFAULT CHARSET=utf8;
/*!40101 SET character_set_client = @saved_cs_client */;

--
-- Dumping data for table `j2j_company`
--

LOCK TABLES `j2j_company` WRITE;
/*!40000 ALTER TABLE `j2j_company` DISABLE KEYS */;
INSERT INTO `j2j_company` VALUES (18,'firma 2',0,'2000-01-01 00:00:00','','','','',NULL,NULL,'',NULL,0,0,1,'2018-11-01 14:25:42.681018',NULL);
/*!40000 ALTER TABLE `j2j_company` ENABLE KEYS */;
UNLOCK TABLES;

--
-- Table structure for table `j2j_companytype`
--

DROP TABLE IF EXISTS `j2j_companytype`;
/*!40101 SET @saved_cs_client     = @@character_set_client */;
 SET character_set_client = utf8 ;
CREATE TABLE `j2j_companytype` (
  `id` int(11) NOT NULL AUTO_INCREMENT,
  `title` varchar(45) NOT NULL,
  `status` smallint(6) NOT NULL DEFAULT '1',
  PRIMARY KEY (`id`)
) ENGINE=InnoDB AUTO_INCREMENT=8 DEFAULT CHARSET=utf8;
/*!40101 SET character_set_client = @saved_cs_client */;

--
-- Dumping data for table `j2j_companytype`
--

LOCK TABLES `j2j_companytype` WRITE;
/*!40000 ALTER TABLE `j2j_companytype` DISABLE KEYS */;
INSERT INTO `j2j_companytype` VALUES (1,'Einzelunternehmen',1),(2,'GmbH',1),(3,'UG',1),(4,'OHG',1),(5,'GbR',1),(6,'KG',1),(7,'AG',1);
/*!40000 ALTER TABLE `j2j_companytype` ENABLE KEYS */;
UNLOCK TABLES;

--
-- Table structure for table `j2j_connectedcompany`
--

DROP TABLE IF EXISTS `j2j_connectedcompany`;
/*!40101 SET @saved_cs_client     = @@character_set_client */;
 SET character_set_client = utf8 ;
CREATE TABLE `j2j_connectedcompany` (
  `id` int(11) NOT NULL AUTO_INCREMENT,
  `companyid` int(11) NOT NULL,
  `name` varchar(55) NOT NULL,
  `status` smallint(6) NOT NULL DEFAULT '1',
  PRIMARY KEY (`id`),
  KEY `FK_CONNECTED_COMPANY_idx` (`companyid`),
  CONSTRAINT `FK_CONNECTED_COMPANY` FOREIGN KEY (`companyid`) REFERENCES `j2j_company` (`id`) ON DELETE CASCADE ON UPDATE CASCADE
) ENGINE=InnoDB DEFAULT CHARSET=utf8;
/*!40101 SET character_set_client = @saved_cs_client */;

--
-- Dumping data for table `j2j_connectedcompany`
--

LOCK TABLES `j2j_connectedcompany` WRITE;
/*!40000 ALTER TABLE `j2j_connectedcompany` DISABLE KEYS */;
/*!40000 ALTER TABLE `j2j_connectedcompany` ENABLE KEYS */;
UNLOCK TABLES;

--
-- Table structure for table `j2j_contants`
--

DROP TABLE IF EXISTS `j2j_contants`;
/*!40101 SET @saved_cs_client     = @@character_set_client */;
 SET character_set_client = utf8 ;
CREATE TABLE `j2j_contants` (
  `id` int(11) NOT NULL AUTO_INCREMENT,
  `value` varchar(100) NOT NULL,
  `language` varchar(55) NOT NULL,
  `const_type` varchar(45) NOT NULL,
  PRIMARY KEY (`id`)
) ENGINE=InnoDB AUTO_INCREMENT=7 DEFAULT CHARSET=latin1;
/*!40101 SET character_set_client = @saved_cs_client */;

--
-- Dumping data for table `j2j_contants`
--

LOCK TABLES `j2j_contants` WRITE;
/*!40000 ALTER TABLE `j2j_contants` DISABLE KEYS */;
INSERT INTO `j2j_contants` VALUES (2,'Doktor','DE','title2'),(3,'Professor','DE','title2'),(5,'Herr','DE','title'),(6,'Frau','DE','title');
/*!40000 ALTER TABLE `j2j_contants` ENABLE KEYS */;
UNLOCK TABLES;

--
-- Table structure for table `j2j_country`
--

DROP TABLE IF EXISTS `j2j_country`;
/*!40101 SET @saved_cs_client     = @@character_set_client */;
 SET character_set_client = utf8 ;
CREATE TABLE `j2j_country` (
  `id` int(11) NOT NULL AUTO_INCREMENT,
  `title` varchar(50) NOT NULL,
  `status` smallint(6) NOT NULL DEFAULT '1',
  PRIMARY KEY (`id`),
  UNIQUE KEY `title_UNIQUE` (`title`)
) ENGINE=InnoDB AUTO_INCREMENT=207 DEFAULT CHARSET=utf8;
/*!40101 SET character_set_client = @saved_cs_client */;

--
-- Dumping data for table `j2j_country`
--

LOCK TABLES `j2j_country` WRITE;
/*!40000 ALTER TABLE `j2j_country` DISABLE KEYS */;
/*!40000 ALTER TABLE `j2j_country` ENABLE KEYS */;
UNLOCK TABLES;

--
-- Table structure for table `j2j_distance`
--

DROP TABLE IF EXISTS `j2j_distance`;
/*!40101 SET @saved_cs_client     = @@character_set_client */;
 SET character_set_client = utf8 ;
CREATE TABLE `j2j_distance` (
  `title` varchar(50) NOT NULL,
  `status` smallint(6) NOT NULL DEFAULT '1',
  PRIMARY KEY (`title`)
) ENGINE=InnoDB DEFAULT CHARSET=utf8;
/*!40101 SET character_set_client = @saved_cs_client */;

--
-- Dumping data for table `j2j_distance`
--

LOCK TABLES `j2j_distance` WRITE;
/*!40000 ALTER TABLE `j2j_distance` DISABLE KEYS */;
INSERT INTO `j2j_distance` VALUES ('10',1),('15',1),('20',1),('5',1),('50',1);
/*!40000 ALTER TABLE `j2j_distance` ENABLE KEYS */;
UNLOCK TABLES;

--
-- Table structure for table `j2j_education`
--

DROP TABLE IF EXISTS `j2j_education`;
/*!40101 SET @saved_cs_client     = @@character_set_client */;
 SET character_set_client = utf8 ;
CREATE TABLE `j2j_education` (
  `id` int(11) NOT NULL AUTO_INCREMENT,
  `applicationid` int(11) NOT NULL,
  `degree` int(11) NOT NULL,
  `field` varchar(45) NOT NULL,
  `univercity` varchar(45) NOT NULL,
  `country` varchar(45) NOT NULL,
  `createdate` datetime NOT NULL,
  `updatedate` datetime NOT NULL,
  PRIMARY KEY (`id`)
) ENGINE=InnoDB DEFAULT CHARSET=utf8;
/*!40101 SET character_set_client = @saved_cs_client */;

--
-- Dumping data for table `j2j_education`
--

LOCK TABLES `j2j_education` WRITE;
/*!40000 ALTER TABLE `j2j_education` DISABLE KEYS */;
/*!40000 ALTER TABLE `j2j_education` ENABLE KEYS */;
UNLOCK TABLES;

--
-- Table structure for table `j2j_emailtext`
--

DROP TABLE IF EXISTS `j2j_emailtext`;
/*!40101 SET @saved_cs_client     = @@character_set_client */;
 SET character_set_client = utf8 ;
CREATE TABLE `j2j_emailtext` (
  `id` int(11) NOT NULL AUTO_INCREMENT,
  `title` varchar(200) NOT NULL DEFAULT '-',
  `text` text,
  `texttype` varchar(45) DEFAULT 'email',
  `status` smallint(6) DEFAULT '1',
  PRIMARY KEY (`id`)
) ENGINE=InnoDB AUTO_INCREMENT=2 DEFAULT CHARSET=latin1;
/*!40101 SET character_set_client = @saved_cs_client */;

--
-- Dumping data for table `j2j_emailtext`
--

LOCK TABLES `j2j_emailtext` WRITE;
/*!40000 ALTER TABLE `j2j_emailtext` DISABLE KEYS */;
INSERT INTO `j2j_emailtext` VALUES (1,'First Test Text','Ready Text for Email 1\r\nReady Text for Email 2\r\nReady Text for Email 3\r\nReady Text for Email 4\r\n','email',1);
/*!40000 ALTER TABLE `j2j_emailtext` ENABLE KEYS */;
UNLOCK TABLES;

--
-- Table structure for table `j2j_frontlog`
--

DROP TABLE IF EXISTS `j2j_frontlog`;
/*!40101 SET @saved_cs_client     = @@character_set_client */;
 SET character_set_client = utf8 ;
CREATE TABLE `j2j_frontlog` (
  `id` int(11) NOT NULL AUTO_INCREMENT,
  `userid` int(11) NOT NULL,
  `logdesc` varchar(2000) NOT NULL DEFAULT 'Keine Kommentar',
  `iscandidate` smallint(6) NOT NULL DEFAULT '1',
  `logdate` datetime NOT NULL,
  PRIMARY KEY (`id`,`userid`),
  KEY `FK_FRONTLOG_USER_idx` (`userid`),
  CONSTRAINT `FK_FRONTLOG_USER` FOREIGN KEY (`userid`) REFERENCES `j2j_users` (`id`) ON DELETE CASCADE ON UPDATE CASCADE
) ENGINE=InnoDB AUTO_INCREMENT=22 DEFAULT CHARSET=latin1;
/*!40101 SET character_set_client = @saved_cs_client */;

--
-- Dumping data for table `j2j_frontlog`
--

LOCK TABLES `j2j_frontlog` WRITE;
/*!40000 ALTER TABLE `j2j_frontlog` DISABLE KEYS */;
INSERT INTO `j2j_frontlog` VALUES (1,9,'JobFav:53',1,'2017-10-07 15:54:18'),(2,9,'JobApply:53',1,'2017-10-07 15:54:20'),(3,9,'JobFav:52',1,'2017-10-07 15:54:23'),(4,9,'JobApply:52',1,'2017-10-07 15:54:25'),(5,9,'JobFav:29',1,'2017-10-07 15:54:27'),(6,9,'JobApply:29',1,'2017-10-07 15:54:29'),(7,9,'JobFav:28',1,'2017-10-07 15:54:31'),(8,9,'JobFav:26',1,'2017-10-07 15:54:35'),(9,9,'JobFav:21',1,'2017-10-07 15:54:38'),(10,9,'JobFav:22',1,'2017-10-07 15:54:40'),(11,9,'JobApply:22',1,'2017-10-07 15:54:40'),(12,9,'JobApply:21',1,'2017-10-07 15:54:42'),(13,9,'JobApply:26',1,'2017-10-07 15:54:44'),(14,9,'JobFav:23',1,'2017-10-07 15:54:49'),(15,9,'JobApply:23',1,'2017-10-07 15:54:51'),(16,9,'JobApply:25',1,'2017-10-07 15:55:05'),(19,9,'JobApply:53',1,'2017-10-13 16:30:14'),(20,9,'JobFav:14',1,'2017-10-13 16:30:45'),(21,9,'JobApply:14',1,'2017-10-13 16:30:47');
/*!40000 ALTER TABLE `j2j_frontlog` ENABLE KEYS */;
UNLOCK TABLES;

--
-- Table structure for table `j2j_jobposition`
--

DROP TABLE IF EXISTS `j2j_jobposition`;
/*!40101 SET @saved_cs_client     = @@character_set_client */;
 SET character_set_client = utf8 ;
CREATE TABLE `j2j_jobposition` (
  `id` int(11) NOT NULL AUTO_INCREMENT,
  `companyid` int(11) NOT NULL,
  `title` varchar(80) NOT NULL,
  `subtitle` varchar(500) NOT NULL,
  `postcode` varchar(20) NOT NULL,
  `city` varchar(80) NOT NULL,
  `country` varchar(80) NOT NULL DEFAULT 'Deutschland',
  `comments` text,
  `jobstartdate` datetime NOT NULL,
  `duration` smallint(6) NOT NULL DEFAULT '0',
  `extends` smallint(6) NOT NULL DEFAULT '0',
  `showdate` datetime NOT NULL,
  `expiredate` datetime NOT NULL,
  `branch` int(11) NOT NULL,
  `vacancy` int(11) NOT NULL DEFAULT '0',
  `worktype` int(11) NOT NULL DEFAULT '0',
  `userid` int(11) NOT NULL DEFAULT '0',
  `status` smallint(6) NOT NULL DEFAULT '1',
  `createdate` timestamp(6) NOT NULL DEFAULT CURRENT_TIMESTAMP(6),
  `updatedate` timestamp(6) NOT NULL DEFAULT CURRENT_TIMESTAMP(6),
  PRIMARY KEY (`id`),
  KEY `FK_COMPANY_JOBPOSITION_idx` (`companyid`),
  KEY `FK_JOBPOSITION_VACANCY_idx` (`vacancy`),
  KEY `FK_JOBPOSITION_USER_idx` (`userid`),
  KEY `FK_JOBPOSITION_WORKTYPE_idx` (`worktype`),
  KEY `FK_JOBPOSITION_BRANCH_idx` (`branch`),
  CONSTRAINT `FK_COMPANY_JOBPOSITION` FOREIGN KEY (`companyid`) REFERENCES `j2j_company` (`id`) ON DELETE CASCADE ON UPDATE CASCADE,
  CONSTRAINT `FK_JOBPOSITION_BRANCH` FOREIGN KEY (`branch`) REFERENCES `j2j_branch` (`id`) ON DELETE CASCADE ON UPDATE CASCADE,
  CONSTRAINT `FK_JOBPOSITION_USER` FOREIGN KEY (`userid`) REFERENCES `j2j_users` (`id`) ON DELETE CASCADE ON UPDATE CASCADE,
  CONSTRAINT `FK_JOBPOSITION_VACANCY` FOREIGN KEY (`vacancy`) REFERENCES `j2j_vacancy` (`id`) ON DELETE CASCADE ON UPDATE CASCADE
) ENGINE=InnoDB AUTO_INCREMENT=38 DEFAULT CHARSET=utf8;
/*!40101 SET character_set_client = @saved_cs_client */;

--
-- Dumping data for table `j2j_jobposition`
--

LOCK TABLES `j2j_jobposition` WRITE;
/*!40000 ALTER TABLE `j2j_jobposition` DISABLE KEYS */;
INSERT INTO `j2j_jobposition` VALUES (2,18,'test job 1','test job 1','30419','Hannover','Deutschland',NULL,'2019-01-01 00:00:00',0,0,'2019-01-01 00:00:00','2019-10-01 00:00:00',1,1,1,1,1,'2018-11-27 19:11:37.822673','2018-11-27 19:11:37.822673'),(3,18,'test job 2','test job 2','30556','Hannover','Deutschland',NULL,'2019-01-01 00:00:00',0,0,'2019-01-01 00:00:00','2019-10-01 00:00:00',1,1,1,1,1,'2018-11-27 19:12:23.965168','2018-11-27 19:12:23.965168'),(4,18,'test job 3','test job 3','30011','Köln','Deutschland',NULL,'2019-01-01 00:00:00',0,0,'2019-01-01 00:00:00','2019-10-01 00:00:00',1,1,1,1,1,'2018-11-27 19:13:05.685724','2018-11-27 19:13:05.685724'),(5,18,'test job 4','test job 1','30556','Hameln','Deutschland',NULL,'2018-11-30 19:01:35',0,0,'2018-11-30 19:01:35','2018-12-30 19:01:35',2,2,2,1,1,'2018-11-30 18:01:35.430581','2018-11-30 18:01:35.430581'),(6,18,'test job 5','test job 1','30011','Köln','Deutschland',NULL,'2018-11-30 19:01:35',0,0,'2018-11-30 19:01:35','2018-12-30 19:01:35',3,2,3,1,1,'2018-11-30 18:01:35.441592','2018-11-30 18:01:35.441592'),(7,18,'test job 6','test job 1','30123','Hannover','Deutschland',NULL,'2018-11-30 19:01:35',0,0,'2018-11-30 19:01:35','2018-12-30 19:01:35',4,2,4,1,1,'2018-11-30 18:01:35.441945','2018-11-30 18:01:35.441945'),(8,18,'test job 7','test job 1','30223','Hannover','Deutschland',NULL,'2018-11-30 19:01:35',0,0,'2018-11-30 19:01:35','2018-12-30 19:01:35',5,3,5,1,1,'2018-11-30 18:01:35.442265','2018-11-30 18:01:35.442265'),(9,18,'test job 8','test job 1','30011','Hameln','Deutschland',NULL,'2018-11-30 19:01:35',0,0,'2018-11-30 19:01:35','2018-12-30 19:01:35',6,3,2,1,1,'2018-11-30 18:01:35.442599','2018-11-30 18:01:35.442599'),(10,18,'test job 9','test job 1','30419','Hannover','Deutschland',NULL,'2018-11-30 19:01:35',0,0,'2018-11-30 19:01:35','2018-12-30 19:01:35',1,2,2,1,1,'2018-11-30 18:01:35.442876','2018-11-30 18:01:35.442876'),(11,18,'test job 10','test job 1','30419','Hannover','Deutschland',NULL,'2018-11-30 19:01:35',0,0,'2018-11-30 19:01:35','2018-12-30 19:01:35',2,2,2,1,1,'2018-11-30 18:01:35.443145','2018-11-30 18:01:35.443145'),(12,18,'test job 11','test job 1','30123','Köln','Deutschland',NULL,'2018-11-30 19:01:35',0,0,'2018-11-30 19:01:35','2018-12-30 19:01:35',3,1,2,1,1,'2018-11-30 18:01:35.443422','2018-11-30 18:01:35.443422'),(13,18,'test job 12','test job 1','30223','Hannover','Deutschland',NULL,'2018-11-30 19:01:35',0,0,'2018-11-30 19:01:35','2018-12-30 19:01:35',4,1,3,1,1,'2018-11-30 18:01:35.443621','2018-11-30 18:01:35.443621'),(14,18,'test job 13','test job 1','30011','Hannover','Deutschland',NULL,'2018-11-30 19:01:35',0,0,'2018-11-30 19:01:35','2018-12-30 19:01:35',5,3,4,1,1,'2018-11-30 18:01:35.443821','2018-11-30 18:01:35.443821'),(15,18,'test job 14','test job 1','30123','Hameln','Deutschland',NULL,'2018-11-30 19:01:35',0,0,'2018-11-30 19:01:35','2018-12-30 19:01:35',6,1,5,1,1,'2018-11-30 18:01:35.444022','2018-11-30 18:01:35.444022'),(16,18,'test job 15','test job 1','30419','Hannover','Deutschland',NULL,'2018-11-30 19:01:35',0,0,'2018-11-30 19:01:35','2018-12-30 19:01:35',1,2,3,1,1,'2018-11-30 18:01:35.444224','2018-11-30 18:01:35.444224'),(17,18,'test job 16','test job 1','30223','Hannover','Deutschland',NULL,'2018-11-30 19:01:35',0,0,'2018-11-30 19:01:35','2018-12-30 19:01:35',2,3,3,1,1,'2018-11-30 18:01:35.444425','2018-11-30 18:01:35.444425'),(18,18,'test job 17','test job 1','30123','Hameln','Deutschland',NULL,'2018-11-30 19:01:35',0,0,'2018-11-30 19:01:35','2018-12-30 19:01:35',3,1,4,1,1,'2018-11-30 18:01:35.444597','2018-11-30 18:01:35.444597'),(19,18,'test job 18','test job 1','30419','Hannover','Deutschland',NULL,'2018-11-30 19:01:35',0,0,'2018-11-30 19:01:35','2018-12-30 19:01:35',4,2,4,1,1,'2018-11-30 18:01:35.444769','2018-11-30 18:01:35.444769'),(20,18,'test job 19','test job 1','30419','Hannover','Deutschland',NULL,'2018-11-30 19:01:35',0,0,'2018-11-30 19:01:35','2018-12-30 19:01:35',5,3,5,1,1,'2018-11-30 18:01:35.444941','2018-11-30 18:01:35.444941'),(21,18,'test job 20','test job 1','30011','Hannover','Deutschland',NULL,'2018-11-30 19:01:35',0,0,'2018-11-30 19:01:35','2018-12-30 19:01:35',6,1,2,1,1,'2018-11-30 18:01:35.445112','2018-11-30 18:01:35.445112'),(22,18,'test job 21','test job 1','30419','Hameln','Deutschland',NULL,'2018-11-30 19:01:35',0,0,'2018-11-30 19:01:35','2018-12-30 19:01:35',1,2,2,1,1,'2018-11-30 18:01:35.445282','2018-11-30 18:01:35.445282'),(23,18,'test job 22','test job 1','30223','Hannover','Deutschland',NULL,'2018-11-30 19:01:35',0,0,'2018-11-30 19:01:35','2018-12-30 19:01:35',2,3,3,1,1,'2018-11-30 18:01:35.445452','2018-11-30 18:01:35.445452'),(24,18,'test job 23','test job 1','30223','Hannover','Deutschland',NULL,'2018-11-30 19:01:35',0,0,'2018-11-30 19:01:35','2018-12-30 19:01:35',3,1,3,1,1,'2018-11-30 18:01:35.445623','2018-11-30 18:01:35.445623'),(25,18,'test job 24','test job 1','30011','Hannover','Deutschland',NULL,'2018-11-30 19:01:35',0,0,'2018-11-30 19:01:35','2018-12-30 19:01:35',4,2,4,1,1,'2018-11-30 18:01:35.445794','2018-11-30 18:01:35.445794'),(26,18,'test job 25','test job 1','30419','Hannover','Deutschland',NULL,'2018-11-30 19:01:35',0,0,'2018-11-30 19:01:35','2018-12-30 19:01:35',5,3,5,1,1,'2018-11-30 18:01:35.445966','2018-11-30 18:01:35.445966'),(27,18,'test job 26','test job 1','30223','Hameln','Deutschland',NULL,'2018-11-30 19:01:35',0,0,'2018-11-30 19:01:35','2018-12-30 19:01:35',6,2,5,1,1,'2018-11-30 18:01:35.446137','2018-11-30 18:01:35.446137'),(28,18,'test job 27','test job 1','30223','Hannover','Deutschland',NULL,'2018-11-30 19:01:35',0,0,'2018-11-30 19:01:35','2018-12-30 19:01:35',2,2,2,1,1,'2018-11-30 18:01:35.446316','2018-11-30 18:01:35.446316'),(29,18,'test job 28','test job 1','30011','Hameln','Deutschland',NULL,'2018-11-30 19:01:35',0,0,'2018-11-30 19:01:35','2018-12-30 19:01:35',3,3,3,1,1,'2018-11-30 18:01:35.446538','2018-11-30 18:01:35.446538'),(37,18,'my new job','','23456','Hamburg','Deutschland','keine notiz!!!','2019-03-01 00:00:00',6,1,'2019-02-24 19:05:27','2020-03-13 00:00:00',2,3,4,85,2,'2019-02-24 18:05:27.069890','2019-02-24 18:05:27.069890');
/*!40000 ALTER TABLE `j2j_jobposition` ENABLE KEYS */;
UNLOCK TABLES;

--
-- Table structure for table `j2j_jobpositionseen`
--

DROP TABLE IF EXISTS `j2j_jobpositionseen`;
/*!40101 SET @saved_cs_client     = @@character_set_client */;
 SET character_set_client = utf8 ;
CREATE TABLE `j2j_jobpositionseen` (
  `id` int(11) NOT NULL AUTO_INCREMENT,
  `jobpos` int(11) NOT NULL,
  `ip` varchar(45) NOT NULL,
  `seenuserid` int(11) NOT NULL DEFAULT '0',
  `createdate` datetime NOT NULL,
  PRIMARY KEY (`id`),
  KEY `FK_JOBPOSSEEN_JOBPOSITION_idx` (`jobpos`),
  CONSTRAINT `FK_JOBPOSSEEN_JOBPOSITION` FOREIGN KEY (`jobpos`) REFERENCES `j2j_jobposition` (`id`) ON DELETE CASCADE ON UPDATE CASCADE
) ENGINE=InnoDB DEFAULT CHARSET=utf8;
/*!40101 SET character_set_client = @saved_cs_client */;

--
-- Dumping data for table `j2j_jobpositionseen`
--

LOCK TABLES `j2j_jobpositionseen` WRITE;
/*!40000 ALTER TABLE `j2j_jobpositionseen` DISABLE KEYS */;
/*!40000 ALTER TABLE `j2j_jobpositionseen` ENABLE KEYS */;
UNLOCK TABLES;

--
-- Table structure for table `j2j_jobpositionskill`
--

DROP TABLE IF EXISTS `j2j_jobpositionskill`;
/*!40101 SET @saved_cs_client     = @@character_set_client */;
 SET character_set_client = utf8 ;
CREATE TABLE `j2j_jobpositionskill` (
  `jobid` int(11) NOT NULL,
  `skill` varchar(100) NOT NULL,
  `created` datetime NOT NULL DEFAULT CURRENT_TIMESTAMP,
  PRIMARY KEY (`jobid`,`skill`),
  CONSTRAINT `FK_JOBPOSTIONSKILL_JOBPOSITION` FOREIGN KEY (`jobid`) REFERENCES `j2j_jobposition` (`id`) ON DELETE CASCADE ON UPDATE CASCADE
) ENGINE=InnoDB DEFAULT CHARSET=utf8;
/*!40101 SET character_set_client = @saved_cs_client */;

--
-- Dumping data for table `j2j_jobpositionskill`
--

LOCK TABLES `j2j_jobpositionskill` WRITE;
/*!40000 ALTER TABLE `j2j_jobpositionskill` DISABLE KEYS */;
INSERT INTO `j2j_jobpositionskill` VALUES (2,'C++','2018-11-29 00:25:45'),(2,'ENGINEERING','2018-11-29 00:25:45'),(2,'Java','2018-11-29 00:25:45'),(2,'JavaScript','2018-11-29 00:25:45'),(3,'C#','2018-11-29 00:25:45'),(3,'HTML','2018-11-29 00:25:45'),(3,'Java','2018-11-29 00:26:04'),(3,'JavaScript','2018-11-29 00:25:45'),(3,'Web Design','2018-11-29 00:25:45'),(4,'ENGINEERING','2018-11-29 00:25:45'),(4,'HTML','2018-11-29 00:25:45'),(4,'Java','2018-11-29 00:25:45'),(4,'Web Design','2018-11-29 00:25:45'),(5,'C#','2018-11-30 19:04:43'),(5,'JavaScript','2018-11-30 19:04:43'),(5,'Web Design','2018-11-30 19:04:43'),(6,'ECSCAD','2018-11-30 19:06:17'),(6,'KAUFMÄNNISCH','2018-11-30 19:06:17'),(6,'Staffing Strategie','2018-11-30 19:06:17'),(7,'C++','2018-11-30 19:11:26'),(7,'ENGINEERING','2018-11-30 19:11:26'),(7,'Softwareentwicklung','2018-11-30 19:11:26'),(8,'C#','2018-11-30 19:04:52'),(8,'JavaScript','2018-11-30 19:04:52'),(8,'Web Design','2018-11-30 19:04:52'),(9,'Java','2018-11-30 19:15:12'),(9,'JavaScript','2018-11-30 19:15:12'),(9,'Softwareentwicklung','2018-11-30 19:15:12'),(10,'C++','2018-11-30 19:11:51'),(10,'ENGINEERING','2018-11-30 19:11:51'),(10,'Softwareentwicklung','2018-11-30 19:11:51'),(11,'Hydraulikleitungen  Managment','2018-11-30 19:12:51'),(11,'Notfallmanagement','2018-11-30 19:12:50'),(11,'Wundmanagement','2018-11-30 19:12:51'),(12,'C#','2018-11-30 19:05:00'),(12,'JavaScript','2018-11-30 19:05:00'),(12,'Web Design','2018-11-30 19:05:00'),(13,'ECSCAD','2018-11-30 19:06:29'),(13,'KAUFMÄNNISCH','2018-11-30 19:06:28'),(13,'Staffing Strategie','2018-11-30 19:06:29'),(14,'C++','2018-11-30 19:11:58'),(14,'ENGINEERING','2018-11-30 19:11:58'),(14,'Softwareentwicklung','2018-11-30 19:11:58'),(15,'Java','2018-11-30 19:14:56'),(15,'JavaScript','2018-11-30 19:14:56'),(15,'Softwareentwicklung','2018-11-30 19:14:56'),(16,'Hydraulikleitungen  Managment','2018-11-30 19:13:09'),(16,'Notfallmanagement','2018-11-30 19:13:09'),(16,'Wundmanagement','2018-11-30 19:13:09'),(17,'Java','2018-11-30 19:14:41'),(17,'JavaScript','2018-11-30 19:14:41'),(17,'Softwareentwicklung','2018-11-30 19:14:41'),(18,'C#','2018-11-30 19:05:06'),(18,'JavaScript','2018-11-30 19:05:06'),(18,'Web Design','2018-11-30 19:05:06'),(19,'ECSCAD','2018-11-30 19:06:35'),(19,'KAUFMÄNNISCH','2018-11-30 19:06:35'),(19,'Staffing Strategie','2018-11-30 19:06:35'),(20,'Java','2018-11-30 19:14:09'),(20,'JavaScript','2018-11-30 19:14:09'),(20,'Softwareentwicklung','2018-11-30 19:14:09'),(21,'Java','2018-11-30 19:14:13'),(21,'JavaScript','2018-11-30 19:14:13'),(21,'Softwareentwicklung','2018-11-30 19:14:13'),(22,'C++','2018-11-30 19:12:04'),(22,'ENGINEERING','2018-11-30 19:12:04'),(22,'Softwareentwicklung','2018-11-30 19:12:04'),(23,'Hydraulikleitungen  Managment','2018-11-30 19:13:17'),(23,'Notfallmanagement','2018-11-30 19:13:17'),(23,'Wundmanagement','2018-11-30 19:13:17'),(24,'Java','2018-11-30 19:14:26'),(24,'JavaScript','2018-11-30 19:14:25'),(24,'Softwareentwicklung','2018-11-30 19:14:26'),(25,'C#','2018-11-30 19:05:15'),(25,'JavaScript','2018-11-30 19:05:15'),(25,'Web Design','2018-11-30 19:05:15'),(26,'ECSCAD','2018-11-30 19:06:44'),(26,'KAUFMÄNNISCH','2018-11-30 19:06:44'),(26,'Staffing Strategie','2018-11-30 19:06:44'),(27,'Hydraulikleitungen  Managment','2018-11-30 19:13:23'),(27,'Notfallmanagement','2018-11-30 19:13:23'),(27,'Wundmanagement','2018-11-30 19:13:23'),(28,'Hydraulikleitungen  Managment','2018-11-30 19:13:33'),(28,'Notfallmanagement','2018-11-30 19:13:33'),(28,'Wundmanagement','2018-11-30 19:13:33'),(29,'ECSCAD','2018-11-30 19:07:54'),(29,'KAUFMÄNNISCH','2018-11-30 19:07:54'),(29,'Staffing Strategie','2018-11-30 19:07:54'),(29,'Staffing-Managements','2018-11-30 19:07:54'),(37,'ECSCAD','2019-02-24 19:05:27'),(37,'JavaScript','2019-02-24 19:05:27');
/*!40000 ALTER TABLE `j2j_jobpositionskill` ENABLE KEYS */;
UNLOCK TABLES;

--
-- Table structure for table `j2j_jobpositiontasks`
--

DROP TABLE IF EXISTS `j2j_jobpositiontasks`;
/*!40101 SET @saved_cs_client     = @@character_set_client */;
 SET character_set_client = utf8 ;
CREATE TABLE `j2j_jobpositiontasks` (
  `id` int(11) NOT NULL AUTO_INCREMENT,
  `jobid` int(11) NOT NULL,
  `task` varchar(4000) NOT NULL,
  `createdate` timestamp(6) NOT NULL DEFAULT CURRENT_TIMESTAMP(6),
  `updatedate` timestamp(6) NOT NULL DEFAULT CURRENT_TIMESTAMP(6),
  PRIMARY KEY (`id`),
  KEY `FK_JOBPOSITION_TASK_idx` (`jobid`),
  CONSTRAINT `FK_JOBPOSITION_TASK` FOREIGN KEY (`jobid`) REFERENCES `j2j_jobposition` (`id`) ON DELETE CASCADE ON UPDATE CASCADE
) ENGINE=InnoDB AUTO_INCREMENT=6 DEFAULT CHARSET=utf8 COLLATE=utf8_0900_ai_ci;
/*!40101 SET character_set_client = @saved_cs_client */;

--
-- Dumping data for table `j2j_jobpositiontasks`
--

LOCK TABLES `j2j_jobpositiontasks` WRITE;
/*!40000 ALTER TABLE `j2j_jobpositiontasks` DISABLE KEYS */;
INSERT INTO `j2j_jobpositiontasks` VALUES (3,37,'aufgabe 1','2019-02-24 18:05:27.196286','2019-02-24 18:05:27.196286'),(4,37,'aufgabe 2','2019-02-24 18:05:27.199781','2019-02-24 18:05:27.199781'),(5,37,'aufgabe 3','2019-02-24 18:05:27.205325','2019-02-24 18:05:27.205325');
/*!40000 ALTER TABLE `j2j_jobpositiontasks` ENABLE KEYS */;
UNLOCK TABLES;

--
-- Table structure for table `j2j_languages`
--

DROP TABLE IF EXISTS `j2j_languages`;
/*!40101 SET @saved_cs_client     = @@character_set_client */;
 SET character_set_client = utf8 ;
CREATE TABLE `j2j_languages` (
  `id` varchar(45) NOT NULL,
  `index` int(11) NOT NULL DEFAULT '0',
  `title` varchar(45) NOT NULL,
  `photourl` varchar(200) DEFAULT NULL,
  `baseurl` varchar(45) NOT NULL,
  `status` smallint(6) NOT NULL DEFAULT '1',
  `createdate` datetime NOT NULL,
  `updatedate` datetime NOT NULL,
  PRIMARY KEY (`id`)
) ENGINE=InnoDB DEFAULT CHARSET=utf8;
/*!40101 SET character_set_client = @saved_cs_client */;

--
-- Dumping data for table `j2j_languages`
--

LOCK TABLES `j2j_languages` WRITE;
/*!40000 ALTER TABLE `j2j_languages` DISABLE KEYS */;
INSERT INTO `j2j_languages` VALUES ('de',1,'Deutsch','/web/images/flag_de.png','/de',0,'2016-09-16 13:07:42','2016-09-16 13:07:42'),('en',2,'English','/web/images/flag_us.png','/en',0,'2016-09-16 13:07:42','2016-09-16 13:07:42'),('fr',3,'French','/web/images/flag_fr.png','/fr',0,'2016-11-04 16:32:21','2016-11-04 16:32:21'),('nl',4,'Dutch','/web/images/flag_nd.png','/nd',0,'2016-11-04 16:51:13','2016-11-04 16:51:13');
/*!40000 ALTER TABLE `j2j_languages` ENABLE KEYS */;
UNLOCK TABLES;

--
-- Table structure for table `j2j_nationality`
--

DROP TABLE IF EXISTS `j2j_nationality`;
/*!40101 SET @saved_cs_client     = @@character_set_client */;
 SET character_set_client = utf8 ;
CREATE TABLE `j2j_nationality` (
  `title` varchar(50) NOT NULL,
  `status` smallint(6) NOT NULL DEFAULT '1',
  PRIMARY KEY (`title`)
) ENGINE=InnoDB DEFAULT CHARSET=utf8;
/*!40101 SET character_set_client = @saved_cs_client */;

--
-- Dumping data for table `j2j_nationality`
--

LOCK TABLES `j2j_nationality` WRITE;
/*!40000 ALTER TABLE `j2j_nationality` DISABLE KEYS */;
INSERT INTO `j2j_nationality` VALUES ('',1),('ägyptisch',1),('albanisch',1),('algerisch',1),('amerikanisch',1),('andorranisch',1),('angolanisch',1),('antiguanisch',1),('äquatorialguineisch',1),('argentinisch',1),('armenisch',1),('aserbaidschanisch',1),('äthiopisch',1),('australisch',1),('bahamaisch',1),('bahrainisch',1),('bangladeschisch',1),('barbadisch',1),('belgisch',1),('belizisch',1),('beninisch',1),('bhutanisch',1),('bolivianisch',1),('bosnisch',1),('botsuanisch',1),('brasilianisch',1),('britisch',1),('bruneiisch',1),('bulgarisch',1),('burkinisch',1),('burundisch',1),('chilenisch',1),('chinesisch',1),('costa-ricanisch',1),('dänisch',1),('deutsch',1),('dominicanisch',1),('dominikanisch',1),('dschibutisch',1),('ecuadorianisch',1),('englisch',1),('eritreisch',1),('estnisch',1),('fidschianisch',1),('finnisch',1),('französisch',1),('gabunisch',1),('gambisch',1),('georgisch',1),('ghanaisch',1),('grenadisch',1),('griechisch',1),('grönländisch',1),('guatemaltekisch',1),('guinea-bissauisch',1),('guineisch',1),('guyanisch',1),('haitianisch',1),('herzegowinisch',1),('honduranisch',1),('indisch',1),('indonesisch',1),('irakisch',1),('iranisch',1),('irisch',1),('isländisch',1),('israelisch',1),('italienisch',1),('ivorisch',1),('jamaikanisch',1),('japanisch',1),('jemenitisch',1),('jordanisch',1),('kambodschanisch',1),('kamerunisch',1),('kanadisch',1),('kapverdisch ',1),('kasachisch',1),('katarisch',1),('kenianisch',1),('kirgisisch',1),('kiribatisch',1),('kolumbianisch',1),('komorisch',1),('kongolesisch',1),('kosovarisch',1),('kroatisch',1),('kubanisch',1),('kuwaitisch',1),('laotisch',1),('lesothisch',1),('lettisch',1),('libanesisch',1),('liberianisch',1),('libysch',1),('liechtensteinisch',1),('litauisch',1),('lucianisch',1),('luxemburgisch',1),('madagassisch',1),('malawisch',1),('malaysisch',1),('maledivisch',1),('malisch',1),('maltesisch',1),('marokkanisch',1),('marshallisch',1),('mauretanisch',1),('mauritisch',1),('mazedonisch',1),('mexikanisch',1),('mikronesisch',1),('moldauisch',1),('monegassisch',1),('mongolisch',1),('montenegrinisch',1),('mosambikanisch',1),('myanmarisch',1),('namibisch',1),('nauruisch',1),('nepalesisch',1),('neuseeländisch',1),('nicaraguanisch',1),('niederländisch',1),('nigerianisch',1),('nigrisch',1),('nordkoreanisch',1),('norwegisch',1),('omanisch',1),('österreichisch',1),('pakistanisch',1),('palästinensisch',1),('palauisch',1),('panamaisch',1),('papua-neuguineisch',1),('paraguayisch',1),('peruanisch',1),('philippinisch',1),('polnisch',1),('portugiesisch',1),('puerto-ricanisch',1),('ruandisch',1),('rumänisch',1),('russisch',1),('salomonisch',1),('salvadorianisch',1),('sambisch',1),('samoanisch',1),('san-marinesisch',1),('são-toméisch',1),('saudi-arabisch',1),('schottisch',1),('schwedisch',1),('schweizerisch',1),('senegalesisch',1),('serbisch',1),('seychellisch',1),('sierra-leonisch',1),('simbabwisch',1),('singapurisch',1),('slowakisch',1),('slowenisch',1),('somalisch',1),('spanisch',1),('sri-lankisch',1),('südafrikanisch',1),('sudanesisch',1),('südkoreanisch',1),('surinamisch',1),('swasiländisch',1),('syrisch',1),('tadschikisch',1),('taiwanisch',1),('tansanisch',1),('thailändisch',1),('tibetisch',1),('timoresisch',1),('togoisch',1),('tongaisch',1),('tschadisch',1),('tschechisch',1),('tunesisch',1),('türkisch',1),('turkmenisch',1),('tuvaluisch',1),('ugandisch',1),('ukrainisch',1),('ungarisch',1),('uruguayisch',1),('usbekisch',1),('vanuatuisch',1),('vatikanisch',1),('venezolanisch',1),('vietnamesisch',1),('vincentisch',1),('walisisch',1),('weißrussisch ',1),('zentralafrikanisch',1),('zyprisch',1),('﻿afghanisch',1);
/*!40000 ALTER TABLE `j2j_nationality` ENABLE KEYS */;
UNLOCK TABLES;

--
-- Table structure for table `j2j_navigation`
--

DROP TABLE IF EXISTS `j2j_navigation`;
/*!40101 SET @saved_cs_client     = @@character_set_client */;
 SET character_set_client = utf8 ;
CREATE TABLE `j2j_navigation` (
  `id` int(11) NOT NULL AUTO_INCREMENT,
  `parentid` int(11) DEFAULT '0',
  `app` varchar(45) NOT NULL DEFAULT 'backend',
  `language` varchar(45) NOT NULL DEFAULT 'en',
  `title` varchar(45) NOT NULL,
  `url` varchar(45) NOT NULL DEFAULT '#',
  `onclick` varchar(200) DEFAULT NULL,
  `image` varchar(200) DEFAULT NULL,
  `position` smallint(6) NOT NULL DEFAULT '1',
  `createdate` datetime NOT NULL,
  `updatedate` datetime NOT NULL,
  `status` smallint(6) NOT NULL DEFAULT '1',
  PRIMARY KEY (`id`),
  KEY `FK_NAVIGATION_LANGUAGE_idx` (`language`),
  CONSTRAINT `FK_NAVIGATION_LANGUAGE` FOREIGN KEY (`language`) REFERENCES `j2j_languages` (`id`) ON DELETE CASCADE ON UPDATE CASCADE
) ENGINE=InnoDB AUTO_INCREMENT=55 DEFAULT CHARSET=utf8;
/*!40101 SET character_set_client = @saved_cs_client */;

--
-- Dumping data for table `j2j_navigation`
--

LOCK TABLES `j2j_navigation` WRITE;
/*!40000 ALTER TABLE `j2j_navigation` DISABLE KEYS */;
INSERT INTO `j2j_navigation` VALUES (1,0,'backend','en','Home','site/index',NULL,'glyphicon-home',1,'2016-09-16 13:13:52','2016-09-16 13:13:52',1),(2,0,'backend','de','erste Seite','site/index',NULL,'glyphicon-home',1,'2016-09-16 13:13:52','2016-09-16 13:13:52',1),(3,0,'backend','en','Einstellungen','#',NULL,'glyphicon-wrench',30,'2016-09-16 13:16:20','2016-09-16 13:16:20',1),(4,0,'backend','de','Einstellungen','#',NULL,'glyphicon-wrench',30,'2016-09-16 13:16:20','2016-09-16 13:16:20',1),(5,3,'backend','en','Benutzer','users/index',NULL,'glyphicon-user',1,'2016-09-16 13:19:49','2016-09-16 13:19:49',1),(6,3,'backend','en','Benutzergruppen','usergroup/index',NULL,'glyphicon-tasks',2,'2016-09-16 13:19:49','2016-09-16 13:19:49',1),(7,3,'backend','en','Skills','skills/index',NULL,'glyphicon-align-left',3,'2016-09-16 13:19:49','2016-09-16 13:19:49',1),(8,4,'backend','de','Benutzer','users/index',NULL,'glyphicon-user',1,'2016-09-16 13:19:49','2016-09-16 13:19:49',1),(9,4,'backend','de','Benutzergruppen','usergroup/index',NULL,'glyphicon-tasks',2,'2016-09-16 13:19:49','2016-09-16 13:19:49',1),(10,4,'backend','de','Fähigkeiten','skills/index',NULL,'glyphicon-align-left',3,'2016-09-16 13:19:49','2016-09-16 13:19:49',1),(11,0,'backend','en','Utils','utils/index',NULL,'glyphicon-certificate',50,'2016-09-16 13:52:07','2016-09-16 13:52:07',1),(12,0,'backend','de','Utils','utils/index',NULL,'glyphicon-certificate',50,'2016-09-16 13:52:07','2016-09-16 13:52:07',1),(13,3,'backend','en','Language','languages/index',NULL,'glyphicon-font',4,'2016-09-18 13:05:02','2016-09-18 13:05:02',1),(14,4,'backend','de','Sprache','languages/index',NULL,'glyphicon-font',4,'2016-09-18 13:05:03','2016-09-18 13:05:03',1),(15,0,'backend','en','Unternehmen','company/index',NULL,'glyphicon-modal-window',5,'2016-09-22 10:28:33','2016-09-22 10:28:33',1),(16,0,'backend','de','Unternehmen','company/index',NULL,'glyphicon-modal-window',5,'2016-09-22 10:28:33','2016-09-22 10:28:33',1),(17,0,'backend','en','Stellenanzeige','jobpos/index',NULL,'glyphicon-bullhorn',7,'2016-09-22 10:28:33','2016-09-22 10:28:33',1),(18,0,'backend','de','Stellenanzeige','jobpos/index',NULL,'glyphicon-bullhorn',7,'2016-09-22 10:28:33','2016-09-22 10:28:33',1),(19,0,'backend','en','Bewerber','candidate/index',NULL,'glyphicon-blackboard',8,'2016-09-22 10:28:33','2016-09-22 10:28:33',1),(20,0,'backend','de','Bewerber','Candidate/index',NULL,'glyphicon-blackboard',8,'2016-09-22 10:28:33','2016-09-22 10:28:33',1),(21,0,'frontend','en','Home','site/home','gotopage(\'dvhome\');','glyphicon-home',1,'0000-00-00 00:00:00','0000-00-00 00:00:00',1),(22,0,'frontend','de','erste Seite','site/home',NULL,'glyphicon-home',1,'0000-00-00 00:00:00','0000-00-00 00:00:00',1),(23,0,'frontend','en','Bewerber','site/candidate',NULL,'glyphicon-home',2,'0000-00-00 00:00:00','0000-00-00 00:00:00',1),(24,0,'frontend','de','Bewerber','site/candidate',NULL,'glyphicon-home',2,'0000-00-00 00:00:00','0000-00-00 00:00:00',1),(25,0,'frontend','en','Unternehmen','site/company',NULL,'glyphicon-home',3,'0000-00-00 00:00:00','0000-00-00 00:00:00',1),(26,0,'frontend','de','Unternehmen','site/company',NULL,'glyphicon-home',3,'0000-00-00 00:00:00','0000-00-00 00:00:00',1),(27,0,'frontend','en','Contact','site/contact',NULL,'glyphicon-home',4,'0000-00-00 00:00:00','0000-00-00 00:00:00',1),(28,0,'frontend','de','Kontakt','site/contact',NULL,'glyphicon-home',4,'0000-00-00 00:00:00','0000-00-00 00:00:00',1),(29,0,'frontend','en','about','site/about',NULL,'glyphicon-home',4,'0000-00-00 00:00:00','0000-00-00 00:00:00',1),(30,0,'frontend','de','uber uns','site/about',NULL,'glyphicon-home',4,'0000-00-00 00:00:00','0000-00-00 00:00:00',1),(31,0,'frontright','en','Home','site/index',NULL,NULL,1,'2016-09-27 11:07:03','2016-09-27 11:07:03',1),(32,0,'frontright','de','erste Seite','site/index',NULL,NULL,1,'2016-09-27 11:07:03','2016-09-27 11:07:03',1),(33,0,'frontright','en','Job Search','site/jobsearch',NULL,NULL,2,'2016-09-27 11:07:03','2016-09-27 11:07:03',1),(34,0,'frontright','de','Job Suchen','site/jobsearch',NULL,NULL,2,'2016-09-27 11:07:03','2016-09-27 11:07:03',1),(35,0,'frontright','en','Filialen','site/branches',NULL,NULL,3,'2016-09-27 11:07:03','2016-09-27 11:07:03',1),(36,0,'frontright','de','Filialen','site/branches',NULL,NULL,3,'2016-09-27 11:07:03','2016-09-27 11:07:03',1),(37,0,'frontright','en','Contact','site/contact',NULL,NULL,4,'2016-09-27 11:07:03','2016-09-27 11:07:03',1),(38,0,'frontright','de','Kontakt','site/contact',NULL,NULL,4,'2016-09-27 11:07:03','2016-09-27 11:07:03',1),(39,0,'frontright','en','Initiative Application','site/initiativeapp',NULL,NULL,5,'2016-09-27 11:07:03','2016-09-27 11:07:03',1),(40,0,'frontright','de','Initiativbewerbung','site/initiativeapp',NULL,NULL,5,'2016-09-27 11:07:03','2016-09-27 11:07:03',1),(41,3,'backend','en','Email Ready Text','emailtext/index',NULL,'glyphicon-envelope',5,'0000-00-00 00:00:00','0000-00-00 00:00:00',1),(42,4,'backend','de','E-Mail bereit Text','emailtext/index',NULL,'glyphicon-envelope',5,'0000-00-00 00:00:00','0000-00-00 00:00:00',1),(43,3,'backend','en','Message User List','tgtmsguser/index',NULL,'glyphicon-align-justify',6,'2016-09-28 12:54:12','2016-09-28 12:54:12',1),(44,4,'backend','de','Nachricht Benutzerliste','tgtmsguser/index',NULL,'glyphicon-align-justify',6,'2016-09-28 12:54:12','2016-09-28 12:54:12',1),(45,0,'backend','de','Personalentscheider','pdt/index',NULL,'glyphicon-eye-open',6,'2017-07-12 12:54:12','2017-07-12 12:54:12',1),(46,0,'backend','en','Personalentscheider','pdt/index',NULL,'glyphicon-eye-open',6,'2017-07-12 12:54:12','2017-07-12 12:54:12',1),(47,0,'backend','de','hochgeladene Dateien','upfiles/index',NULL,'glyphicon-open-file',9,'2016-09-16 13:52:07','2016-09-16 13:52:07',1),(48,0,'backend','en','hochgeladene Dateien','upfiles/index',NULL,'glyphicon-open-file',9,'2016-09-16 13:52:07','2016-09-16 13:52:07',1),(49,0,'backend','de','Bewerbungen','apply/index?status=0',NULL,'glyphicon-ok-sign',10,'2016-09-16 13:52:07','2016-09-16 13:52:07',1),(50,0,'backend','en','Bewerbungen','apply/index?status=0',NULL,'glyphicon-ok-sign',10,'2016-09-16 13:52:07','2016-09-16 13:52:07',1),(51,0,'backend','de','Rückruf Antrag','callrequest/index?status=0',NULL,'glyphicon-earphone',11,'2016-09-16 13:52:07','2016-09-16 13:52:07',1),(52,0,'backend','en','Rückruf Antrag','callrequest/index?status=0',NULL,'glyphicon-earphone',11,'2016-09-16 13:52:07','2016-09-16 13:52:07',1),(53,0,'backend','de','Geschehen','events/index',NULL,'glyphicon-list-alt',12,'2016-09-16 13:52:07','2016-09-16 13:52:07',1),(54,0,'backend','en','Geschehen','events/index',NULL,'glyphicon-list-alt',12,'2016-09-16 13:52:07','2016-09-16 13:52:07',1);
/*!40000 ALTER TABLE `j2j_navigation` ENABLE KEYS */;
UNLOCK TABLES;

--
-- Table structure for table `j2j_personaldecisionmaker`
--

DROP TABLE IF EXISTS `j2j_personaldecisionmaker`;
/*!40101 SET @saved_cs_client     = @@character_set_client */;
 SET character_set_client = utf8 ;
CREATE TABLE `j2j_personaldecisionmaker` (
  `userid` int(11) NOT NULL,
  `companyid` int(11) NOT NULL,
  `title` varchar(15) DEFAULT '',
  `title2` varchar(45) DEFAULT '',
  `email` varchar(100) NOT NULL,
  `cellphone` varchar(45) DEFAULT NULL,
  `tel` varchar(45) DEFAULT NULL,
  `reachability` varchar(45) DEFAULT NULL,
  `contacttime` varchar(45) DEFAULT NULL,
  `isdeputy` smallint(6) NOT NULL DEFAULT '1',
  `createdate` timestamp(6) NOT NULL DEFAULT CURRENT_TIMESTAMP(6),
  `updatedate` timestamp(6) NULL DEFAULT CURRENT_TIMESTAMP(6),
  PRIMARY KEY (`userid`),
  KEY `FK_PERSONALDECMAKER_USER_idx` (`userid`),
  CONSTRAINT `FK_PERSONALDECMAKER_USER` FOREIGN KEY (`userid`) REFERENCES `j2j_users` (`id`) ON DELETE CASCADE ON UPDATE CASCADE
) ENGINE=InnoDB DEFAULT CHARSET=utf8;
/*!40101 SET character_set_client = @saved_cs_client */;

--
-- Dumping data for table `j2j_personaldecisionmaker`
--

LOCK TABLES `j2j_personaldecisionmaker` WRITE;
/*!40000 ALTER TABLE `j2j_personaldecisionmaker` DISABLE KEYS */;
INSERT INTO `j2j_personaldecisionmaker` VALUES (85,18,'Frau','','firma@f.de',NULL,'',NULL,NULL,0,'2018-10-31 23:00:00.000000','2018-11-01 14:25:42.689028');
/*!40000 ALTER TABLE `j2j_personaldecisionmaker` ENABLE KEYS */;
UNLOCK TABLES;

--
-- Table structure for table `j2j_postcode`
--

DROP TABLE IF EXISTS `j2j_postcode`;
/*!40101 SET @saved_cs_client     = @@character_set_client */;
 SET character_set_client = utf8 ;
CREATE TABLE `j2j_postcode` (
  `id` int(11) NOT NULL AUTO_INCREMENT,
  `code` varchar(45) DEFAULT NULL,
  `city` varchar(45) DEFAULT NULL,
  `status` smallint(6) NOT NULL DEFAULT '1',
  PRIMARY KEY (`id`)
) ENGINE=InnoDB AUTO_INCREMENT=14957 DEFAULT CHARSET=latin1;
/*!40101 SET character_set_client = @saved_cs_client */;

--
-- Dumping data for table `j2j_postcode`
--

LOCK TABLES `j2j_postcode` WRITE;
/*!40000 ALTER TABLE `j2j_postcode` DISABLE KEYS */;
INSERT INTO `j2j_postcode` VALUES (1001,'6536','Breitungen',1),(1002,'6536','Questenberg',1),(1003,'6536','Berga',1),(1004,'6536','Bennungen',1),(1005,'6537','Tilleda',1),(1006,'6537','Kelbra',1),(1007,'6542','Katharinenrieth',1),(1008,'6542','Wolferstedt',1),(1009,'6542','Winkel',1),(1010,'6542','Nienstedt',1),(1011,'6542','Niederröblingen',1),(1012,'6542','Mittelhausen',1),(1013,'6542','Allstedt',1),(1014,'6543','Ulzigerode',1),(1015,'6543','Stangerode',1),(1016,'6543','Ritzgerode',1),(1017,'6543','Hermerode',1),(1018,'6543','Wippra',1),(1019,'6543','Wieserode',1),(1020,'6543','Friesdorf',1),(1021,'6543','Braunschwende',1),(1022,'6543','Pansfelde',1),(1023,'6543','Molmerswende',1),(1024,'6543','Alterode',1),(1025,'6543','Abberode',1),(1026,'6547','Stolberg (Harz)',1),(1027,'6547','Schwenda',1),(1028,'6547','Breitenstein',1),(1029,'6548','Uftrungen',1),(1030,'6548','Rottleberode',1),(1031,'6556','Ichstedt',1),(1032,'6556','Ringleben',1),(1033,'6556','Voigtstedt',1),(1034,'6556','Bretleben',1),(1035,'6556','Reinsdorf',1),(1036,'6556','Borxleben',1),(1037,'6556','Kalbsrieth',1),(1038,'6556','Artern',1),(1039,'6556','Mönchpfiffel-Nikolausrieth',1),(1040,'6556','Heygendorf',1),(1041,'6567','Göllingen',1),(1042,'6567','Bad Frankenhausen',1),(1043,'6567','Steinthaleben',1),(1044,'6567','Seega',1),(1045,'6567','Esperstedt',1),(1046,'6567','Günserode',1),(1047,'6567','Rottleben',1),(1048,'6571','Gehofen',1),(1049,'6571','Wiehe',1),(1050,'6571','Donndorf',1),(1051,'6571','Nausitz',1),(1052,'6571','Roßleben',1),(1053,'6577','Etzleben',1),(1054,'6577','Gorsleben',1),(1055,'6577','Hauteroda',1),(1056,'6577','Oberheldrungen',1),(1057,'6577','Hemleben',1),(1058,'6577','Heldrungen',1),(1059,'6578','Bilzingsleben',1),(1060,'6578','Oldisleben',1),(1061,'6578','Kannawurf',1),(1062,'6618','Utenbach',1),(1063,'6618','Schönburg',1),(1064,'6618','Leislau',1),(1065,'6618','Janisroda',1),(1066,'6618','Wethau',1),(1067,'6618','Casekirchen',1),(1068,'6618','Prießnitz',1),(1069,'6618','Pödelist',1),(1070,'6618','Naumburg',1),(1071,'6618','Molau',1),(1072,'6618','Mertendorf',1),(1073,'6618','Löbitz',1),(1074,'6618','Görschen',1),(1075,'6618','Gieckau',1),(1076,'6628','Taugwitz',1),(1077,'6628','Spielberg',1),(1078,'6628','Crölpa-Löbschütz',1),(1079,'6628','Möllern',1),(1080,'6628','Abtlöbnitz',1),(1081,'6628','Bad Kösen',1),(1082,'6632','Schleberoda',1),(1083,'6632','Zeuchfeld',1),(1084,'6632','Gröst',1),(1085,'6632','Größnitz',1),(1086,'6632','Freyburg',1),(1087,'6632','Ebersroda',1),(1088,'6632','Branderoda',1),(1089,'6632','Baumersroda',1),(1090,'6632','Balgstädt',1),(1091,'6632','Gleina',1),(1092,'6636','Laucha',1),(1093,'6636','Kirchscheidungen',1),(1094,'6636','Hirschroda',1),(1095,'6636','Weischütz',1),(1096,'6636','Burgscheidungen',1),(1097,'6636','Golzen',1),(1098,'6638','Karsdorf',1),(1099,'6642','Wangen',1),(1100,'6642','Wohlmirstedt',1),(1101,'6642','Bucha',1),(1102,'6642','Nebra',1),(1103,'6642','Memleben',1),(1104,'6642','Altenroda',1),(1105,'6642','Reinsdorf',1),(1106,'6647','Thalwinkel',1),(1107,'6647','Steinburg',1),(1108,'6647','Saubach',1),(1109,'6647','Klosterhäseler',1),(1110,'6647','Kahlwinkel',1),(1111,'6647','Wischroda',1),(1112,'6647','Burkersroda',1),(1113,'6647','Billroda',1),(1114,'6647','Lossa',1),(1115,'6647','Bad Bibra',1),(1116,'6648','Tromsdorf',1),(1117,'6648','Herrengosserstedt',1),(1118,'6648','Eckartsberga',1),(1119,'6648','Burgholzhausen',1),(1120,'6667','Uichteritz',1),(1121,'6667','Tagewerben',1),(1122,'6667','Storkau',1),(1123,'6667','Stößen',1),(1124,'6667','Leißling',1),(1125,'6667','Langendorf',1),(1126,'6667','Weißenfels',1),(1127,'6667','Gröbitz',1),(1128,'6667','Burgwerben',1),(1129,'6667','Prittitz',1),(1130,'6667','Pretzsch',1),(1131,'6667','Markwerben',1),(1132,'6667','Reichardtswerben',1),(1133,'6667','Goseck',1),(1134,'6679','Webau',1),(1135,'6679','Taucha',1),(1136,'6679','Hohenmölsen',1),(1137,'6679','Zorbau',1),(1138,'6679','Muschwitz',1),(1139,'6679','Granschütz',1),(1140,'6682','Trebnitz',1),(1141,'6682','Teuchern',1),(1142,'6682','Schelkau',1),(1143,'6682','Krauschwitz',1),(1144,'6682','Werschen',1),(1145,'6682','Gröben',1),(1146,'6682','Deuben',1),(1147,'6682','Nessa',1),(1148,'6686','Starsiedel',1),(1149,'6686','Sössen',1),(1150,'6686','Röcken',1),(1151,'6686','Rippach',1),(1152,'6686','Großgörschen',1),(1153,'6686','Dehlitz',1),(1154,'6686','Poserna',1),(1155,'6686','Lützen',1),(1156,'6688','Schkortleben',1),(1157,'6688','Wengelsdorf',1),(1158,'6688','Großkorbetha',1),(1159,'6712','Schellbach',1),(1160,'6712','Kretzschau',1),(1161,'6712','Könderitz',1),(1162,'6712','Heuckewalde',1),(1163,'6712','Haynsburg',1),(1164,'6712','Zeitz',1),(1165,'6712','Würchwitz',1),(1166,'6712','Wittgendorf',1),(1167,'6712','Droßdorf',1),(1168,'6712','Draschwitz',1),(1169,'6712','Döschwitz',1),(1170,'6712','Breitenbach',1),(1171,'6712','Bornitz',1),(1172,'6712','Geußnitz',1),(1173,'6712','Bergisdorf',1),(1174,'6712','Göbitz',1),(1175,'6712','Grana',1),(1176,'6721','Waldau',1),(1177,'6721','Unterkaka',1),(1178,'6721','Osterfeld',1),(1179,'6721','Meineweh',1),(1180,'6721','Goldschau',1),(1181,'6722','Kleinhelmsdorf',1),(1182,'6722','Wetterzeube',1),(1183,'6722','Weickelsdorf',1),(1184,'6722','Droyßig',1),(1185,'6724','Spora',1),(1186,'6724','Kayna',1),(1187,'6724','Weißenborn',1),(1188,'6724','Bröckau',1),(1189,'6725','Reuden',1),(1190,'6725','Profen',1),(1191,'6727','Theißen',1),(1192,'6727','Döbris',1),(1193,'6727','Nonnewitz',1),(1194,'6727','Luckenau',1),(1195,'6729','Tröglitz',1),(1196,'6729','Langendorf',1),(1197,'6729','Rehmsdorf',1),(1198,'6749','Friedersdorf',1),(1199,'6749','Bitterfeld',1),(1200,'6766','Thalheim',1),(1201,'6766','Rödgen',1),(1202,'6766','Wolfen',1),(1203,'6766','Bobbau',1),(1204,'6773','Uthausen',1),(1205,'6773','Selbitz',1),(1206,'6773','Schköna',1),(1207,'6773','Rotta',1),(1208,'6773','Jüdenberg',1),(1209,'6773','Gröbern',1),(1210,'6773','Radis',1),(1211,'6773','Bergwitz',1),(1212,'6773','Gräfenhainichen',1),(1213,'6773','Gossa',1),(1214,'6773','Kemberg',1),(1215,'6774','Tornau',1),(1216,'6774','Söllichau',1),(1217,'6774','Schwemsal',1),(1218,'6774','Schlaitz',1),(1219,'6774','Rösa',1),(1220,'6774','Krina',1),(1221,'6774','Pouch',1),(1222,'6774','Plodda',1),(1223,'6774','Mühlbeck',1),(1224,'6779','Tornau',1),(1225,'6779','Thurland',1),(1226,'6779','Schierau',1),(1227,'6779','Salzfurtkapelle',1),(1228,'6779','Retzau',1),(1229,'6779','Marke',1),(1230,'6779','Raguhn',1),(1231,'6780','Stumsdorf',1),(1232,'6780','Spören',1),(1233,'6780','Schrenz',1),(1234,'6780','Großzöberitz',1),(1235,'6780','Zörbig',1),(1236,'6780','Quetzdölsdorf',1),(1237,'6780','Löberitz',1),(1238,'6780','Göttnitz',1),(1239,'6780','Heideloh',1),(1240,'6780','Sandersdorf',1),(1241,'6785','Schleesen',1),(1242,'6785','Kakau',1),(1243,'6785','Horstdorf',1),(1244,'6785','Brandhorst',1),(1245,'6785','Oranienbaum',1),(1246,'6786','Vockerode',1),(1247,'6786','Riesigk',1),(1248,'6786','Wörlitz',1),(1249,'6786','Griesen',1),(1250,'6786','Rehsen',1),(1251,'6786','Gohrau',1),(1252,'6791','Zschornewitz',1),(1253,'6791','Möhlau',1),(1254,'6792','Sandersdorf',1),(1255,'6794','Zscherndorf',1),(1256,'6794','Glebitzsch',1),(1257,'6794','Renneritz',1),(1258,'6794','Ramsin',1),(1259,'6794','Sandersdorf',1),(1260,'6796','Brehna',1),(1261,'6800','Jeßnitz',1),(1262,'6800','Altjeßnitz',1),(1263,'6803','Greppin',1),(1264,'6804','Burgkemnitz',1),(1265,'6804','Muldenstein',1),(1266,'6808','Holzweißig',1),(1267,'6809','Roitzsch',1),(1268,'6809','Petersroda',1),(1269,'6842','Dessau',1),(1270,'6844','Dessau',1),(1271,'6846','Dessau',1),(1272,'6847','Dessau',1),(1273,'6849','Dessau',1),(1274,'6862','Thießen',1),(1275,'6862','Stackelitz',1),(1276,'6862','Serno',1),(1277,'6862','Roßlau',1),(1278,'6862','Rodleben',1),(1279,'6862','Jeber-Bergfrieden',1),(1280,'6862','Hundeluft',1),(1281,'6862','Brambach',1),(1282,'6862','Bräsen',1),(1283,'6862','Ragösen',1),(1284,'6869','Senst',1),(1285,'6869','Köselitz',1),(1286,'6869','Klieken',1),(1287,'6869','Zieko',1),(1288,'6869','Wörpen',1),(1289,'6869','Griebo',1),(1290,'6869','Düben',1),(1291,'6869','Coswig',1),(1292,'6869','Cobbelsdorf',1),(1293,'6869','Buko',1),(1294,'6869','Möllensdorf',1),(1295,'6886','Lutherstadt Wittenberg',1),(1296,'6888','Zörnigall',1),(1297,'6888','Eutzsch',1),(1298,'6888','Dietrichsdorf',1),(1299,'6888','Dabrun',1),(1300,'6888','Mühlanger',1),(1301,'6888','Mochau',1),(1302,'6888','Abtsdorf',1),(1303,'6895','Leetza',1),(1304,'6895','Kropstädt',1),(1305,'6895','Zahna',1),(1306,'6895','Bülzig',1),(1307,'6895','Boßdorf',1),(1308,'6895','Rahnsdorf',1),(1309,'6896','Straach',1),(1310,'6896','Schmilkendorf',1),(1311,'6896','Nudersdorf',1),(1312,'6901','Wartenburg',1),(1313,'6901','Schnellin',1),(1314,'6901','Kemberg',1),(1315,'6901','Dorna',1),(1316,'6901','Rackith',1),(1317,'6901','Ateritz',1),(1318,'6901','Globig-Bleddin',1),(1319,'6905','Korgau',1),(1320,'6905','Meuro',1),(1321,'6905','Bad Schmiedeberg',1),(1322,'6909','Trebitz',1),(1323,'6909','Priesitz',1),(1324,'6909','Pretzsch/Elbe',1),(1325,'6917','Schützberg',1),(1326,'6917','Klöden',1),(1327,'6917','Jessen (Elster)',1),(1328,'6917','Rade',1),(1329,'6918','Seyda',1),(1330,'6918','Zemnick',1),(1331,'6918','Gentha',1),(1332,'6918','Gadegast',1),(1333,'6918','Elster/Elbe',1),(1334,'6918','Naundorf bei Seyda',1),(1335,'6918','Morxdorf',1),(1336,'6918','Mellnitz',1),(1337,'6918','Listerfehrda',1),(1338,'6922','Lebien',1),(1339,'6922','Labrun',1),(1340,'6922','Prettin',1),(1341,'6922','Plossig',1),(1342,'6922','Axien',1),(1343,'6925','Groß Naundorf',1),(1344,'6925','Bethau',1),(1345,'6925','Purzien',1),(1346,'6925','Löben',1),(1347,'6925','Annaburg',1),(1348,'6926','Kleinkorga',1),(1349,'6926','Holzdorf',1),(1350,'6926','Buschkuhnsdorf',1),(1351,'6926','Premsendorf',1),(1352,'6926','Neuerstadt',1),(1353,'6926','Mönchenhöfe',1),(1354,'6926','Reicho',1),(1355,'6928','Linda (Elster)',1),(1356,'7318','Wittgendorf',1),(1357,'7318','Arnsgereuth',1),(1358,'7318','Saalfeld/Saale',1),(1359,'7330','Probstzella',1),(1360,'7330','Marktgölitz',1),(1361,'7333','Unterwellenborn',1),(1362,'7334','Goßwitz',1),(1363,'7334','Kamsdorf',1),(1364,'7336','Könitz',1),(1365,'7336','Birkigt',1),(1366,'7338','Drognitz',1),(1367,'7338','Altenbeuthen',1),(1368,'7338','Hohenwarte',1),(1369,'7338','Leutenberg',1),(1370,'7338','Kaulsdorf',1),(1371,'7343','Wurzbach',1),(1372,'7349','Lehesten',1),(1373,'7356','Lobenstein',1),(1374,'7356','Neundorf (bei Lobenstein)',1),(1375,'7366','Harra',1),(1376,'7366','Birkenhügel',1),(1377,'7366','Blankenberg',1),(1378,'7366','Pottiga',1),(1379,'7366','Schlegel',1),(1380,'7366','Blankenstein',1),(1381,'7368','Saalburg-Ebersdorf',1),(1382,'7368','Remptendorf',1),(1383,'7381','Oppurg',1),(1384,'7381','Moxa',1),(1385,'7381','Wernburg',1),(1386,'7381','Döbritz',1),(1387,'7381','Solkwitz',1),(1388,'7381','Oberoppurg',1),(1389,'7381','Paska',1),(1390,'7381','Bodelwitz',1),(1391,'7381','Pößneck',1),(1392,'7381','Nimritz',1),(1393,'7381','Langenorla',1),(1394,'7387','Lausnitz bei Pößneck',1),(1395,'7387','Krölpa',1),(1396,'7389','Wilhelmsdorf',1),(1397,'7389','Knau',1),(1398,'7389','Gertewitz',1),(1399,'7389','Gössitz',1),(1400,'7389','Bucha',1),(1401,'7389','Schmorda',1),(1402,'7389','Keila',1),(1403,'7389','Ranis',1),(1404,'7389','Seisla',1),(1405,'7389','Peuschen',1),(1406,'7389','Quaschwitz',1),(1407,'7389','Grobengereuth',1),(1408,'7407','Rudolstadt',1),(1409,'7407','Heilingen',1),(1410,'7407','Uhlstädt-Kirchhasel',1),(1411,'7407','Remda-Teichel',1),(1412,'7407','Großkochberg',1),(1413,'7422','Rottenbach',1),(1414,'7422','Saalfelder Höhe',1),(1415,'7422','Bad Blankenburg',1),(1416,'7426','Bechstedt',1),(1417,'7426','Königsee',1),(1418,'7426','Dröbischau',1),(1419,'7426','Oberhain',1),(1420,'7426','Allendorf',1),(1421,'7427','Schwarzburg',1),(1422,'7429','Döschnitz',1),(1423,'7429','Sitzendorf',1),(1424,'7429','Rohrbach',1),(1425,'7545','Gera',1),(1426,'7546','Gera',1),(1427,'7548','Gera',1),(1428,'7549','Gera',1),(1429,'7551','Gera',1),(1430,'7552','Gera',1),(1431,'7554','Pölzig',1),(1432,'7554','Brahmenau',1),(1433,'7554','Korbußen',1),(1434,'7554','Bethenhausen',1),(1435,'7554','Kauern',1),(1436,'7554','Hirschfeld',1),(1437,'7554','Schwaara',1),(1438,'7557','Hundhaupten',1),(1439,'7557','Bocka',1),(1440,'7557','Harth-Pöllnitz',1),(1441,'7557','Zedlitz',1),(1442,'7557','Crimla',1),(1443,'7570','Schömberg',1),(1444,'7570','Wünschendorf',1),(1445,'7570','Harth-Pöllnitz',1),(1446,'7570','Hohenölsen',1),(1447,'7570','Teichwitz',1),(1448,'7570','Weida',1),(1449,'7570','Endschütz',1),(1450,'7570','Steinsdorf',1),(1451,'7580','Gauern',1),(1452,'7580','Paitzdorf',1),(1453,'7580','Linda bei Weida',1),(1454,'7580','Reichstädt',1),(1455,'7580','Hilbersdorf',1),(1456,'7580','Rückersdorf',1),(1457,'7580','Großenstein',1),(1458,'7580','Braunichswalde',1),(1459,'7580','Ronneburg',1),(1460,'7580','Seelingstädt',1),(1461,'7586','Bad Köstritz',1),(1462,'7586','Caaschwitz',1),(1463,'7586','Kraftsdorf',1),(1464,'7586','Hartmannsdorf',1),(1465,'7589','Lindenkreuz',1),(1466,'7589','Lederhose',1),(1467,'7589','Harth-Pöllnitz',1),(1468,'7589','Schwarzbach',1),(1469,'7589','Münchenbernsdorf',1),(1470,'7589','Saara',1),(1471,'7607','Heideland',1),(1472,'7607','Hainspitz',1),(1473,'7607','Gösen',1),(1474,'7607','Eisenberg',1),(1475,'7613','Seifartsdorf',1),(1476,'7613','Rauda',1),(1477,'7613','Crossen an der Elster',1),(1478,'7613','Hartmannsdorf',1),(1479,'7613','Walpernhain',1),(1480,'7613','Silbitz',1),(1481,'7616','Graitschen bei Bürgel',1),(1482,'7616','Rauschwitz',1),(1483,'7616','Petersberg',1),(1484,'7616','Nausnitz',1),(1485,'7616','Bürgel',1),(1486,'7616','Poxdorf',1),(1487,'7616','Serba',1),(1488,'7619','Mertendorf',1),(1489,'7619','Schkölen',1),(1490,'7629','Reichenbach',1),(1491,'7629','Hermsdorf',1),(1492,'7629','Sankt Gangloff',1),(1493,'7629','Schleifreisen',1),(1494,'7639','Tautenhain',1),(1495,'7639','Weißenborn',1),(1496,'7639','Bad Klosterlausnitz',1),(1497,'7646','Kleinbockedra',1),(1498,'7646','Ruttersdorf-Lotschen',1),(1499,'7646','Möckern',1),(1500,'7646','Bollberg',1),(1501,'7646','Geisenhain',1),(1502,'7646','Lippersdorf-Erdmannsdorf',1),(1503,'7646','Schöngleina',1),(1504,'7646','Meusebach',1),(1505,'7646','Schlöben',1),(1506,'7646','Großbockedra',1),(1507,'7646','Rausdorf',1),(1508,'7646','Tautendorf',1),(1509,'7646','Bremsnitz',1),(1510,'7646','Eineborn',1),(1511,'7646','Weißbach',1),(1512,'7646','Rattelsdorf',1),(1513,'7646','Laasdorf',1),(1514,'7646','Bobeck',1),(1515,'7646','Quirla',1),(1516,'7646','Albersdorf',1),(1517,'7646','Stadtroda',1),(1518,'7646','Waltersdorf',1),(1519,'7646','Unterbodnitz',1),(1520,'7646','Tröbnitz',1),(1521,'7646','Scheiditz',1),(1522,'7646','Karlsdorf',1),(1523,'7646','Oberbodnitz',1),(1524,'7646','Kleinebersdorf',1),(1525,'7646','Waldeck',1),(1526,'7646','Ottendorf',1),(1527,'7646','Gneus',1),(1528,'7646','Mörsdorf',1),(1529,'7646','Tissa',1),(1530,'7646','Renthendorf',1),(1531,'7646','Trockenborn-Wolfersdorf',1),(1532,'7743','Jena',1),(1533,'7745','Jena',1),(1534,'7747','Jena',1),(1535,'7749','Jena',1),(1536,'7751','Großpürschütz',1),(1537,'7751','Zöllnitz',1),(1538,'7751','Jenalöbnitz',1),(1539,'7751','Sulza',1),(1540,'7751','Großlöbichau',1),(1541,'7751','Golmsdorf',1),(1542,'7751','Bucha',1),(1543,'7751','Milda',1),(1544,'7751','Rothenstein',1),(1545,'7751','Löberschütz',1),(1546,'7768','Bibra',1),(1547,'7768','Kahla',1),(1548,'7768','Schöps',1),(1549,'7768','Reinstädt',1),(1550,'7768','Orlamünde',1),(1551,'7768','Eichenberg',1),(1552,'7768','Altenberga',1),(1553,'7768','Seitenroda',1),(1554,'7768','Hummelshain',1),(1555,'7768','Lindig',1),(1556,'7768','Gumperda',1),(1557,'7768','Freienorla',1),(1558,'7768','Großeutersdorf',1),(1559,'7768','Kleineutersdorf',1),(1560,'7774','Frauenprießnitz',1),(1561,'7774','Thierschneck',1),(1562,'7774','Wichmar',1),(1563,'7774','Camburg',1),(1564,'7778','Tautenburg',1),(1565,'7778','Hainichen',1),(1566,'7778','Dornburg',1),(1567,'7778','Lehesten',1),(1568,'7778','Zimmern',1),(1569,'7778','Dorndorf-Steudnitz',1),(1570,'7778','Neuengönna',1),(1571,'7806','Neustadt an der Orla',1),(1572,'7806','Dreba',1),(1573,'7806','Lausnitz bei Neustadt an der Orla',1),(1574,'7806','Weira',1),(1575,'7819','Linda bei Neustadt an der Orla',1),(1576,'7819','Schmieritz',1),(1577,'7819','Dreitzsch',1),(1578,'7819','Tömmelsdorf',1),(1579,'7819','Lemnitz',1),(1580,'7819','Mittelpöllnitz',1),(1581,'7819','Rosendorf',1),(1582,'7819','Pillingsdorf',1),(1583,'7819','Miesitz',1),(1584,'7819','Geroda',1),(1585,'7819','Triptis',1),(1586,'7907','Schleiz',1),(1587,'7907','Pörmitz',1),(1588,'7907','Dragensdorf',1),(1589,'7907','Plothen',1),(1590,'7907','Löhma',1),(1591,'7907','Tegau',1),(1592,'7907','Göschitz',1),(1593,'7907','Dittersdorf',1),(1594,'7907','Oettersdorf',1),(1595,'7907','Görkwitz',1),(1596,'7919','Mühltroff',1),(1597,'7919','Kirschkau',1),(1598,'7922','Tanna',1),(1599,'7924','Schöndorf',1),(1600,'7924','Volkmannsdorf',1),(1601,'7924','Eßbach',1),(1602,'7924','Crispendorf',1),(1603,'7924','Neundorf (bei Schleiz)',1),(1604,'7924','Ziegenrück',1),(1605,'7926','Gefell',1),(1606,'7927','Hirschberg',1),(1607,'7929','Saalburg-Ebersdorf',1),(1608,'7937','Zeulenroda',1),(1609,'7937','Silberfeld',1),(1610,'7937','Vogtländisches Oberland',1),(1611,'7937','Langenwolschendorf',1),(1612,'7937','Zadelsdorf',1),(1613,'7950','Merkendorf',1),(1614,'7950','Göhren-Döhlen',1),(1615,'7950','Staitz',1),(1616,'7950','Wiebelsdorf',1),(1617,'7950','Triebes',1),(1618,'7950','Weißendorf',1),(1619,'7952','Vogtländisches Oberland',1),(1620,'7952','Pausa',1),(1621,'7955','Braunsdorf',1),(1622,'7955','Auma',1),(1623,'7957','Hain',1),(1624,'7957','Langenwetzendorf',1),(1625,'7958','Hohenleuben',1),(1626,'7973','Greiz',1),(1627,'7980','Wildetaube',1),(1628,'7980','Neumühle',1),(1629,'7980','Berga/Elster',1),(1630,'7980','Neugernsdorf',1),(1631,'7980','Kühdorf',1),(1632,'7980','Lunzig',1),(1633,'7985','Elsterberg',1),(1634,'7985','Vogtländisches Oberland',1),(1635,'7987','Mohlsdorf',1),(1636,'7989','Teichwolframsdorf',1),(1637,'8056','Zwickau',1),(1638,'8058','Zwickau',1),(1639,'8060','Zwickau',1),(1640,'8062','Zwickau',1),(1641,'8064','Zwickau',1),(1642,'8066','Zwickau',1),(1643,'8107','Kirchberg',1),(1644,'8107','Hartmannsdorf bei Kirchberg',1),(1645,'8107','Hirschfeld',1),(1646,'8112','Wilkau-Haßlau',1),(1647,'8115','Lichtentanne',1),(1648,'8118','Hartenstein',1),(1649,'8132','Mülsen',1),(1650,'8134','Langenweißbach',1),(1651,'8134','Wildenfels',1),(1652,'8141','Reinsdorf',1),(1653,'8144','Hirschfeld',1),(1654,'8147','Crinitzberg',1),(1655,'8209','Auerbach/Vogtland',1),(1656,'8223','Grünbach',1),(1657,'8223','Werda',1),(1658,'8223','Falkenstein/Vogtland',1),(1659,'8223','Neustadt/Vogtland',1),(1660,'8228','Rodewisch',1),(1661,'8233','Treuen',1),(1662,'8236','Ellefeld',1),(1663,'8237','Steinberg',1),(1664,'8239','Bergen',1),(1665,'8248','Klingenthal/Sachsen',1),(1666,'8258','Markneukirchen',1),(1667,'8261','Schöneck/Vogtland',1),(1668,'8262','Tannenbergsthal/Vogtland',1),(1669,'8262','Morgenröthe-Rautenkranz',1),(1670,'8265','Erlbach',1),(1671,'8267','Zwota',1),(1672,'8269','Hammerbrücke',1),(1673,'8280','Aue',1),(1674,'8289','Schneeberg',1),(1675,'8294','Lößnitz',1),(1676,'8297','Zwönitz',1),(1677,'8301','Schlema',1),(1678,'8304','Schönheide',1),(1679,'8309','Eibenstock',1),(1680,'8312','Lauter/Sachsen',1),(1681,'8315','Bernsbach',1),(1682,'8321','Zschorlau',1),(1683,'8324','Bockau',1),(1684,'8326','Sosa',1),(1685,'8328','Stützengrün',1),(1686,'8340','Schwarzenberg/Erzgebirge',1),(1687,'8340','Beierfeld',1),(1688,'8349','Erlabrunn',1),(1689,'8349','Johanngeorgenstadt',1),(1690,'8352','Markersbach',1),(1691,'8352','Raschau',1),(1692,'8352','Pöhla',1),(1693,'8355','Rittersgrün',1),(1694,'8358','Grünhain',1),(1695,'8359','Breitenbrunn/Erzgebirge',1),(1696,'8371','Glauchau',1),(1697,'8373','Remse',1),(1698,'8393','Dennheritz',1),(1699,'8393','Schönberg',1),(1700,'8393','Meerane',1),(1701,'8396','Waldenburg',1),(1702,'8396','Oberwiera',1),(1703,'8412','Werdau',1),(1704,'8412','Leubnitz',1),(1705,'8427','Fraureuth',1),(1706,'8428','Langenbernsdorf',1),(1707,'8451','Crimmitschau',1),(1708,'8459','Neukirchen/Pleiße',1),(1709,'8468','Reichenbach/Vogtland',1),(1710,'8468','Heinsdorfergrund',1),(1711,'8485','Lengenfeld',1),(1712,'8491','Netzschkau',1),(1713,'8491','Limbach',1),(1714,'8496','Neumark',1),(1715,'8499','Mylau',1),(1716,'8523','Plauen',1),(1717,'8525','Plauen',1),(1718,'8527','Plauen',1),(1719,'8529','Plauen',1),(1720,'8538','Reuth',1),(1721,'8538','Burgstein',1),(1722,'8538','Weischlitz',1),(1723,'8539','Mehltheuer',1),(1724,'8541','Theuma',1),(1725,'8541','Neuensalz',1),(1726,'8543','Pöhl',1),(1727,'8548','Syrau',1),(1728,'8606','Bösenbrunn',1),(1729,'8606','Triebel/Vogtland',1),(1730,'8606','Mühlental',1),(1731,'8606','Oelsnitz',1),(1732,'8606','Tirpersdorf',1),(1733,'8626','Eichigt',1),(1734,'8626','Adorf',1),(1735,'8645','Bad Elster',1),(1736,'8648','Bad Brambach',1),(1737,'9111','Chemnitz',1),(1738,'9112','Chemnitz',1),(1739,'9113','Chemnitz',1),(1740,'9114','Chemnitz',1),(1741,'9116','Chemnitz',1),(1742,'9117','Chemnitz',1),(1743,'9119','Chemnitz',1),(1744,'9120','Chemnitz',1),(1745,'9122','Chemnitz',1),(1746,'9123','Chemnitz',1),(1747,'9125','Chemnitz',1),(1748,'9126','Chemnitz',1),(1749,'9127','Chemnitz',1),(1750,'9130','Chemnitz',1),(1751,'9131','Chemnitz',1),(1752,'9212','Limbach-Oberfrohna',1),(1753,'9217','Burgstädt',1),(1754,'9221','Neukirchen/Erzgebirge',1),(1755,'9232','Hartmannsdorf',1),(1756,'9235','Burkhardtsdorf',1),(1757,'9236','Claußnitz',1),(1758,'9241','Mühlau',1),(1759,'9243','Niederfrohna',1),(1760,'9244','Lichtenau',1),(1761,'9249','Taura',1),(1762,'9306','Wechselburg',1),(1763,'9306','Erlau',1),(1764,'9306','Königsfeld',1),(1765,'9306','Zettlitz',1),(1766,'9306','Seelitz',1),(1767,'9306','Rochlitz',1),(1768,'9306','Thalheim/Erzgebirge',1),(1769,'9306','Königshain-Wiederau',1),(1770,'9322','Penig',1),(1771,'9326','Geringswalde',1),(1772,'9328','Lunzenau',1),(1773,'9337','Callenberg',1),(1774,'9337','Hohenstein-Ernstthal',1),(1775,'9337','Bernsdorf',1),(1776,'9350','Lichtenstein/Sachsen',1),(1777,'9353','Oberlungwitz',1),(1778,'9355','Gersdorf',1),(1779,'9356','Sankt Egidien',1),(1780,'9366','Stollberg/Erzgebirge',1),(1781,'9366','Niederdorf',1),(1782,'9376','Oelsnitz/Erzgebirge',1),(1783,'9385','Lugau/Erzgebirge',1),(1784,'9385','Erlbach-Kirchberg',1),(1785,'9387','Jahnsdorf/Erzgebirge',1),(1786,'9390','Gornsdorf',1),(1787,'9392','Auerbach',1),(1788,'9394','Hohndorf',1),(1789,'9395','Hormersdorf',1),(1790,'9399','Niederwürschnitz',1),(1791,'9405','Zschopau',1),(1792,'9405','Gornau/Erzgebirge',1),(1793,'9419','Thum',1),(1794,'9423','Gelenau/Erzgebirge',1),(1795,'9427','Ehrenfriedersdorf',1),(1796,'9429','Wolkenstein',1),(1797,'9430','Drebach',1),(1798,'9430','Venusberg',1),(1799,'9432','Großolbersdorf',1),(1800,'9435','Scharfenstein',1),(1801,'9437','Waldkirchen/Erzgebirge',1),(1802,'9437','Börnichen/Erzgebirge',1),(1803,'9439','Amtsberg',1),(1804,'9456','Annaberg-Buchholz',1),(1805,'9456','Mildenau',1),(1806,'9465','Sehmatal',1),(1807,'9468','Geyer',1),(1808,'9468','Tannenberg',1),(1809,'9471','Königswalde',1),(1810,'9471','Bärenstein',1),(1811,'9474','Crottendorf',1),(1812,'9477','Jöhstadt',1),(1813,'9481','Elterlein',1),(1814,'9481','Scheibenberg',1),(1815,'9484','Oberwiesenthal',1),(1816,'9487','Schlettau',1),(1817,'9488','Wiesa',1),(1818,'9496','Marienberg',1),(1819,'9496','Pobershau',1),(1820,'9509','Pockau',1),(1821,'9514','Lengefeld',1),(1822,'9517','Zöblitz',1),(1823,'9518','Großrückerswalde',1),(1824,'9526','Pfaffroda',1),(1825,'9526','Heidersdorf',1),(1826,'9526','Olbernhau',1),(1827,'9544','Neuhausen/Erzgebirge',1),(1828,'9548','Deutschneudorf',1),(1829,'9548','Seiffen/Erzgebirge',1),(1830,'9557','Flöha',1),(1831,'9569','Falkenau',1),(1832,'9569','Frankenstein',1),(1833,'9569','Gahlenz',1),(1834,'9569','Oederan',1),(1835,'9573','Leubsdorf',1),(1836,'9573','Augustusburg',1),(1837,'9575','Eppendorf',1),(1838,'9577','Niederwiesa',1),(1839,'9579','Borstendorf',1),(1840,'9579','Grünhainichen',1),(1841,'9599','Freiberg',1),(1842,'9600','Weißenborn/Erzgebirge',1),(1843,'9600','Oberschöna',1),(1844,'9600','Niederschöna',1),(1845,'9603','Großschirma',1),(1846,'9618','Brand-Erbisdorf',1),(1847,'9618','Großhartmannsdorf',1),(1848,'9619','Mulda/Sachsen',1),(1849,'9619','Sayda',1),(1850,'9619','Dorfchemnitz bei Sayda',1),(1851,'9623','Rechenberg-Bienenmühle',1),(1852,'9623','Frauenstein',1),(1853,'9627','Bobritzsch',1),(1854,'9627','Hilbersdorf',1),(1855,'9629','Reinsberg',1),(1856,'9633','Halsbrücke',1),(1857,'9634','Siebenlehn',1),(1858,'9638','Lichtenberg/Erzgebirge',1),(1859,'9648','Kriebstein',1),(1860,'9648','Mittweida',1),(1861,'9648','Altmittweida',1),(1862,'9661','Tiefenbach',1),(1863,'9661','Striegistal',1),(1864,'9661','Rossau',1),(1865,'9661','Hainichen',1),(1866,'9669','Frankenberg/Sachsen',1),(1867,'10115','Berlin',1),(1868,'10117','Berlin',1),(1869,'10119','Berlin',1),(1870,'10178','Berlin',1),(1871,'10179','Berlin',1),(1872,'10243','Berlin',1),(1873,'10245','Berlin',1),(1874,'10247','Berlin',1),(1875,'10249','Berlin',1),(1876,'10315','Berlin',1),(1877,'10317','Berlin',1),(1878,'10318','Berlin',1),(1879,'10319','Berlin',1),(1880,'10365','Berlin',1),(1881,'10367','Berlin',1),(1882,'10369','Berlin',1),(1883,'10405','Berlin',1),(1884,'10407','Berlin',1),(1885,'10409','Berlin',1),(1886,'10435','Berlin',1),(1887,'10437','Berlin',1),(1888,'10439','Berlin',1),(1889,'10551','Berlin',1),(1890,'10553','Berlin',1),(1891,'10555','Berlin',1),(1892,'10557','Berlin',1),(1893,'10559','Berlin',1),(1894,'10585','Berlin',1),(1895,'10587','Berlin',1),(1896,'10589','Berlin',1),(1897,'10623','Berlin',1),(1898,'10625','Berlin',1),(1899,'10627','Berlin',1),(1900,'10629','Berlin',1),(1901,'10707','Berlin',1),(1902,'10709','Berlin',1),(1903,'10711','Berlin',1),(1904,'10713','Berlin',1),(1905,'10715','Berlin',1),(1906,'10717','Berlin',1),(1907,'10719','Berlin',1),(1908,'10777','Berlin',1),(1909,'10779','Berlin',1),(1910,'10781','Berlin',1),(1911,'10783','Berlin',1),(1912,'10785','Berlin',1),(1913,'10787','Berlin',1),(1914,'10789','Berlin',1),(1915,'10823','Berlin',1),(1916,'10825','Berlin',1),(1917,'10827','Berlin',1),(1918,'10829','Berlin',1),(1919,'10961','Berlin',1),(1920,'10963','Berlin',1),(1921,'10965','Berlin',1),(1922,'10967','Berlin',1),(1923,'10969','Berlin',1),(1924,'10997','Berlin',1),(1925,'10999','Berlin',1),(1926,'12043','Berlin',1),(1927,'12045','Berlin',1),(1928,'12047','Berlin',1),(1929,'12049','Berlin',1),(1930,'12051','Berlin',1),(1931,'12053','Berlin',1),(1932,'12055','Berlin',1),(1933,'12057','Berlin',1),(1934,'12059','Berlin',1),(1935,'12099','Berlin',1),(1936,'12101','Berlin',1),(1937,'12103','Berlin',1),(1938,'12105','Berlin',1),(1939,'12107','Berlin',1),(1940,'12109','Berlin',1),(1941,'12157','Berlin',1),(1942,'12159','Berlin',1),(1943,'12161','Berlin',1),(1944,'12163','Berlin',1),(1945,'12165','Berlin',1),(1946,'12167','Berlin',1),(1947,'12169','Berlin',1),(1948,'12203','Berlin',1),(1949,'12205','Berlin',1),(1950,'12207','Berlin',1),(1951,'12209','Berlin',1),(1952,'12247','Berlin',1),(1953,'12249','Berlin',1),(1954,'12277','Berlin',1),(1955,'12279','Berlin',1),(1956,'12305','Berlin',1),(1957,'12307','Berlin',1),(1958,'12309','Berlin',1),(1959,'12347','Berlin',1),(1960,'12349','Berlin',1),(1961,'12351','Berlin',1),(1962,'12353','Berlin',1),(1963,'12355','Berlin',1),(1964,'12357','Berlin',1),(1965,'12359','Berlin',1),(1966,'12435','Berlin',1),(1967,'12437','Berlin',1),(1968,'12439','Berlin',1),(1969,'12459','Berlin',1),(1970,'12487','Berlin',1),(1971,'12489','Berlin',1),(1972,'12524','Berlin',1),(1973,'12526','Berlin',1),(1974,'12527','Berlin',1),(1975,'12529','Berlin',1),(1976,'12529','Schönefeld',1),(1977,'12555','Berlin',1),(1978,'12557','Berlin',1),(1979,'12559','Berlin',1),(1980,'12587','Berlin',1),(1981,'12589','Berlin',1),(1982,'12619','Berlin',1),(1983,'12621','Berlin',1),(1984,'12623','Berlin',1),(1985,'12627','Berlin',1),(1986,'12629','Berlin',1),(1987,'12679','Berlin',1),(1988,'12681','Berlin',1),(1989,'12683','Berlin',1),(1990,'12685','Berlin',1),(1991,'12687','Berlin',1),(1992,'12689','Berlin',1),(1993,'13051','Berlin',1),(1994,'13053','Berlin',1),(1995,'13055','Berlin',1),(1996,'13057','Berlin',1),(1997,'13059','Berlin',1),(1998,'13086','Berlin',1),(1999,'13088','Berlin',1),(2000,'13089','Berlin',1),(2001,'13125','Berlin',1),(2002,'13127','Berlin',1),(2003,'13129','Berlin',1),(2004,'13156','Berlin',1),(2005,'13158','Berlin',1),(2006,'13159','Berlin',1),(2007,'13187','Berlin',1),(2008,'13189','Berlin',1),(2009,'13347','Berlin',1),(2010,'13349','Berlin',1),(2011,'13351','Berlin',1),(2012,'13353','Berlin',1),(2013,'13355','Berlin',1),(2014,'13357','Berlin',1),(2015,'13359','Berlin',1),(2016,'13403','Berlin',1),(2017,'13405','Berlin',1),(2018,'13407','Berlin',1),(2019,'13409','Berlin',1),(2020,'13435','Berlin',1),(2021,'13437','Berlin',1),(2022,'13439','Berlin',1),(2023,'13465','Berlin',1),(2024,'13467','Berlin',1),(2025,'13469','Berlin',1),(2026,'13503','Berlin',1),(2027,'13505','Berlin',1),(2028,'13507','Berlin',1),(2029,'13509','Berlin',1),(2030,'13581','Berlin',1),(2031,'13583','Berlin',1),(2032,'13585','Berlin',1),(2033,'13587','Berlin',1),(2034,'13589','Berlin',1),(2035,'13591','Berlin',1),(2036,'13593','Berlin',1),(2037,'13595','Berlin',1),(2038,'13597','Berlin',1),(2039,'13599','Berlin',1),(2040,'13627','Berlin',1),(2041,'13629','Berlin',1),(2042,'14050','Berlin',1),(2043,'14052','Berlin',1),(2044,'14053','Berlin',1),(2045,'14055','Berlin',1),(2046,'14057','Berlin',1),(2047,'14059','Berlin',1),(2048,'14089','Berlin',1),(2049,'14109','Berlin',1),(2050,'14129','Berlin',1),(2051,'14163','Berlin',1),(2052,'14165','Berlin',1),(2053,'14167','Berlin',1),(2054,'14169','Berlin',1),(2055,'14193','Berlin',1),(2056,'14195','Berlin',1),(2057,'14197','Berlin',1),(2058,'14199','Berlin',1),(2059,'14467','Potsdam',1),(2060,'14469','Potsdam',1),(2061,'14471','Potsdam',1),(2062,'14473','Potsdam',1),(2063,'14476','Neu Fahrland',1),(2064,'14476','Fahrland',1),(2065,'14476','Töplitz',1),(2066,'14476','Satzkorn',1),(2067,'14476','Uetz-Paaren',1),(2068,'14476','Groß Glienicke',1),(2069,'14476','Marquardt',1),(2070,'14476','Golm',1),(2071,'14476','Seeburg',1),(2072,'14478','Potsdam',1),(2073,'14480','Potsdam',1),(2074,'14482','Potsdam',1),(2075,'14513','Teltow',1),(2076,'14532','Nudow',1),(2077,'14532','Stahnsdorf',1),(2078,'14532','Philippsthal',1),(2079,'14532','Kleinmachnow',1),(2080,'14532','Fahlhorst',1),(2081,'14542','Schwielowsee',1),(2082,'14542','Kloster Lehnin',1),(2083,'14542','Werder (Havel)',1),(2084,'14547','Beelitz',1),(2085,'14547','Stücken',1),(2086,'14548','Schwielowsee',1),(2087,'14550','Krielow',1),(2088,'14550','Derwitz',1),(2089,'14550','Bochow',1),(2090,'14550','Schmergow',1),(2091,'14550','Deetz',1),(2092,'14550','Groß Kreutz',1),(2093,'14552','Fresdorf',1),(2094,'14552','Michendorf',1),(2095,'14552','Wildenbruch',1),(2096,'14552','Saarmund',1),(2097,'14552','Tremsdorf',1),(2098,'14554','Seddiner See',1),(2099,'14557','Langerwisch',1),(2100,'14557','Wilhelmshorst',1),(2101,'14558','Bergholz-Rehbrücke',1),(2102,'14612','Falkensee',1),(2103,'14621','Schönwalde',1),(2104,'14624','Dallgow-Döberitz',1),(2105,'14641','Groß Behnitz',1),(2106,'14641','Paulinenaue',1),(2107,'14641','Wustermark',1),(2108,'14641','Tremmen',1),(2109,'14641','Klein Behnitz',1),(2110,'14641','Tietzow',1),(2111,'14641','Lietzow',1),(2112,'14641','Retzow',1),(2113,'14641','Nauen',1),(2114,'14641','Zeestow',1),(2115,'14641','Pessin',1),(2116,'14641','Pausin',1),(2117,'14641','Brädikow',1),(2118,'14641','Berge',1),(2119,'14641','Bergerdamm',1),(2120,'14641','Wansdorf',1),(2121,'14641','Grünefeld',1),(2122,'14641','Bredow',1),(2123,'14641','Paaren im Glien',1),(2124,'14641','Ribbeck',1),(2125,'14641','Mühlenberge',1),(2126,'14641','Perwenitz',1),(2127,'14641','Etzin',1),(2128,'14641','Kienberg',1),(2129,'14641','Wachow',1),(2130,'14641','Börnicke',1),(2131,'14641','Selbelang',1),(2132,'14641','Markee',1),(2133,'14641','Falkenrehde',1),(2134,'14656','Brieselang',1),(2135,'14662','Friesack',1),(2136,'14662','Warsow',1),(2137,'14662','Mühlenberge',1),(2138,'14662','Vietznitz',1),(2139,'14669','Ketzin',1),(2140,'14669','Zachow',1),(2141,'14712','Rathenow',1),(2142,'14715','Märkisch Luch',1),(2143,'14715','Vieritz',1),(2144,'14715','Jerchel',1),(2145,'14715','Großwudicke',1),(2146,'14715','Nennhausen',1),(2147,'14715','Kriele',1),(2148,'14715','Liepe',1),(2149,'14715','Gräningen',1),(2150,'14715','Bützer',1),(2151,'14715','Bamme',1),(2152,'14715','Havelaue',1),(2153,'14715','Mützlitz',1),(2154,'14715','Stechow-Ferchesar',1),(2155,'14715','Nitzahn',1),(2156,'14715','Kotzen',1),(2157,'14715','Zollchow',1),(2158,'14715','Landin',1),(2159,'14715','Milow',1),(2160,'14715','Seeblick',1),(2161,'14715','Möthlitz',1),(2162,'14715','Schollene',1),(2163,'14727','Premnitz',1),(2164,'14727','Döberitz',1),(2165,'14728','Havelaue',1),(2166,'14728','Gollenberg',1),(2167,'14728','Kleßen-Görne',1),(2168,'14728','Rhinow',1),(2169,'14770','Brandenburg an der Havel',1),(2170,'14772','Brandenburg an der Havel',1),(2171,'14774','Brandenburg an der Havel',1),(2172,'14776','Brandenburg an der Havel',1),(2173,'14778','Jeserig',1),(2174,'14778','Planebruch',1),(2175,'14778','Wust',1),(2176,'14778','Wollin',1),(2177,'14778','Havelsee',1),(2178,'14778','Roskow',1),(2179,'14778','Wenzlow',1),(2180,'14778','Schenkenberg',1),(2181,'14778','Kloster Lehnin',1),(2182,'14778','Götz',1),(2183,'14778','Päwesin',1),(2184,'14778','Gollwitz',1),(2185,'14778','Beetzseeheide',1),(2186,'14778','Golzow',1),(2187,'14778','Trechwitz',1),(2188,'14778','Planetal',1),(2189,'14778','Beetzsee',1),(2190,'14789','Wusterwitz',1),(2191,'14789','Bensdorf',1),(2192,'14789','Rosenau',1),(2193,'14793','Rottstock',1),(2194,'14793','Ziesar',1),(2195,'14793','Gräben',1),(2196,'14793','Buckautal',1),(2197,'14797','Kloster Lehnin',1),(2198,'14798','Havelsee',1),(2199,'14806','Hagelberg',1),(2200,'14806','Belzig',1),(2201,'14806','Schwanebeck',1),(2202,'14806','Planetal',1),(2203,'14822','Borkheide',1),(2204,'14822','Planebruch',1),(2205,'14822','Borkwalde',1),(2206,'14822','Linthe',1),(2207,'14822','Mühlenfließ',1),(2208,'14822','Brück',1),(2209,'14823','Niemegk',1),(2210,'14823','Rabenstein/Fläming',1),(2211,'14823','Mühlenfließ',1),(2212,'14827','Wiesenburg',1),(2213,'14828','Görzke',1),(2214,'14913','Jüterbog',1),(2215,'14913','Nuthe-Urstromtal',1),(2216,'14913','Niedergörsdorf',1),(2217,'14913','Wahlsdorf',1),(2218,'14913','Ihlow',1),(2219,'14913','Niederer Fläming',1),(2220,'14913','Niebendorf-Heinsdorf',1),(2221,'14913','Herbersdorf',1),(2222,'14913','Hohenseefeld',1),(2223,'14929','Treuenbrietzen',1),(2224,'14943','Lühsdorf',1),(2225,'14943','Lüdersdorf',1),(2226,'14943','Luckenwalde',1),(2227,'14959','Schönhagen',1),(2228,'14959','Trebbin',1),(2229,'14974','Ludwigsfelde',1),(2230,'14974','Thyrow',1),(2231,'14979','Großbeeren',1),(2232,'15230','Frankfurt (Oder)',1),(2233,'15232','Frankfurt (Oder)',1),(2234,'15234','Frankfurt (Oder)',1),(2235,'15236','Jacobsdorf',1),(2236,'15236','Treplin',1),(2237,'15236','Frankfurt (Oder)',1),(2238,'15295','Ziltendorf',1),(2239,'15295','Wiesenau',1),(2240,'15295','Groß Lindow',1),(2241,'15295','Brieskow-Finkenheerd',1),(2242,'15299','Grunow-Dammendorf',1),(2243,'15299','Müllrose',1),(2244,'15299','Mixdorf',1),(2245,'15306','Vierlinden',1),(2246,'15306','Gusow-Platkow',1),(2247,'15306','Falkenhagen',1),(2248,'15306','Lindendorf',1),(2249,'15306','Fichtenhöhe',1),(2250,'15306','Werbig',1),(2251,'15306','Lietzen',1),(2252,'15306','Seelow',1),(2253,'15320','Neutrebbin',1),(2254,'15320','Neuhardenberg',1),(2255,'15320','Sietzing',1),(2256,'15324','Ortwig',1),(2257,'15324','Groß Neuendorf',1),(2258,'15324','Neubarnim',1),(2259,'15324','Gieshof-Zelliner Loose',1),(2260,'15324','Kienitz',1),(2261,'15324','Kiehnwerder',1),(2262,'15324','Letschin',1),(2263,'15326','Lebus',1),(2264,'15326','Podelzig',1),(2265,'15326','Zeschdorf',1),(2266,'15326','Fichtenhöhe',1),(2267,'15328','Reitwein',1),(2268,'15328','Golzow',1),(2269,'15328','Alt Tucheband',1),(2270,'15328','Küstriner Vorland',1),(2271,'15328','Zechin',1),(2272,'15328','Bleyen-Genschmar',1),(2273,'15344','Strausberg',1),(2274,'15345','Oberbarnim',1),(2275,'15345','Garzau-Garzin',1),(2276,'15345','Lichtenow',1),(2277,'15345','Rehfelde',1),(2278,'15345','Prötzel',1),(2279,'15345','Reichenow-Möglin',1),(2280,'15345','Zinndorf',1),(2281,'15345','Petershagen-Eggersdorf',1),(2282,'15345','Altlandsberg',1),(2283,'15345','Werder',1),(2284,'15366','Dahlwitz-Hoppegarten',1),(2285,'15366','Neuenhagen bei Berlin',1),(2286,'15366','Hönow',1),(2287,'15366','Münchehofe',1),(2288,'15370','Fredersdorf-Vogelsdorf',1),(2289,'15370','Petershagen-Eggersdorf',1),(2290,'15374','Müncheberg',1),(2291,'15377','Oberbarnim',1),(2292,'15377','Ihlow',1),(2293,'15377','Märkische Höhe',1),(2294,'15377','Buckow',1),(2295,'15377','Waldsieversdorf',1),(2296,'15378','Hennickendorf',1),(2297,'15378','Herzfelde',1),(2298,'15517','Fürstenwalde/Spree',1),(2299,'15518','Grünheide (Mark)',1),(2300,'15518','Rauen',1),(2301,'15518','Briesen (Mark)',1),(2302,'15518','Steinhöfel',1),(2303,'15518','Madlitz-Wilmersdorf',1),(2304,'15518','Falkenberg',1),(2305,'15518','Berkenbrück',1),(2306,'15518','Langewahl',1),(2307,'15526','Bad Saarow',1),(2308,'15526','Reichenwalde',1),(2309,'15526','Rietz-Neuendorf',1),(2310,'15528','Grünheide (Mark)',1),(2311,'15528','Spreenhagen',1),(2312,'15537','Grünheide (Mark)',1),(2313,'15537','Gosen',1),(2314,'15537','Erkner',1),(2315,'15537','Wernsdorf',1),(2316,'15562','Rüdersdorf bei Berlin',1),(2317,'15566','Schöneiche bei Berlin',1),(2318,'15569','Woltersdorf',1),(2319,'15711','Zeesen',1),(2320,'15711','Königs Wusterhausen',1),(2321,'15711','Schenkendorf',1),(2322,'15732','Schulzendorf',1),(2323,'15732','Eichwalde',1),(2324,'15732','Waltersdorf',1),(2325,'15738','Zeuthen',1),(2326,'15741','Motzen',1),(2327,'15741','Pätz',1),(2328,'15741','Bestensee',1),(2329,'15741','Gräbendorf',1),(2330,'15745','Wildau',1),(2331,'15746','Groß Köris',1),(2332,'15748','Münchehofe',1),(2333,'15748','Märkisch Buchholz',1),(2334,'15749','Kiekebusch',1),(2335,'15749','Mittenwalde',1),(2336,'15749','Ragow',1),(2337,'15749','Brusendorf',1),(2338,'15749','Gallun',1),(2339,'15751','Niederlehme',1),(2340,'15752','Prieros',1),(2341,'15752','Streganz',1),(2342,'15752','Kolberg',1),(2343,'15754','Blossin',1),(2344,'15754','Senzig',1),(2345,'15754','Dolgenbrodt',1),(2346,'15754','Wolzig',1),(2347,'15754','Bindow',1),(2348,'15754','Gussow',1),(2349,'15754','Dannenreich',1),(2350,'15754','Friedersdorf',1),(2351,'15755','Teupitz',1),(2352,'15755','Schwerin',1),(2353,'15755','Töpchin',1),(2354,'15757','Löpten',1),(2355,'15757','Oderin',1),(2356,'15757','Briesen',1),(2357,'15757','Halbe',1),(2358,'15757','Freidorf',1),(2359,'15758','Kablow',1),(2360,'15758','Zernsdorf',1),(2361,'15806','Kummersdorf-Alexanderdorf',1),(2362,'15806','Kallinchen',1),(2363,'15806','Mellensee',1),(2364,'15806','Groß Machnow',1),(2365,'15806','Zossen',1),(2366,'15806','Schöneiche',1),(2367,'15806','Nächst Neuendorf',1),(2368,'15806','Nunsdorf',1),(2369,'15806','Rehagen',1),(2370,'15806','Telz',1),(2371,'15806','Gadsdorf',1),(2372,'15806','Glienick',1),(2373,'15806','Groß Schulzendorf',1),(2374,'15806','Saalow',1),(2375,'15827','Dahlewitz',1),(2376,'15827','Blankenfelde',1),(2377,'15831','Waßmannsdorf',1),(2378,'15831','Diepensee',1),(2379,'15831','Jühnsdorf',1),(2380,'15831','Groß Kienitz',1),(2381,'15831','Großziethen',1),(2382,'15831','Selchow',1),(2383,'15831','Mahlow',1),(2384,'15834','Rangsdorf',1),(2385,'15837','Baruth/Mark',1),(2386,'15838','Sperenberg',1),(2387,'15838','Kummersdorf-Gut',1),(2388,'15838','Klausdorf',1),(2389,'15838','Wünsdorf',1),(2390,'15848','Tauche',1),(2391,'15848','Friedland',1),(2392,'15848','Rietz-Neuendorf',1),(2393,'15848','Speichrow',1),(2394,'15848','Ragow-Merz',1),(2395,'15848','Beeskow',1),(2396,'15848','Plattkow',1),(2397,'15859','Kummersdorf',1),(2398,'15859','Storkow (Mark)',1),(2399,'15864','Rietz-Neuendorf',1),(2400,'15864','Diensdorf-Radlow',1),(2401,'15864','Wendisch Rietz',1),(2402,'15868','Friedland',1),(2403,'15868','Leeskow',1),(2404,'15868','Jamlitz',1),(2405,'15868','Lieberose',1),(2406,'15868','Ullersdorf',1),(2407,'15868','Doberburg',1),(2408,'15890','Eisenhüttenstadt',1),(2409,'15890','Schlaubetal',1),(2410,'15890','Siehdichum',1),(2411,'15890','Vogelsang',1),(2412,'15898','Neuzelle',1),(2413,'15898','Neißemünde',1),(2414,'15898','Lawitz',1),(2415,'15907','Lübben (Spreewald)',1),(2416,'15910','Wittmannsdorf-Bückchen',1),(2417,'15910','Pretschen',1),(2418,'15910','Dürrenhofe',1),(2419,'15910','Hohenbrück-Neu Schadow',1),(2420,'15910','Rietzneuendorf-Staakow',1),(2421,'15910','Unterspreewald',1),(2422,'15910','Schönwald',1),(2423,'15910','Schuhlen-Wiese',1),(2424,'15910','Alt-Schadow',1),(2425,'15910','Krausnick-Groß Wasserburg',1),(2426,'15910','Schlepzig',1),(2427,'15910','Kuschkow',1),(2428,'15910','Gröditsch',1),(2429,'15913','Dollgen',1),(2430,'15913','Sacrow-Waldow',1),(2431,'15913','Alt Zauche',1),(2432,'15913','Mochow',1),(2433,'15913','Krugau',1),(2434,'15913','Glietz',1),(2435,'15913','Groß Leuthen',1),(2436,'15913','Byhlen',1),(2437,'15913','Caminchen',1),(2438,'15913','Ressen-Zaue',1),(2439,'15913','Lamsfeld-Groß Liebitz',1),(2440,'15913','Laasow',1),(2441,'15913','Leibchel',1),(2442,'15913','Straupitz',1),(2443,'15913','Wußwerk',1),(2444,'15913','Neu Zauche',1),(2445,'15913','Groß Leine',1),(2446,'15913','Byhleguhre',1),(2447,'15913','Jessern',1),(2448,'15913','Klein Leine',1),(2449,'15913','Goyatz',1),(2450,'15913','Butzen',1),(2451,'15913','Briesensee',1),(2452,'15913','Biebersdorf',1),(2453,'15926','Bersteland',1),(2454,'15926','Heideblick',1),(2455,'15926','Luckau',1),(2456,'15926','Duben',1),(2457,'15926','Cahnsdorf',1),(2458,'15926','Schlabendorf',1),(2459,'15926','Görlsdorf',1),(2460,'15926','Walddrehna',1),(2461,'15936','Dahmetal',1),(2462,'15936','Dahme/Mark',1),(2463,'15936','Steinreich',1),(2464,'15938','Kasel-Golzig',1),(2465,'15938','Steinreich',1),(2466,'15938','Drahnsdorf',1),(2467,'15938','Golßen',1),(2468,'16225','Eberswalde',1),(2469,'16230','Sydower Fließ',1),(2470,'16230','Britz',1),(2471,'16230','Breydin',1),(2472,'16230','Melchow',1),(2473,'16230','Chorin',1),(2474,'16244','Finowfurt',1),(2475,'16244','Altenhof',1),(2476,'16247','Joachimsthal',1),(2477,'16247','Friedrichswalde',1),(2478,'16247','Althüttendorf',1),(2479,'16247','Neugrimnitz',1),(2480,'16247','Ziethen',1),(2481,'16248','Lunow-Stolzenhagen',1),(2482,'16248','Parsteinsee',1),(2483,'16248','Hohenfinow',1),(2484,'16248','Oderberg',1),(2485,'16248','Bölkendorf',1),(2486,'16248','Liepe',1),(2487,'16248','Hohensaaten',1),(2488,'16248','Niederfinow',1),(2489,'16259','Heckelberg-Brunow',1),(2490,'16259','Höhenland',1),(2491,'16259','Schiffmühle',1),(2492,'16259','Oderaue',1),(2493,'16259','Beiersdorf-Freudenberg',1),(2494,'16259','Neulewin',1),(2495,'16259','Falkenberg',1),(2496,'16259','Tiefensee',1),(2497,'16259','Bad Freienwalde',1),(2498,'16259','Neuenhagen',1),(2499,'16259','Hohenwutzen',1),(2500,'16259','Altglietzen',1),(2501,'16259','Bralitz',1),(2502,'16269','Wriezener Höhe',1),(2503,'16269','Bliesdorf',1),(2504,'16269','Wriezen',1),(2505,'16278','Schöneberg',1),(2506,'16278','Stolpe/Oder',1),(2507,'16278','Neukünkendorf',1),(2508,'16278','Frauenhagen',1),(2509,'16278','Mürow',1),(2510,'16278','Bruchhagen',1),(2511,'16278','Wilmersdorf',1),(2512,'16278','Crussow',1),(2513,'16278','Wolletz',1),(2514,'16278','Welsow',1),(2515,'16278','Mark Landin',1),(2516,'16278','Biesenbrow',1),(2517,'16278','Kerkow',1),(2518,'16278','Angermünde',1),(2519,'16278','Herzsprung',1),(2520,'16278','Görlsdorf',1),(2521,'16278','Günterberg',1),(2522,'16278','Greiffenberg',1),(2523,'16278','Gellmersdorf',1),(2524,'16278','Steinhöfel',1),(2525,'16278','Schmargendorf',1),(2526,'16278','Schmiedeberg',1),(2527,'16278','Pinnow',1),(2528,'16303','Schwedt/Oder',1),(2529,'16306','Groß Pinnow',1),(2530,'16306','Casekow',1),(2531,'16306','Hohenselchow',1),(2532,'16306','Wartin',1),(2533,'16306','Schönow',1),(2534,'16306','Vierraden',1),(2535,'16306','Luckow-Petershagen',1),(2536,'16306','Stendell',1),(2537,'16306','Biesendahlshof',1),(2538,'16306','Zichow',1),(2539,'16306','Berkholz-Meyenburg',1),(2540,'16306','Woltersdorf',1),(2541,'16306','Friedrichsthal',1),(2542,'16306','Blumberg',1),(2543,'16306','Welsebruch',1),(2544,'16306','Passow',1),(2545,'16307','Geesow',1),(2546,'16307','Neurochlitz',1),(2547,'16307','Mescherin',1),(2548,'16307','Gartz (Oder)',1),(2549,'16307','Schönfeld',1),(2550,'16307','Radekow',1),(2551,'16307','Hohenreinkendorf',1),(2552,'16307','Rosow',1),(2553,'16307','Tantow',1),(2554,'16321','Bernau',1),(2555,'16321','Danewitz',1),(2556,'16321','Lindenberg',1),(2557,'16321','Rüdnitz',1),(2558,'16321','Schönow',1),(2559,'16321','Lobetal',1),(2560,'16321','Börnicke',1),(2561,'16341','Schwanebeck',1),(2562,'16341','Zepernick',1),(2563,'16348','Marienwerder',1),(2564,'16348','Wandlitz',1),(2565,'16348','Klosterfelde',1),(2566,'16348','Zerpenschleuse',1),(2567,'16348','Stolzenhagen',1),(2568,'16348','Groß Schönebeck (Schorfheide)',1),(2569,'16348','Prenden',1),(2570,'16348','Ruhlsdorf',1),(2571,'16352','Schönerlinde',1),(2572,'16352','Basdorf',1),(2573,'16352','Schönwalde',1),(2574,'16356','Werneuchen',1),(2575,'16356','Seefeld',1),(2576,'16356','Blumberg',1),(2577,'16356','Krummensee',1),(2578,'16356','Eiche',1),(2579,'16356','Wilmersdorf',1),(2580,'16356','Ahrensfelde',1),(2581,'16356','Schönfeld',1),(2582,'16356','Hirschfelde',1),(2583,'16356','Mehrow',1),(2584,'16359','Biesenthal',1),(2585,'16359','Lanke',1),(2586,'16515','Nassenheide',1),(2587,'16515','Wensickendorf',1),(2588,'16515','Freienhagen',1),(2589,'16515','Oranienburg',1),(2590,'16515','Friedrichsthal',1),(2591,'16515','Schmachtenhagen',1),(2592,'16515','Neuholland',1),(2593,'16515','Zehlendorf',1),(2594,'16515','Malz',1),(2595,'16515','Zühlsdorf',1),(2596,'16540','Hohen Neuendorf',1),(2597,'16540','Stolpe',1),(2598,'16547','Birkenwerder',1),(2599,'16548','Glienicke/Nordbahn',1),(2600,'16552','Schildow',1),(2601,'16559','Liebenthal',1),(2602,'16559','Kreuzbruch',1),(2603,'16559','Liebenwalde',1),(2604,'16559','Hammer',1),(2605,'16565','Lehnitz',1),(2606,'16567','Mühlenbeck',1),(2607,'16567','Schönfließ',1),(2608,'16727','Velten',1),(2609,'16727','Oberkrämer',1),(2610,'16761','Hennigsdorf',1),(2611,'16766','Kremmen',1),(2612,'16766','Oberkrämer',1),(2613,'16767','Germendorf',1),(2614,'16767','Leegebruch',1),(2615,'16775','Schulzendorf',1),(2616,'16775','Blumenow',1),(2617,'16775','Burgwall',1),(2618,'16775','Kappe',1),(2619,'16775','Badingen',1),(2620,'16775','Löwenberger Land',1),(2621,'16775','Zabelsdorf',1),(2622,'16775','Marienthal',1),(2623,'16775','Schönermark',1),(2624,'16775','Großwoltersdorf',1),(2625,'16775','Bredereiche',1),(2626,'16775','Krewelin',1),(2627,'16775','Tornow',1),(2628,'16775','Barsdorf',1),(2629,'16775','Mildenberg',1),(2630,'16775','Klein-Mutz',1),(2631,'16775','Rönnebeck',1),(2632,'16775','Gransee',1),(2633,'16775','Stechlin',1),(2634,'16775','Sonnenberg',1),(2635,'16792','Kurtschlag',1),(2636,'16792','Zehdenick',1),(2637,'16792','Wesendorf',1),(2638,'16798','Steinförde',1),(2639,'16798','Altthymen',1),(2640,'16798','Himmelpfort',1),(2641,'16798','Fürstenberg/Havel',1),(2642,'16798','Zootzen',1),(2643,'16816','Neuruppin',1),(2644,'16818','Walsleben',1),(2645,'16818','Dabergotz',1),(2646,'16818','Storbeck-Frankendorf',1),(2647,'16818','Temnitzquell',1),(2648,'16818','Märkisch Linden',1),(2649,'16831','Rheinsberg',1),(2650,'16833','Fehrbellin',1),(2651,'16835','Rüthnick',1),(2652,'16835','Lindow (Mark)',1),(2653,'16835','Herzberg',1),(2654,'16845','Großderschau',1),(2655,'16845','Temnitztal',1),(2656,'16845','Neustadt (Dosse)',1),(2657,'16845','Märkisch Linden',1),(2658,'16845','Breddin',1),(2659,'16845','Dreetz',1),(2660,'16845','Sieversdorf-Hohenofen',1),(2661,'16845','Stüdenitz-Schönermark',1),(2662,'16845','Zernitz-Lohm',1),(2663,'16866','Groß Welle',1),(2664,'16866','Gumtow',1),(2665,'16866','Granzow',1),(2666,'16866','Kolrep',1),(2667,'16866','Demerthin',1),(2668,'16866','Görike',1),(2669,'16866','Döllen',1),(2670,'16866','Dannenwalde',1),(2671,'16866','Schönhagen',1),(2672,'16866','Wutike',1),(2673,'16866','Kunow',1),(2674,'16866','Vehlin',1),(2675,'16866','Barenthin',1),(2676,'16866','Vehlow',1),(2677,'16866','Schrepkow',1),(2678,'16866','Kyritz',1),(2679,'16868','Wusterhausen (Dosse)',1),(2680,'16909','Wittstock/Dosse',1),(2681,'16909','Heiligengrabe',1),(2682,'16928','Tüchen',1),(2683,'16928','Groß Pankow',1),(2684,'16928','Groß Woltersdorf',1),(2685,'16928','Kuhbier',1),(2686,'16928','Falkenhagen',1),(2687,'16928','Buchholz',1),(2688,'16928','Sadenbeck',1),(2689,'16928','Kehrberg',1),(2690,'16928','Steffenshagen',1),(2691,'16928','Wilmersdorf',1),(2692,'16928','Klein Woltersdorf',1),(2693,'16928','Beveringen',1),(2694,'16928','Kuhsdorf',1),(2695,'16928','Schönebeck',1),(2696,'16928','Hoppenrade',1),(2697,'16928','Helle',1),(2698,'16928','Mesendorf',1),(2699,'16928','Boddin-Langnow',1),(2700,'16928','Pritzwalk',1),(2701,'16928','Lindenberg',1),(2702,'16928','Kemnitz',1),(2703,'16928','Vettin',1),(2704,'16928','Alt Krüssow',1),(2705,'16928','Gerdshagen',1),(2706,'16945','Meyenburg',1),(2707,'16945','Marienfließ',1),(2708,'16945','Kümmernitztal',1),(2709,'16945','Halenbeck-Rohlsdorf',1),(2710,'16949','Putlitz',1),(2711,'16949','Triglitz',1),(2712,'17033','Neubrandenburg',1),(2713,'17034','Neubrandenburg',1),(2714,'17036','Neubrandenburg',1),(2715,'17039','Neuenkirchen',1),(2716,'17039','Neverin',1),(2717,'17039','Zirzow',1),(2718,'17039','Neddemin',1),(2719,'17039','Warlin',1),(2720,'17039','Sponholz',1),(2721,'17039','Staven',1),(2722,'17039','Wulkenzin',1),(2723,'17039','Trollenhagen',1),(2724,'17039','Woggersin',1),(2725,'17039','Brunn',1),(2726,'17039','Blankenhof',1),(2727,'17039','Beseritz',1),(2728,'17087','Altentreptow',1),(2729,'17089','Grapzow',1),(2730,'17089','Siedenbollentin',1),(2731,'17089','Gnevkow',1),(2732,'17089','Burow',1),(2733,'17089','Bartow',1),(2734,'17089','Breest',1),(2735,'17089','Grischow',1),(2736,'17089','Golchen',1),(2737,'17089','Werder',1),(2738,'17089','Gültz',1),(2739,'17091','Groß Teetzleben',1),(2740,'17091','Knorrendorf',1),(2741,'17091','Wolde',1),(2742,'17091','Rosenow',1),(2743,'17091','Tützpatz',1),(2744,'17091','Kriesow',1),(2745,'17091','Altenhagen',1),(2746,'17091','Wildberg',1),(2747,'17091','Pripsleben',1),(2748,'17091','Breesen',1),(2749,'17091','Röckwitz',1),(2750,'17091','Mölln',1),(2751,'17094','Cammin',1),(2752,'17094','Burg Stargard',1),(2753,'17094','Cölpin',1),(2754,'17094','Lindetal',1),(2755,'17094','Groß Nemerow',1),(2756,'17094','Holldorf',1),(2757,'17094','Pragsdorf',1),(2758,'17094','Teschendorf',1),(2759,'17098','Friedland',1),(2760,'17099','Brohm',1),(2761,'17099','Eichhorst',1),(2762,'17099','Schwanbeck',1),(2763,'17099','Glienke',1),(2764,'17099','Datzetal',1),(2765,'17099','Genzkow',1),(2766,'17109','Demmin',1),(2767,'17111','Utzedel',1),(2768,'17111','Beestland',1),(2769,'17111','Sanzkow',1),(2770,'17111','Wotenick',1),(2771,'17111','Kletzin',1),(2772,'17111','Meesiger',1),(2773,'17111','Hohenbollentin',1),(2774,'17111','Warrenzin',1),(2775,'17111','Quitzerow',1),(2776,'17111','Teusin',1),(2777,'17111','Kentzlin',1),(2778,'17111','Sommersdorf',1),(2779,'17111','Borrentin',1),(2780,'17111','Beggerow',1),(2781,'17111','Lindenberg',1),(2782,'17111','Hohenmocker',1),(2783,'17111','Sarow',1),(2784,'17111','Schönfeld',1),(2785,'17111','Upost',1),(2786,'17111','Hohenbrünzow',1),(2787,'17111','Nossendorf',1),(2788,'17111','Siedenbrünzow',1),(2789,'17121','Sassen',1),(2790,'17121','Loitz',1),(2791,'17121','Trantow',1),(2792,'17121','Görmin',1),(2793,'17121','Wüstenfelde',1),(2794,'17121','Düvier',1),(2795,'17126','Jarmen',1),(2796,'17129','Plötz',1),(2797,'17129','Kruckow',1),(2798,'17129','Alt Tellin',1),(2799,'17129','Schmarsow',1),(2800,'17129','Daberkow',1),(2801,'17129','Tutow',1),(2802,'17129','Bentzin',1),(2803,'17129','Völschow',1),(2804,'17139','Duckow',1),(2805,'17139','Faulenrost',1),(2806,'17139','Basedow',1),(2807,'17139','Remplin',1),(2808,'17139','Gielow',1),(2809,'17139','Kummerow',1),(2810,'17139','Malchin',1),(2811,'17139','Schwinkendorf',1),(2812,'17153','Grammentin',1),(2813,'17153','Reuterstadt Stavenhagen',1),(2814,'17153','Briggow',1),(2815,'17153','Bredenfelde',1),(2816,'17153','Gülzow',1),(2817,'17153','Zettemin',1),(2818,'17153','Kittendorf',1),(2819,'17153','Ritzerow',1),(2820,'17153','Ivenack',1),(2821,'17153','Jürgenstorf',1),(2822,'17154','Neukalen',1),(2823,'17159','Wagun',1),(2824,'17159','Zarnekow',1),(2825,'17159','Brudersdorf',1),(2826,'17159','Stubbendorf',1),(2827,'17159','Dargun',1),(2828,'17166','Teterow',1),(2829,'17166','Dalkendorf',1),(2830,'17166','Groß Wokern',1),(2831,'17166','Bülow',1),(2832,'17166','Dahmen',1),(2833,'17166','Bristow',1),(2834,'17166','Hohen Demzin',1),(2835,'17166','Groß Roge',1),(2836,'17166','Alt Sührkow',1),(2837,'17168','Thürkow',1),(2838,'17168','Neu Heinde',1),(2839,'17168','Poggelow',1),(2840,'17168','Lelkendorf',1),(2841,'17168','Sukow-Marienhof',1),(2842,'17168','Matgendorf',1),(2843,'17168','Warnkenhagen',1),(2844,'17168','Remlin',1),(2845,'17168','Levitzow',1),(2846,'17168','Jördenstorf',1),(2847,'17168','Groß Wüstenfelde',1),(2848,'17168','Prebberede',1),(2849,'17179','Lühburg',1),(2850,'17179','Boddin',1),(2851,'17179','Walkendorf',1),(2852,'17179','Wasdow',1),(2853,'17179','Altkalen',1),(2854,'17179','Behren-Lübchin',1),(2855,'17179','Gnoien',1),(2856,'17179','Finkenthal',1),(2857,'17192','Alt Schönau',1),(2858,'17192','Torgelow am See',1),(2859,'17192','Groß Dratow',1),(2860,'17192','Waren (Müritz)',1),(2861,'17192','Schloen',1),(2862,'17192','Klink',1),(2863,'17192','Groß Plasten',1),(2864,'17192','Groß Gievitz',1),(2865,'17192','Kargow',1),(2866,'17192','Varchentin',1),(2867,'17192','Lansen',1),(2868,'17194','Hinrichshagen',1),(2869,'17194','Lupendorf',1),(2870,'17194','Neu Gaarz',1),(2871,'17194','Vollrathsruhe',1),(2872,'17194','Jabel',1),(2873,'17194','Grabowhöfe',1),(2874,'17194','Moltzow',1),(2875,'17194','Vielist',1),(2876,'17194','Hohen Wangelin',1),(2877,'17194','Klocksin',1),(2878,'17207','Bollewick',1),(2879,'17207','Röbel/Müritz',1),(2880,'17207','Kambs',1),(2881,'17207','Ludorf',1),(2882,'17207','Gotthun',1),(2883,'17207','Groß Kelle',1),(2884,'17209','Vipperow',1),(2885,'17209','Rogeez',1),(2886,'17209','Sietow',1),(2887,'17209','Melz',1),(2888,'17209','Zislow',1),(2889,'17209','Priborn',1),(2890,'17209','Bütow',1),(2891,'17209','Leizen',1),(2892,'17209','Walow',1),(2893,'17209','Grabow-Below',1),(2894,'17209','Fincken',1),(2895,'17209','Satow',1),(2896,'17209','Massow',1),(2897,'17209','Jaebetz',1),(2898,'17209','Stuer',1),(2899,'17209','Zepkow',1),(2900,'17209','Minzow',1),(2901,'17209','Kieve',1),(2902,'17209','Altenhof',1),(2903,'17209','Wredenhagen',1),(2904,'17209','Buchholz',1),(2905,'17213','Göhren-Lebbin',1),(2906,'17213','Kogel',1),(2907,'17213','Penkow',1),(2908,'17213','Malchow',1),(2909,'17213','Adamshoffnung',1),(2910,'17213','Grüssow',1),(2911,'17213','Lexow',1),(2912,'17214','Silz',1),(2913,'17214','Alt Schwerin',1),(2914,'17214','Nossentiner Hütte',1),(2915,'17217','Alt Rehse',1),(2916,'17217','Lapitz',1),(2917,'17217','Klein Lukow',1),(2918,'17217','Mollenstorf',1),(2919,'17217','Groß Vielen',1),(2920,'17217','Krukow',1),(2921,'17217','Puchow',1),(2922,'17217','Mallin',1),(2923,'17217','Penzlin',1),(2924,'17219','Marihn',1),(2925,'17219','Möllenhagen',1),(2926,'17219','Groß Flotow',1),(2927,'17219','Ankershagen',1),(2928,'17235','Neustrelitz',1),(2929,'17237','Carpin',1),(2930,'17237','Grünow',1),(2931,'17237','Wokuhl-Dabelow',1),(2932,'17237','Blankensee',1),(2933,'17237','Kratzeburg',1),(2934,'17237','Blumenholz',1),(2935,'17237','Godendorf',1),(2936,'17237','Userin',1),(2937,'17237','Möllenbeck',1),(2938,'17237','Klein Vielen',1),(2939,'17237','Watzkendorf',1),(2940,'17237','Hohenzieritz',1),(2941,'17248','Rechlin',1),(2942,'17248','Lärz',1),(2943,'17252','Diemitz',1),(2944,'17252','Mirow',1),(2945,'17252','Schwarz',1),(2946,'17252','Roggentin',1),(2947,'17255','Wustrow',1),(2948,'17255','Wesenberg',1),(2949,'17255','Priepert',1),(2950,'17258','Feldberger Seenlandschaft',1),(2951,'17259','Feldberger Seenlandschaft',1),(2952,'17268','Gerswalde',1),(2953,'17268','Petznick',1),(2954,'17268','Hammelspring',1),(2955,'17268','Boitzenburger Land',1),(2956,'17268','Flieth-Stegelitz',1),(2957,'17268','Temmen-Ringenwalde',1),(2958,'17268','Densow',1),(2959,'17268','Grunewald',1),(2960,'17268','Röddelin',1),(2961,'17268','Vietmannsdorf',1),(2962,'17268','Templin',1),(2963,'17268','Klosterwalde',1),(2964,'17268','Gandenitz',1),(2965,'17268','Herzfelde',1),(2966,'17268','Beutel',1),(2967,'17268','Milmersdorf',1),(2968,'17268','Mittenwalde',1),(2969,'17268','Groß Dölln',1),(2970,'17268','Gollin',1),(2971,'17268','Storkow',1),(2972,'17279','Lychen',1),(2973,'17291','Carmzow-Wallmow',1),(2974,'17291','Prenzlau',1),(2975,'17291','Göritz',1),(2976,'17291','Schenkenberg',1),(2977,'17291','Uckerfelde',1),(2978,'17291','Randowtal',1),(2979,'17291','Oberuckersee',1),(2980,'17291','Grünow',1),(2981,'17291','Gramzow',1),(2982,'17291','Schönfeld',1),(2983,'17291','Nordwestuckermark',1),(2984,'17309','Krugsdorf',1),(2985,'17309','Papendorf',1),(2986,'17309','Fahrenwalde',1),(2987,'17309','Pasewalk',1),(2988,'17309','Marienthal',1),(2989,'17309','Nieden',1),(2990,'17309','Viereck',1),(2991,'17309','Belling',1),(2992,'17309','Damerow',1),(2993,'17309','Zerrenthin',1),(2994,'17309','Jatznick',1),(2995,'17309','Züsedom',1),(2996,'17309','Rollwitz',1),(2997,'17309','Polzow',1),(2998,'17309','Schönwalde',1),(2999,'17309','Koblentz',1),(3000,'17309','Brietzig',1),(3001,'17321','Plöwen',1),(3002,'17321','Ramin',1),(3003,'17321','Bergholz',1),(3004,'17321','Glashütte',1),(3005,'17321','Löcknitz',1),(3006,'17321','Rothenklempenow',1),(3007,'17322','Glasow',1),(3008,'17322','Pampow',1),(3009,'17322','Rossow',1),(3010,'17322','Grambow',1),(3011,'17322','Mewegen',1),(3012,'17322','Blankensee',1),(3013,'17322','Bismark',1),(3014,'17322','Boock',1),(3015,'17322','Lebehn',1),(3016,'17326','Brüssow',1),(3017,'17328','Wollin',1),(3018,'17328','Penkun',1),(3019,'17329','Krackow',1),(3020,'17329','Nadrensee',1),(3021,'17335','Strasburg',1),(3022,'17337','Uckerland',1),(3023,'17337','Klein Luckow',1),(3024,'17337','Groß Luckow',1),(3025,'17337','Galenbeck',1),(3026,'17337','Blumenhagen',1),(3027,'17337','Schönhausen',1),(3028,'17348','Neu Käbelich',1),(3029,'17348','Lindetal',1),(3030,'17348','Groß Daberkow',1),(3031,'17348','Mildenitz',1),(3032,'17348','Petersdorf',1),(3033,'17348','Woldegk',1),(3034,'17349','Neetzka',1),(3035,'17349','Kublank',1),(3036,'17349','Helpt',1),(3037,'17349','Schönbeck',1),(3038,'17349','Groß Miltzow',1),(3039,'17349','Lindetal',1),(3040,'17349','Voigtsdorf',1),(3041,'17358','Hammer',1),(3042,'17358','Torgelow-Holländerei',1),(3043,'17358','Torgelow',1),(3044,'17367','Eggesin',1),(3045,'17373','Ueckermünde',1),(3046,'17375','Ahlbeck',1),(3047,'17375','Hintersee',1),(3048,'17375','Mönkebude',1),(3049,'17375','Grambin',1),(3050,'17375','Meiersberg',1),(3051,'17375','Liepgarten',1),(3052,'17375','Leopoldshagen',1),(3053,'17375','Luckow',1),(3054,'17375','Vogelsang-Warsin',1),(3055,'17375','Altwarp',1),(3056,'17379','Wilhelmsburg',1),(3057,'17379','Neuendorf A',1),(3058,'17379','Rothemühl',1),(3059,'17379','Lübs',1),(3060,'17379','Wietstock',1),(3061,'17379','Heinrichswalde',1),(3062,'17379','Heinrichsruh',1),(3063,'17379','Altwigshagen',1),(3064,'17379','Ferdinandshof',1),(3065,'17389','Anklam',1),(3066,'17390','Groß Polzin',1),(3067,'17390','Schmatzin',1),(3068,'17390','Murchin',1),(3069,'17390','Rubkow',1),(3070,'17390','Klein Bünzow',1),(3071,'17390','Ziethen',1),(3072,'17391','Postlow',1),(3073,'17391','Iven',1),(3074,'17391','Liepen',1),(3075,'17391','Steinmocker',1),(3076,'17391','Medow',1),(3077,'17391','Krien',1),(3078,'17391','Nerdin',1),(3079,'17391','Neuendorf B',1),(3080,'17391','Krusenfelde',1),(3081,'17391','Neetzow',1),(3082,'17391','Stolpe',1),(3083,'17392','Pelsin',1),(3084,'17392','Blesewitz',1),(3085,'17392','Zinzow',1),(3086,'17392','Spantekow',1),(3087,'17392','Neuenkirchen',1),(3088,'17392','Boldekow',1),(3089,'17392','Butzow',1),(3090,'17392','Putzar',1),(3091,'17392','Drewelow',1),(3092,'17392','Japenzin',1),(3093,'17392','Sarnow',1),(3094,'17398','Rossin',1),(3095,'17398','Rathebur',1),(3096,'17398','Bargischow',1),(3097,'17398','Ducherow',1),(3098,'17398','Löwitz',1),(3099,'17398','Schwerinsburg',1),(3100,'17398','Bugewitz',1),(3101,'17398','Neu Kosenow',1),(3102,'17406','Stolpe auf Usedom',1),(3103,'17406','Rankwitz',1),(3104,'17406','Usedom',1),(3105,'17406','Morgenitz',1),(3106,'17419','Garz',1),(3107,'17419','Dargen',1),(3108,'17419','Ahlbeck',1),(3109,'17419','Zirchow',1),(3110,'17419','Kamminke',1),(3111,'17419','Korswandt',1),(3112,'17424','Heringsdorf',1),(3113,'17429','Mellenthin',1),(3114,'17429','Benz',1),(3115,'17429','Pudagla',1),(3116,'17429','Bansin',1),(3117,'17429','Neppermin',1),(3118,'17438','Wolgast',1),(3119,'17440','Kröslin',1),(3120,'17440','Zemitz',1),(3121,'17440','Buggenhagen',1),(3122,'17440','Hohendorf',1),(3123,'17440','Pulow',1),(3124,'17440','Buddenhagen',1),(3125,'17440','Krummin',1),(3126,'17440','Lassan',1),(3127,'17440','Sauzin',1),(3128,'17440','Lütow',1),(3129,'17440','Groß Ernsthof',1),(3130,'17449','Peenemünde',1),(3131,'17449','Karlshagen',1),(3132,'17449','Mölschow',1),(3133,'17449','Trassenheide',1),(3134,'17454','Zinnowitz',1),(3135,'17459','Zempin',1),(3136,'17459','Koserow',1),(3137,'17459','Loddin',1),(3138,'17459','Ückeritz',1),(3139,'17489','Greifswald',1),(3140,'17491','Greifswald',1),(3141,'17493','Greifswald',1),(3142,'17495','Ranzin',1),(3143,'17495','Lühmannsdorf',1),(3144,'17495','Züssow',1),(3145,'17495','Karlsburg',1),(3146,'17495','Groß Kiesow',1),(3147,'17495','Wrangelsburg',1),(3148,'17498','Wackerow',1),(3149,'17498','Dargelin',1),(3150,'17498','Behrenhoff',1),(3151,'17498','Levenhagen',1),(3152,'17498','Weitenhagen',1),(3153,'17498','Mesekenhagen',1),(3154,'17498','Neuenkirchen',1),(3155,'17498','Hinrichshagen',1),(3156,'17498','Diedrichshagen',1),(3157,'17498','Dersekow',1),(3158,'17506','Kölzin',1),(3159,'17506','Lüssow',1),(3160,'17506','Breechen',1),(3161,'17506','Bandelin',1),(3162,'17506','Gribow',1),(3163,'17506','Gützkow',1),(3164,'17506','Kammin',1),(3165,'17509','Wusterhusen',1),(3166,'17509','Neu Boltenhagen',1),(3167,'17509','Kemnitz',1),(3168,'17509','Hanshagen',1),(3169,'17509','Rubenow',1),(3170,'17509','Brünzow',1),(3171,'17509','Lubmin',1),(3172,'17509','Katzow',1),(3173,'17509','Loissin',1),(3174,'18055','Rostock',1),(3175,'18057','Rostock',1),(3176,'18059','Rostock',1),(3177,'18059','Ziesendorf',1),(3178,'18059','Pölchow',1),(3179,'18059','Papendorf',1),(3180,'18069','Rostock',1),(3181,'18069','Lambrechtshagen',1),(3182,'18106','Rostock',1),(3183,'18107','Elmenhorst-Lichtenhagen',1),(3184,'18107','Rostock',1),(3185,'18109','Rostock',1),(3186,'18119','Rostock',1),(3187,'18146','Rostock',1),(3188,'18147','Rostock',1),(3189,'18181','Seeheilbad Graal-Müritz',1),(3190,'18182','Rövershagen',1),(3191,'18182','Blankenhagen',1),(3192,'18182','Mönchhagen',1),(3193,'18182','Bentwisch',1),(3194,'18182','Gelbensande',1),(3195,'18184','Poppendorf',1),(3196,'18184','Hohenfelde',1),(3197,'18184','Broderstorf',1),(3198,'18184','Klein Kussewitz',1),(3199,'18184','Thulendorf',1),(3200,'18184','Steinfeld',1),(3201,'18184','Mandelshagen',1),(3202,'18184','Roggentin',1),(3203,'18190','Sanitz',1),(3204,'18195','Grammow',1),(3205,'18195','Selpin',1),(3206,'18195','Zarnewanz',1),(3207,'18195','Cammin',1),(3208,'18195','Tessin',1),(3209,'18195','Thelkow',1),(3210,'18195','Gnewitz',1),(3211,'18195','Stubbendorf',1),(3212,'18195','Nustrow',1),(3213,'18196','Dummerstorf',1),(3214,'18196','Prisannewitz',1),(3215,'18196','Kavelstorf',1),(3216,'18196','Damm',1),(3217,'18196','Kessin',1),(3218,'18196','Lieblingshof',1),(3219,'18198','Kritzmow',1),(3220,'18198','Stäbelow',1),(3221,'18209','Steffenshagen',1),(3222,'18209','Bad Doberan',1),(3223,'18209','Wittenbeck',1),(3224,'18209','Reddelich',1),(3225,'18209','Bartenshagen-Parkentin',1),(3226,'18211','Retschow',1),(3227,'18211','Börgerende-Rethwisch',1),(3228,'18211','Nienhagen',1),(3229,'18211','Admannshagen-Bargeshagen',1),(3230,'18225','Kühlungsborn',1),(3231,'18230','Biendorf',1),(3232,'18230','Bastorf',1),(3233,'18230','Rerik',1),(3234,'18230','Jennewitz',1),(3235,'18233','Alt Bukow',1),(3236,'18233','Karin',1),(3237,'18233','Kamin',1),(3238,'18233','Neubukow',1),(3239,'18233','Krempin',1),(3240,'18233','Pepelow',1),(3241,'18233','Rakow',1),(3242,'18233','Ravensberg',1),(3243,'18233','Westenbrügge',1),(3244,'18233','Kirch Mulsow',1),(3245,'18236','Altenhagen',1),(3246,'18236','Kröpelin',1),(3247,'18236','Schmadebeck',1),(3248,'18239','Bölkow',1),(3249,'18239','Radegast',1),(3250,'18239','Heiligenhagen',1),(3251,'18239','Satow',1),(3252,'18239','Hanstorf',1),(3253,'18239','Reinshagen',1),(3254,'18246','Klein Belitz',1),(3255,'18246','Baumgarten',1),(3256,'18246','Jürgenshagen',1),(3257,'18246','Steinhagen',1),(3258,'18246','Zepelin',1),(3259,'18246','Neuendorf',1),(3260,'18246','Bützow',1),(3261,'18246','Rühn',1),(3262,'18249','Tarnow',1),(3263,'18249','Dreetz',1),(3264,'18249','Bernitt',1),(3265,'18249','Penzin',1),(3266,'18249','Warnow',1),(3267,'18258','Wiendorf',1),(3268,'18258','Rukieten',1),(3269,'18258','Benitz',1),(3270,'18258','Schwaan',1),(3271,'18258','Bröbberow',1),(3272,'18258','Kassow',1),(3273,'18258','Vorbeck',1),(3274,'18273','Güstrow',1),(3275,'18276','Mistorf',1),(3276,'18276','Gülzow',1),(3277,'18276','Zehna',1),(3278,'18276','Kuhs',1),(3279,'18276','Recknitz',1),(3280,'18276','Bülow',1),(3281,'18276','Mühl Rosin',1),(3282,'18276','Reimershagen',1),(3283,'18276','Glasewitz',1),(3284,'18276','Lohmen',1),(3285,'18276','Groß Schwiesow',1),(3286,'18276','Gutow',1),(3287,'18276','Klein Upahl',1),(3288,'18276','Prüzen',1),(3289,'18276','Lüssow',1),(3290,'18279','Lalendorf',1),(3291,'18279','Langhagen',1),(3292,'18279','Plaaz',1),(3293,'18279','Wattmannshagen',1),(3294,'18292','Dobbin-Linstow',1),(3295,'18292','Hoppenrade',1),(3296,'18292','Kuchelmiß',1),(3297,'18292','Bellin',1),(3298,'18292','Krakow am See',1),(3299,'18299','Diekhof',1),(3300,'18299','Wardow',1),(3301,'18299','Dolgen',1),(3302,'18299','Pölitz',1),(3303,'18299','Hohen Sprenz',1),(3304,'18299','Laage',1),(3305,'18299','Weitendorf',1),(3306,'18299','Alt Kätwin',1),(3307,'18299','Liessow',1),(3308,'18311','Ribnitz-Damgarten',1),(3309,'18314','Lüdershagen',1),(3310,'18314','Kenz-Küstrow',1),(3311,'18314','Bartelshagen II',1),(3312,'18314','Divitz-Spoldershagen',1),(3313,'18314','Löbnitz',1),(3314,'18317','Saal',1),(3315,'18320','Schlemmin',1),(3316,'18320','Trinwillershagen',1),(3317,'18320','Ahrenshagen-Daskow',1),(3318,'18320','Dettmannsdorf',1),(3319,'18334','Breesen',1),(3320,'18334','Schulenberg',1),(3321,'18334','Semlow',1),(3322,'18334','Langsdorf',1),(3323,'18334','Eixen',1),(3324,'18334','Böhlendorf',1),(3325,'18334','Bad Sülze',1),(3326,'18337','Marlow',1),(3327,'18347','Wustrow',1),(3328,'18347','Dierhagen',1),(3329,'18347','Ahrenshoop',1),(3330,'18356','Pruchten',1),(3331,'18356','Fuhlendorf',1),(3332,'18356','Barth',1),(3333,'18374','Zingst',1),(3334,'18375','Wieck',1),(3335,'18375','Prerow',1),(3336,'18375','Born am Darß',1),(3337,'18435','Stralsund',1),(3338,'18437','Stralsund',1),(3339,'18439','Stralsund',1),(3340,'18442','Kummerow',1),(3341,'18442','Neu Bartelshagen',1),(3342,'18442','Jakobsdorf',1),(3343,'18442','Lüssow',1),(3344,'18442','Groß Kordshagen',1),(3345,'18442','Wendorf',1),(3346,'18442','Niepars',1),(3347,'18442','Pantelitz',1),(3348,'18442','Steinhagen',1),(3349,'18445','Prohn',1),(3350,'18445','Groß Mohrdorf',1),(3351,'18445','Kramerhof',1),(3352,'18445','Klausdorf',1),(3353,'18445','Altenpleen',1),(3354,'18445','Preetz',1),(3355,'18461','Richtenberg',1),(3356,'18461','Gremersdorf-Buchholz',1),(3357,'18461','Weitenhagen',1),(3358,'18461','Franzburg',1),(3359,'18461','Millienhagen-Oebelitz',1),(3360,'18465','Hugoldsdorf',1),(3361,'18465','Drechow',1),(3362,'18465','Tribsees',1),(3363,'18469','Karnin',1),(3364,'18469','Velgast',1),(3365,'18507','Grimmen',1),(3366,'18510','Elmenhorst',1),(3367,'18510','Stoltenhagen',1),(3368,'18510','Zarrendorf',1),(3369,'18510','Wittenhagen',1),(3370,'18510','Papenhagen',1),(3371,'18510','Behnkendorf',1),(3372,'18513','Gransebieth',1),(3373,'18513','Wendisch Baggendorf',1),(3374,'18513','Grammendorf',1),(3375,'18513','Splietsdorf',1),(3376,'18513','Glewitz',1),(3377,'18513','Deyelsdorf',1),(3378,'18516','Süderholz',1),(3379,'18519','Brandshagen',1),(3380,'18519','Horst',1),(3381,'18519','Miltzow',1),(3382,'18519','Wilmshagen',1),(3383,'18519','Reinberg',1),(3384,'18519','Kirchdorf',1),(3385,'18528','Lietzow',1),(3386,'18528','Bergen auf Rügen',1),(3387,'18528','Thesenvitz',1),(3388,'18528','Buschvitz',1),(3389,'18528','Patzig',1),(3390,'18528','Zirkow',1),(3391,'18528','Sehlen',1),(3392,'18528','Parchtitz',1),(3393,'18528','Ralswiek',1),(3394,'18528','Rappin',1),(3395,'18546','Sassnitz',1),(3396,'18551','Sagard',1),(3397,'18551','Lohme',1),(3398,'18551','Glowe',1),(3399,'18556','Dranske',1),(3400,'18556','Putgarten',1),(3401,'18556','Altenkirchen',1),(3402,'18556','Wiek',1),(3403,'18556','Breege',1),(3404,'18565','Insel Hiddensee',1),(3405,'18569','Schaprode',1),(3406,'18569','Gingst',1),(3407,'18569','Ummanz',1),(3408,'18569','Trent',1),(3409,'18569','Kluis',1),(3410,'18569','Neuenkirchen',1),(3411,'18573','Altefähr',1),(3412,'18573','Dreschvitz',1),(3413,'18573','Rambin',1),(3414,'18573','Samtens',1),(3415,'18574','Poseritz',1),(3416,'18574','Garz',1),(3417,'18574','Gustow',1),(3418,'18574','Karnitz',1),(3419,'18574','Zudar',1),(3420,'18581','Putbus',1),(3421,'18586','Middelhagen',1),(3422,'18586','Thiessow',1),(3423,'18586','Baabe',1),(3424,'18586','Göhren',1),(3425,'18586','Lancken-Granitz',1),(3426,'18586','Gager',1),(3427,'18586','Sellin',1),(3428,'18609','Binz',1),(3429,'19053','Schwerin',1),(3430,'19055','Schwerin',1),(3431,'19057','Schwerin',1),(3432,'19059','Schwerin',1),(3433,'19061','Schwerin',1),(3434,'19063','Schwerin',1),(3435,'19065','Gneven',1),(3436,'19065','Pinnow',1),(3437,'19065','Godern',1),(3438,'19065','Raben Steinfeld',1),(3439,'19067','Leezen',1),(3440,'19067','Retgendorf',1),(3441,'19067','Langen Brütz',1),(3442,'19067','Rubow',1),(3443,'19067','Cambs',1),(3444,'19069','Zickhusen',1),(3445,'19069','Pingelshagen',1),(3446,'19069','Böken',1),(3447,'19069','Alt Meteln',1),(3448,'19069','Seehof',1),(3449,'19069','Klein Trebbow',1),(3450,'19071','Dalberg-Wendelstorf',1),(3451,'19071','Brüsewitz',1),(3452,'19071','Grambow',1),(3453,'19071','Cramonshagen',1),(3454,'19073','Klein Rogahn',1),(3455,'19073','Wittenförden',1),(3456,'19073','Schossin',1),(3457,'19073','Stralendorf',1),(3458,'19073','Dümmer',1),(3459,'19073','Zülow',1),(3460,'19075','Warsow',1),(3461,'19075','Pampow',1),(3462,'19075','Holthusen',1),(3463,'19077','Rastow',1),(3464,'19077','Sülstorf',1),(3465,'19077','Lübesse',1),(3466,'19077','Uelitz',1),(3467,'19079','Sukow',1),(3468,'19079','Goldenstädt',1),(3469,'19079','Banzkow',1),(3470,'19086','Plate',1),(3471,'19089','Ruthenbeck',1),(3472,'19089','Bülow',1),(3473,'19089','Gädebehn',1),(3474,'19089','Crivitz',1),(3475,'19089','Barnin',1),(3476,'19089','Tramm',1),(3477,'19089','Demen',1),(3478,'19089','Göhren',1),(3479,'19089','Zapel',1),(3480,'19089','Wessin',1),(3481,'19205','Pokrent',1),(3482,'19205','Kneese',1),(3483,'19205','Gadebusch',1),(3484,'19205','Roggendorf',1),(3485,'19205','Rögnitz',1),(3486,'19205','Veelböken',1),(3487,'19205','Mühlen Eichsen',1),(3488,'19205','Dragun',1),(3489,'19205','Krembz',1),(3490,'19209','Lützow',1),(3491,'19209','Badow',1),(3492,'19209','Perlin',1),(3493,'19209','Renzow',1),(3494,'19209','Gottesgabe',1),(3495,'19217','Wedendorf',1),(3496,'19217','Groß Molzahn',1),(3497,'19217','Rieps',1),(3498,'19217','Nesow',1),(3499,'19217','Holdorf',1),(3500,'19217','Demern',1),(3501,'19217','Bülow',1),(3502,'19217','Rehna',1),(3503,'19217','Thandorf',1),(3504,'19217','Köchelstorf',1),(3505,'19217','Löwitz',1),(3506,'19217','Dechow',1),(3507,'19217','Schlagsdorf',1),(3508,'19217','Vitense',1),(3509,'19217','Utecht',1),(3510,'19217','Carlow',1),(3511,'19217','Groß Rünz',1),(3512,'19230','Kuhstorf',1),(3513,'19230','Moraas',1),(3514,'19230','Picher',1),(3515,'19230','Alt Zachun',1),(3516,'19230','Hülseburg',1),(3517,'19230','Kirch Jesar',1),(3518,'19230','Belsch',1),(3519,'19230','Bandenitz',1),(3520,'19230','Hoort',1),(3521,'19230','Pätow',1),(3522,'19230','Pritzier',1),(3523,'19230','Bobzin',1),(3524,'19230','Bresegard',1),(3525,'19230','Hagenow',1),(3526,'19230','Setzin',1),(3527,'19230','Warlitz',1),(3528,'19230','Strohkirchen',1),(3529,'19230','Redefin',1),(3530,'19230','Gammelin',1),(3531,'19230','Groß Krams',1),(3532,'19230','Toddin',1),(3533,'19243','Parum',1),(3534,'19243','Luckwitz',1),(3535,'19243','Karft',1),(3536,'19243','Tessin bei Wittenburg',1),(3537,'19243','Dreilützow',1),(3538,'19243','Dodow',1),(3539,'19243','Körchow',1),(3540,'19243','Waschow',1),(3541,'19243','Drönnewitz',1),(3542,'19243','Wittenburg',1),(3543,'19243','Boddin',1),(3544,'19243','Lehsen',1),(3545,'19246','Valluhn',1),(3546,'19246','Neuhof',1),(3547,'19246','Zarrentin',1),(3548,'19246','Lüttow',1),(3549,'19246','Camin',1),(3550,'19246','Kogel',1),(3551,'19246','Lassahn',1),(3552,'19246','Bantin',1),(3553,'19249','Gößlow',1),(3554,'19249','Jessenitz',1),(3555,'19249','Lübtheen',1),(3556,'19249','Garlitz',1),(3557,'19258','Boizenburg',1),(3558,'19258','Gresse',1),(3559,'19258','Wiebendorf',1),(3560,'19258','Klein Bengerstorf',1),(3561,'19258','Schwanheide',1),(3562,'19258','Tessin bei Boizenburg',1),(3563,'19258','Nostorf',1),(3564,'19258','Gallin',1),(3565,'19258','Neu Gülze',1),(3566,'19258','Greven',1),(3567,'19258','Besitz',1),(3568,'19260','Vellahn',1),(3569,'19260','Rodenwalde',1),(3570,'19260','Bennin',1),(3571,'19260','Dersenow',1),(3572,'19260','Banzin',1),(3573,'19260','Kloddram',1),(3574,'19273','Teldau',1),(3575,'19273','Melkof',1),(3576,'19273','Brahlstorf',1),(3577,'19273','Amt Neuhaus',1),(3578,'19288','Lüblow',1),(3579,'19288','Fahrbinde',1),(3580,'19288','Göhlen',1),(3581,'19288','Alt Krenzlin',1),(3582,'19288','Leussow',1),(3583,'19288','Wöbbelin',1),(3584,'19288','Kummer',1),(3585,'19288','Ludwigslust',1),(3586,'19288','Groß Laasch',1),(3587,'19288','Warlow',1),(3588,'19288','Glaisin',1),(3589,'19294','Grebs',1),(3590,'19294','Malliß',1),(3591,'19294','Malk Göhren',1),(3592,'19294','Gorlosen',1),(3593,'19294','Bresegard',1),(3594,'19294','Neu Kaliß',1),(3595,'19294','Dadow',1),(3596,'19294','Eldena',1),(3597,'19294','Karenz',1),(3598,'19294','Karstädt',1),(3599,'19294','Krinitz',1),(3600,'19294','Niendorf an der Rögnitz',1),(3601,'19300','Grabow',1),(3602,'19300','Milow',1),(3603,'19300','Kremmin',1),(3604,'19300','Balow',1),(3605,'19300','Muchow',1),(3606,'19300','Werle',1),(3607,'19300','Prislich',1),(3608,'19300','Zierzow',1),(3609,'19300','Möllenbeck',1),(3610,'19300','Steesow',1),(3611,'19303','Woosmer',1),(3612,'19303','Heidhof',1),(3613,'19303','Dömitz',1),(3614,'19303','Tewswoos',1),(3615,'19303','Rüterberg',1),(3616,'19303','Vielank',1),(3617,'19303','Polz',1),(3618,'19306','Neustadt-Glewe',1),(3619,'19306','Brenz',1),(3620,'19306','Blievenstorf',1),(3621,'19309','Besandten',1),(3622,'19309','Eldenburg',1),(3623,'19309','Lanz',1),(3624,'19309','Mellen',1),(3625,'19309','Wootz',1),(3626,'19309','Lenzen (Elbe)',1),(3627,'19322','Wittenberge',1),(3628,'19322','Rühstädt',1),(3629,'19322','Weisen',1),(3630,'19322','Cumlosen',1),(3631,'19322','Breese',1),(3632,'19322','Groß Breese',1),(3633,'19336','Viesecke',1),(3634,'19336','Bad Wilsnack',1),(3635,'19336','Legde/Quitzöbel',1),(3636,'19336','Kletzke',1),(3637,'19339','Netzow',1),(3638,'19339','Bendelin',1),(3639,'19339','Glöwen',1),(3640,'19348','Pirow',1),(3641,'19348','Berge',1),(3642,'19348','Perleberg',1),(3643,'19348','Retzin',1),(3644,'19348','Nebelin',1),(3645,'19348','Wolfshagen',1),(3646,'19348','Kleinow',1),(3647,'19348','Gülitz-Reetz',1),(3648,'19348','Baek',1),(3649,'19348','Klein Gottschow',1),(3650,'19348','Krampfer',1),(3651,'19357','Dambeck',1),(3652,'19357','Garlin',1),(3653,'19357','Pröttlin',1),(3654,'19357','Karstädt',1),(3655,'19357','Boberow',1),(3656,'19357','Mankmuß',1),(3657,'19370','Parchim',1),(3658,'19372','Stralendorf',1),(3659,'19372','Karrenzin',1),(3660,'19372','Groß Godems',1),(3661,'19372','Matzlow-Garwitz',1),(3662,'19372','Rom',1),(3663,'19372','Ziegendorf',1),(3664,'19372','Stolpe',1),(3665,'19372','Brunow',1),(3666,'19372','Spornitz',1),(3667,'19372','Herzfeld',1),(3668,'19374','Severin',1),(3669,'19374','Raduhn',1),(3670,'19374','Grebbin',1),(3671,'19374','Groß Niendorf',1),(3672,'19374','Friedrichsruhe',1),(3673,'19374','Zölkow',1),(3674,'19374','Damm',1),(3675,'19374','Domsühl',1),(3676,'19374','Klinken',1),(3677,'19374','Mestlin',1),(3678,'19374','Herzberg',1),(3679,'19376','Suckow',1),(3680,'19376','Siggelkow',1),(3681,'19376','Tessenow',1),(3682,'19376','Marnitz',1),(3683,'19386','Broock',1),(3684,'19386','Kreien',1),(3685,'19386','Passow',1),(3686,'19386','Granzin',1),(3687,'19386','Lutheran',1),(3688,'19386','Gischow',1),(3689,'19386','Gallin-Kuppentin',1),(3690,'19386','Werder',1),(3691,'19386','Kritzow',1),(3692,'19386','Karbow-Vietlübbe',1),(3693,'19386','Lübz',1),(3694,'19386','Wahlstorf',1),(3695,'19395','Plau am See',1),(3696,'19395','Karow',1),(3697,'19395','Retzow',1),(3698,'19395','Wendisch Priborn',1),(3699,'19395','Gnevsdorf',1),(3700,'19395','Ganzlin',1),(3701,'19395','Barkow',1),(3702,'19395','Plauerhagen',1),(3703,'19399','Neu Poserin',1),(3704,'19399','Dobbertin',1),(3705,'19399','Techentin',1),(3706,'19399','Diestelow',1),(3707,'19399','Goldberg',1),(3708,'19399','Wendisch Waren',1),(3709,'19399','Langenhagen',1),(3710,'19406','Dabel',1),(3711,'19406','Hohen Pritz',1),(3712,'19406','Witzin',1),(3713,'19406','Borkow',1),(3714,'19406','Kobrow',1),(3715,'19406','Sternberg',1),(3716,'19406','Groß Görnow',1),(3717,'19406','Mustin',1),(3718,'19412','Blankenberg',1),(3719,'19412','Langen Jarchow',1),(3720,'19412','Weitendorf',1),(3721,'19412','Kuhlen',1),(3722,'19412','Wendorf',1),(3723,'19412','Zahrensdorf',1),(3724,'19412','Brüel',1),(3725,'19417','Bibow',1),(3726,'19417','Groß Labenz',1),(3727,'19417','Ventschow',1),(3728,'19417','Jesendorf',1),(3729,'19417','Warin',1),(3730,'20095','Hamburg',1),(3731,'20095','Hampuri',1),(3732,'20097','Hamburg',1),(3733,'20097','Hampuri',1),(3734,'20099','Hamburg',1),(3735,'20099','Hampuri',1),(3736,'20144','Hamburg',1),(3737,'20144','Hampuri',1),(3738,'20146','Hamburg',1),(3739,'20146','Hampuri',1),(3740,'20148','Hamburg',1),(3741,'20148','Hampuri',1),(3742,'20149','Hamburg',1),(3743,'20149','Hampuri',1),(3744,'20249','Hamburg',1),(3745,'20249','Hampuri',1),(3746,'20251','Hamburg',1),(3747,'20251','Hampuri',1),(3748,'20253','Hamburg',1),(3749,'20253','Hampuri',1),(3750,'20255','Hamburg',1),(3751,'20255','Hampuri',1),(3752,'20257','Hamburg',1),(3753,'20257','Hampuri',1),(3754,'20259','Hamburg',1),(3755,'20259','Hampuri',1),(3756,'20354','Hamburg',1),(3757,'20354','Hampuri',1),(3758,'20355','Hamburg',1),(3759,'20355','Hampuri',1),(3760,'20357','Hamburg',1),(3761,'20357','Hampuri',1),(3762,'20359','Hamburg',1),(3763,'20359','Hampuri',1),(3764,'20457','Hamburg',1),(3765,'20457','Hampuri',1),(3766,'20459','Hamburg',1),(3767,'20459','Hampuri',1),(3768,'20535','Hamburg',1),(3769,'20535','Hampuri',1),(3770,'20537','Hamburg',1),(3771,'20537','Hampuri',1),(3772,'20539','Hamburg',1),(3773,'20539','Hampuri',1),(3774,'21029','Hamburg',1),(3775,'21029','Hampuri',1),(3776,'21031','Hamburg',1),(3777,'21031','Hampuri',1),(3778,'21033','Hamburg',1),(3779,'21033','Hampuri',1),(3780,'21035','Hamburg',1),(3781,'21035','Hampuri',1),(3782,'21037','Hamburg',1),(3783,'21037','Hampuri',1),(3784,'21039','Hamburg',1),(3785,'21039','Hampuri',1),(3786,'21039','Börnsen',1),(3787,'21039','Escheburg',1),(3788,'21073','Hamburg',1),(3789,'21073','Hampuri',1),(3790,'21075','Hamburg',1),(3791,'21075','Hampuri',1),(3792,'21077','Hamburg',1),(3793,'21077','Hampuri',1),(3794,'21079','Hamburg',1),(3795,'21079','Hampuri',1),(3796,'21107','Hamburg',1),(3797,'21107','Hampuri',1),(3798,'21109','Hamburg',1),(3799,'21109','Hampuri',1),(3800,'21129','Hamburg',1),(3801,'21129','Hampuri',1),(3802,'21147','Hamburg',1),(3803,'21147','Hampuri',1),(3804,'21149','Hamburg',1),(3805,'21149','Hampuri',1),(3806,'21217','Seevetal',1),(3807,'21218','Seevetal',1),(3808,'21220','Seevetal',1),(3809,'21224','Rosengarten',1),(3810,'21227','Bendestorf',1),(3811,'21228','Harmstorf',1),(3812,'21244','Buchholz in der Nordheide',1),(3813,'21255','Königsmoor',1),(3814,'21255','Tostedt',1),(3815,'21255','Dohren',1),(3816,'21255','Kakenstorf',1),(3817,'21255','Wistedt',1),(3818,'21256','Handeloh',1),(3819,'21258','Heidenau',1),(3820,'21259','Otter',1),(3821,'21261','Welle',1),(3822,'21266','Jesteburg',1),(3823,'21271','Asendorf',1),(3824,'21271','Hanstedt',1),(3825,'21272','Egestorf',1),(3826,'21274','Undeloh',1),(3827,'21279','Wenzendorf',1),(3828,'21279','Hollenstedt',1),(3829,'21279','Drestedt',1),(3830,'21279','Appel',1),(3831,'21335','Lüneburg',1),(3832,'21337','Lüneburg',1),(3833,'21339','Lüneburg',1),(3834,'21354','Bleckede',1),(3835,'21357','Barum',1),(3836,'21357','Wittorf',1),(3837,'21357','Bardowick',1),(3838,'21358','Mechtersen',1),(3839,'21360','Vögelsen',1),(3840,'21365','Adendorf',1),(3841,'21368','Dahlenburg',1),(3842,'21368','Dahlem',1),(3843,'21368','Boitze',1),(3844,'21369','Nahrendorf',1),(3845,'21371','Tosterglope',1),(3846,'21376','Gödenstorf',1),(3847,'21376','Eyendorf',1),(3848,'21376','Salzhausen',1),(3849,'21376','Garlstorf',1),(3850,'21379','Lüdersburg',1),(3851,'21379','Rullstorf',1),(3852,'21379','Scharnebeck',1),(3853,'21379','Echem',1),(3854,'21380','Artlenburg',1),(3855,'21382','Brietlingen',1),(3856,'21385','Amelinghausen',1),(3857,'21385','Rehlingen',1),(3858,'21385','Oldendorf (Luhe)',1),(3859,'21386','Betzendorf',1),(3860,'21388','Soderstorf',1),(3861,'21391','Dachtmissen',1),(3862,'21391','Reppenstedt',1),(3863,'21394','Westergellersen',1),(3864,'21394','Kirchgellersen',1),(3865,'21394','Heiligenthal',1),(3866,'21394','Südergellersen',1),(3867,'21395','Tespe',1),(3868,'21397','Barendorf',1),(3869,'21397','Vastorf',1),(3870,'21398','Neetze',1),(3871,'21400','Reinstorf',1),(3872,'21401','Thomasburg',1),(3873,'21403','Wendisch Evern',1),(3874,'21406','Barnstedt',1),(3875,'21406','Melbeck',1),(3876,'21407','Deutsch Evern',1),(3877,'21409','Embsen',1),(3878,'21423','Drage',1),(3879,'21423','Winsen (Luhe)',1),(3880,'21435','Stelle',1),(3881,'21436','Marschacht',1),(3882,'21438','Brackel',1),(3883,'21439','Marxen',1),(3884,'21441','Garstedt',1),(3885,'21442','Toppenstedt',1),(3886,'21444','Vierhöfen',1),(3887,'21445','Wulfsen',1),(3888,'21447','Handorf',1),(3889,'21449','Radbruch',1),(3890,'21465','Wentorf bei Hamburg',1),(3891,'21465','Reinbek',1),(3892,'21481','Buchhorst',1),(3893,'21481','Schnakenbek',1),(3894,'21481','Lauenburg/Elbe',1),(3895,'21483','Lütau',1),(3896,'21483','Krüzen',1),(3897,'21483','Lanze',1),(3898,'21483','Wangelau',1),(3899,'21483','Juliusburg',1),(3900,'21483','Gülzow',1),(3901,'21483','Basedow',1),(3902,'21483','Dalldorf',1),(3903,'21483','Krukow',1),(3904,'21493','Groß Pampau',1),(3905,'21493','Fuhlenhagen',1),(3906,'21493','Schretstaken',1),(3907,'21493','Möhnsen',1),(3908,'21493','Grabau',1),(3909,'21493','Sahms',1),(3910,'21493','Elmenhorst',1),(3911,'21493','Basthorst',1),(3912,'21493','Mühlenrade',1),(3913,'21493','Grove',1),(3914,'21493','Schwarzenbek',1),(3915,'21493','Talkau',1),(3916,'21493','Havekost',1),(3917,'21502','Worth',1),(3918,'21502','Geesthacht',1),(3919,'21502','Hamwarde',1),(3920,'21502','Wiershop',1),(3921,'21509','Glinde',1),(3922,'21514','Kankelau',1),(3923,'21514','Göttin',1),(3924,'21514','Büchen',1),(3925,'21514','Bröthen',1),(3926,'21514','Siebeneichen',1),(3927,'21514','Fitzen',1),(3928,'21514','Witzeeze',1),(3929,'21514','Roseburg',1),(3930,'21514','Klein Pampau',1),(3931,'21514','Hornbek',1),(3932,'21514','Güster',1),(3933,'21514','Langenlehsten',1),(3934,'21516','Woltersdorf',1),(3935,'21516','Schulendorf',1),(3936,'21516','Tramm',1),(3937,'21516','Müssen',1),(3938,'21521','Aumühle',1),(3939,'21521','Wohltorf',1),(3940,'21521','Dassendorf',1),(3941,'21522','Hittbergen',1),(3942,'21522','Hohnstorf (Elbe)',1),(3943,'21524','Brunstorf',1),(3944,'21526','Hohenhorn',1),(3945,'21527','Kollow',1),(3946,'21529','Kröppelshagen-Fahrendorf',1),(3947,'21614','Buxtehude',1),(3948,'21629','Neu Wulmstorf',1),(3949,'21635','Jork',1),(3950,'21640','Nottensdorf',1),(3951,'21640','Neuenkirchen',1),(3952,'21640','Bliedersdorf',1),(3953,'21640','Horneburg',1),(3954,'21641','Apensen',1),(3955,'21643','Beckdorf',1),(3956,'21644','Sauensiek',1),(3957,'21646','Halvesbostel',1),(3958,'21647','Moisburg',1),(3959,'21649','Regesbostel',1),(3960,'21680','Stade',1),(3961,'21682','Stade',1),(3962,'21683','Stade',1),(3963,'21684','Stade',1),(3964,'21684','Agathenburg',1),(3965,'21698','Harsefeld',1),(3966,'21698','Brest',1),(3967,'21698','Bargstedt',1),(3968,'21702','Ahlerstedt',1),(3969,'21706','Drochtersen',1),(3970,'21709','Burweg',1),(3971,'21709','Himmelpforten',1),(3972,'21709','Düdenbüttel',1),(3973,'21710','Engelschoff',1),(3974,'21712','Großenwörden',1),(3975,'21714','Hammah',1),(3976,'21717','Deinste',1),(3977,'21717','Fredenbeck',1),(3978,'21720','Steinkirchen',1),(3979,'21720','Guderhandviertel',1),(3980,'21720','Mittelnkirchen',1),(3981,'21720','Grünendeich',1),(3982,'21723','Hollern-Twielenfleth',1),(3983,'21726','Kranenburg',1),(3984,'21726','Oldendorf',1),(3985,'21726','Heinbockel',1),(3986,'21727','Estorf',1),(3987,'21729','Freiburg (Elbe)',1),(3988,'21730','Balje',1),(3989,'21732','Krummendeich',1),(3990,'21734','Oederquart',1),(3991,'21737','Wischhafen',1),(3992,'21739','Dollern',1),(3993,'21745','Hemmoor',1),(3994,'21755','Hechthausen',1),(3995,'21756','Osten',1),(3996,'21762','Osterbruch',1),(3997,'21762','Otterndorf',1),(3998,'21763','Neuenkirchen',1),(3999,'21765','Nordleda',1),(4000,'21769','Hollnseth',1),(4001,'21769','Armstorf',1),(4002,'21769','Lamstedt',1),(4003,'21770','Mittelstenahe',1),(4004,'21772','Stinstedt',1),(4005,'21775','Odisheim',1),(4006,'21775','Ihlienworth',1),(4007,'21775','Steinau',1),(4008,'21776','Wanna',1),(4009,'21781','Cadenberge',1),(4010,'21782','Bülkau',1),(4011,'21784','Geversdorf',1),(4012,'21785','Belum',1),(4013,'21785','Neuhaus an der Oste',1),(4014,'21787','Oberndorf',1),(4015,'21789','Wingst',1),(4016,'22041','Hamburg',1),(4017,'22041','Hampuri',1),(4018,'22043','Hamburg',1),(4019,'22043','Hampuri',1),(4020,'22045','Hamburg',1),(4021,'22045','Hampuri',1),(4022,'22047','Hamburg',1),(4023,'22047','Hampuri',1),(4024,'22049','Hamburg',1),(4025,'22049','Hampuri',1),(4026,'22081','Hamburg',1),(4027,'22081','Hampuri',1),(4028,'22083','Hamburg',1),(4029,'22083','Hampuri',1),(4030,'22085','Hamburg',1),(4031,'22085','Hampuri',1),(4032,'22087','Hamburg',1),(4033,'22087','Hampuri',1),(4034,'22089','Hamburg',1),(4035,'22089','Hampuri',1),(4036,'22111','Hamburg',1),(4037,'22111','Hampuri',1),(4038,'22113','Hamburg',1),(4039,'22113','Hampuri',1),(4040,'22113','Oststeinbek',1),(4041,'22115','Hamburg',1),(4042,'22115','Hampuri',1),(4043,'22117','Hamburg',1),(4044,'22117','Hampuri',1),(4045,'22119','Hamburg',1),(4046,'22119','Hampuri',1),(4047,'22143','Hamburg',1),(4048,'22143','Hampuri',1),(4049,'22145','Hamburg',1),(4050,'22145','Hampuri',1),(4051,'22145','Braak',1),(4052,'22145','Stapelfeld',1),(4053,'22147','Hamburg',1),(4054,'22147','Hampuri',1),(4055,'22149','Hamburg',1),(4056,'22149','Hampuri',1),(4057,'22159','Hamburg',1),(4058,'22159','Hampuri',1),(4059,'22175','Hamburg',1),(4060,'22175','Hampuri',1),(4061,'22177','Hamburg',1),(4062,'22177','Hampuri',1),(4063,'22179','Hamburg',1),(4064,'22179','Hampuri',1),(4065,'22297','Hamburg',1),(4066,'22297','Hampuri',1),(4067,'22299','Hamburg',1),(4068,'22299','Hampuri',1),(4069,'22301','Hamburg',1),(4070,'22301','Hampuri',1),(4071,'22303','Hamburg',1),(4072,'22303','Hampuri',1),(4073,'22305','Hamburg',1),(4074,'22305','Hampuri',1),(4075,'22307','Hamburg',1),(4076,'22307','Hampuri',1),(4077,'22309','Hamburg',1),(4078,'22309','Hampuri',1),(4079,'22335','Hamburg',1),(4080,'22335','Hampuri',1),(4081,'22337','Hamburg',1),(4082,'22337','Hampuri',1),(4083,'22339','Hamburg',1),(4084,'22339','Hampuri',1),(4085,'22359','Hamburg',1),(4086,'22359','Hampuri',1),(4087,'22391','Hamburg',1),(4088,'22391','Hampuri',1),(4089,'22393','Hamburg',1),(4090,'22393','Hampuri',1),(4091,'22395','Hamburg',1),(4092,'22395','Hampuri',1),(4093,'22397','Hamburg',1),(4094,'22397','Hampuri',1),(4095,'22399','Hamburg',1),(4096,'22399','Hampuri',1),(4097,'22415','Hamburg',1),(4098,'22415','Hampuri',1),(4099,'22417','Hamburg',1),(4100,'22417','Hampuri',1),(4101,'22419','Hamburg',1),(4102,'22419','Hampuri',1),(4103,'22453','Hamburg',1),(4104,'22453','Hampuri',1),(4105,'22455','Hamburg',1),(4106,'22455','Hampuri',1),(4107,'22457','Hamburg',1),(4108,'22457','Hampuri',1),(4109,'22459','Hamburg',1),(4110,'22459','Hampuri',1),(4111,'22523','Hamburg',1),(4112,'22523','Hampuri',1),(4113,'22525','Hamburg',1),(4114,'22525','Hampuri',1),(4115,'22527','Hamburg',1),(4116,'22527','Hampuri',1),(4117,'22529','Hamburg',1),(4118,'22529','Hampuri',1),(4119,'22547','Hamburg',1),(4120,'22547','Hampuri',1),(4121,'22549','Hamburg',1),(4122,'22549','Hampuri',1),(4123,'22559','Hamburg',1),(4124,'22559','Hampuri',1),(4125,'22587','Hamburg',1),(4126,'22587','Hampuri',1),(4127,'22589','Hamburg',1),(4128,'22589','Hampuri',1),(4129,'22605','Hamburg',1),(4130,'22605','Hampuri',1),(4131,'22607','Hamburg',1),(4132,'22607','Hampuri',1),(4133,'22609','Hamburg',1),(4134,'22609','Hampuri',1),(4135,'22761','Hamburg',1),(4136,'22761','Hampuri',1),(4137,'22763','Hamburg',1),(4138,'22763','Hampuri',1),(4139,'22765','Hamburg',1),(4140,'22765','Hampuri',1),(4141,'22767','Hamburg',1),(4142,'22767','Hampuri',1),(4143,'22769','Hamburg',1),(4144,'22769','Hampuri',1),(4145,'22844','Norderstedt',1),(4146,'22846','Norderstedt',1),(4147,'22848','Norderstedt',1),(4148,'22850','Norderstedt',1),(4149,'22851','Norderstedt',1),(4150,'22869','Schenefeld',1),(4151,'22880','Wedel',1),(4152,'22885','Barsbüttel',1),(4153,'22889','Tangstedt',1),(4154,'22926','Ahrensburg',1),(4155,'22927','Großhansdorf',1),(4156,'22929','Hamfelde in Holstein',1),(4157,'22929','Hamfelde in Lauenburg',1),(4158,'22929','Rausdorf',1),(4159,'22929','Köthel',1),(4160,'22929','Delingsdorf',1),(4161,'22929','Kasseburg',1),(4162,'22929','Schönberg',1),(4163,'22929','Hammoor',1),(4164,'22941','Bargteheide',1),(4165,'22941','Jersbek',1),(4166,'22946','Hohenfelde',1),(4167,'22946','Trittau',1),(4168,'22946','Brunsbek',1),(4169,'22946','Grande',1),(4170,'22946','Dahmker',1),(4171,'22946','Großensee',1),(4172,'22949','Ammersbek',1),(4173,'22952','Lütjensee',1),(4174,'22955','Hoisdorf',1),(4175,'22956','Grönwohld',1),(4176,'22958','Kuddewörde',1),(4177,'22959','Linau',1),(4178,'22962','Siek',1),(4179,'22964','Steinburg',1),(4180,'22965','Todendorf',1),(4181,'22967','Tremsbüttel',1),(4182,'22969','Witzhave',1),(4183,'23552','Lübeck',1),(4184,'23554','Lübeck',1),(4185,'23556','Lübeck',1),(4186,'23558','Lübeck',1),(4187,'23560','Lübeck',1),(4188,'23562','Lübeck',1),(4189,'23564','Lübeck',1),(4190,'23566','Lübeck',1),(4191,'23568','Lübeck',1),(4192,'23569','Lübeck',1),(4193,'23570','Lübeck',1),(4194,'23611','Bad Schwartau',1),(4195,'23617','Stockelsdorf',1),(4196,'23619','Rehhorst',1),(4197,'23619','Mönkhagen',1),(4198,'23619','Zarpen',1),(4199,'23619','Hamberge',1),(4200,'23619','Heilshoop',1),(4201,'23619','Badendorf',1),(4202,'23623','Ahrensbök',1),(4203,'23626','Ratekau',1),(4204,'23627','Groß Grönau',1),(4205,'23627','Groß Sarau',1),(4206,'23628','Krummesse',1),(4207,'23628','Klempau',1),(4208,'23669','Timmendorfer Strand',1),(4209,'23683','Scharbeutz',1),(4210,'23684','Scharbeutz',1),(4211,'23701','Süsel',1),(4212,'23701','Eutin',1),(4213,'23714','Kirchnüchel',1),(4214,'23714','Malente',1),(4215,'23715','Bosau',1),(4216,'23717','Kasseedorf',1),(4217,'23719','Glasau',1),(4218,'23730','Schashagen',1),(4219,'23730','Neustadt in Holstein',1),(4220,'23730','Sierksdorf',1),(4221,'23730','Altenkrempe',1),(4222,'23738','Lensahn',1),(4223,'23738','Beschendorf',1),(4224,'23738','Manhagen',1),(4225,'23738','Kabelhorst',1),(4226,'23738','Riepsdorf',1),(4227,'23738','Harmsdorf',1),(4228,'23738','Damlos',1),(4229,'23743','Grömitz',1),(4230,'23744','Schönwalde am Bungsberg',1),(4231,'23746','Kellenhusen',1),(4232,'23747','Dahme',1),(4233,'23749','Grube',1),(4234,'23758','Göhl',1),(4235,'23758','Wangels',1),(4236,'23758','Oldenburg in Holstein',1),(4237,'23758','Gremersdorf',1),(4238,'23769','Fehmarn',1),(4239,'23774','Heiligenhafen',1),(4240,'23775','Großenbrode',1),(4241,'23777','Heringsdorf',1),(4242,'23779','Neukirchen',1),(4243,'23795','Stipsdorf',1),(4244,'23795','Bad Segeberg',1),(4245,'23795','Fahrenkrug',1),(4246,'23795','Groß Rönnau',1),(4247,'23795','Weede',1),(4248,'23795','Negernbötel',1),(4249,'23795','Mözen',1),(4250,'23795','Högersdorf',1),(4251,'23795','Schwissel',1),(4252,'23795','Klein Rönnau',1),(4253,'23795','Traventhal',1),(4254,'23795','Klein Gladebrügge',1),(4255,'23795','Schieren',1),(4256,'23795','Schackendorf',1),(4257,'23812','Wahlstedt',1),(4258,'23813','Nehms',1),(4259,'23813','Blunk',1),(4260,'23815','Geschendorf',1),(4261,'23815','Strukdorf',1),(4262,'23815','Westerrade',1),(4263,'23816','Neversdorf',1),(4264,'23816','Groß Niendorf',1),(4265,'23816','Leezen',1),(4266,'23816','Bebensee',1),(4267,'23818','Neuengörs',1),(4268,'23820','Pronstorf',1),(4269,'23821','Rohlstorf',1),(4270,'23823','Seedorf',1),(4271,'23824','Tensfeld',1),(4272,'23824','Damsdorf',1),(4273,'23826','Fredesdorf',1),(4274,'23826','Bark',1),(4275,'23826','Todesfelde',1),(4276,'23827','Travenhorst',1),(4277,'23827','Krems II',1),(4278,'23827','Wensin',1),(4279,'23829','Wittenborn',1),(4280,'23829','Kükels',1),(4281,'23843','Bad Oldesloe',1),(4282,'23843','Travenbrück',1),(4283,'23843','Rümpel',1),(4284,'23843','Neritz',1),(4285,'23845','Bahrenhof',1),(4286,'23845','Wakendorf I',1),(4287,'23845','Bühnsdorf',1),(4288,'23845','Seth',1),(4289,'23845','Grabau',1),(4290,'23845','Oering',1),(4291,'23845','Dreggers',1),(4292,'23845','Itzstedt',1),(4293,'23847','Lasbek',1),(4294,'23847','Pölitz',1),(4295,'23847','Westerau',1),(4296,'23847','Steinhorst',1),(4297,'23847','Schiphorst',1),(4298,'23847','Schürensöhlen',1),(4299,'23847','Bliestorf',1),(4300,'23847','Rethwisch',1),(4301,'23847','Sierksrade',1),(4302,'23847','Kastorf',1),(4303,'23847','Groß Boden',1),(4304,'23847','Düchelsdorf',1),(4305,'23847','Meddewade',1),(4306,'23847','Stubben',1),(4307,'23847','Grinau',1),(4308,'23847','Siebenbäumen',1),(4309,'23858','Feldhorst',1),(4310,'23858','Reinfeld (Holstein)',1),(4311,'23858','Barnitz',1),(4312,'23858','Wesenberg',1),(4313,'23858','Heidekamp',1),(4314,'23860','Groß Schenkenberg',1),(4315,'23860','Klein Wesenberg',1),(4316,'23863','Nienwohld',1),(4317,'23863','Kayhude',1),(4318,'23863','Bargfeld-Stegen',1),(4319,'23866','Nahe',1),(4320,'23867','Sülfeld',1),(4321,'23869','Elmenhorst',1),(4322,'23879','Mölln',1),(4323,'23881','Bälau',1),(4324,'23881','Niendorf an der Stecknitz',1),(4325,'23881','Koberg',1),(4326,'23881','Borstorf',1),(4327,'23881','Breitenfelde',1),(4328,'23881','Alt Mölln',1),(4329,'23881','Lankau',1),(4330,'23883','Sterley',1),(4331,'23883','Brunsmark',1),(4332,'23883','Seedorf',1),(4333,'23883','Klein Zecher',1),(4334,'23883','Grambek',1),(4335,'23883','Horst',1),(4336,'23883','Lehmrade',1),(4337,'23883','Hollenbek',1),(4338,'23896','Walksfelde',1),(4339,'23896','Ritzerau',1),(4340,'23896','Poggensee',1),(4341,'23896','Panten',1),(4342,'23896','Nusse',1),(4343,'23898','Labenz',1),(4344,'23898','Sirksfelde',1),(4345,'23898','Lüchow',1),(4346,'23898','Wentorf',1),(4347,'23898','Sandesneben',1),(4348,'23898','Kühsen',1),(4349,'23898','Klinkrade',1),(4350,'23898','Duvensee',1),(4351,'23899','Besenthal',1),(4352,'23899','Gudow',1),(4353,'23909','Mechow',1),(4354,'23909','Fredeburg',1),(4355,'23909','Giesensdorf',1),(4356,'23909','Albsfelde',1),(4357,'23909','Römnitz',1),(4358,'23909','Bäk',1),(4359,'23909','Ratzeburg',1),(4360,'23911','Mustin',1),(4361,'23911','Salem',1),(4362,'23911','Pogeez',1),(4363,'23911','Buchholz',1),(4364,'23911','Ziethen',1),(4365,'23911','Kulpin',1),(4366,'23911','Kittlitz',1),(4367,'23911','Harmsdorf',1),(4368,'23911','Schmilau',1),(4369,'23911','Einhaus',1),(4370,'23911','Groß Disnack',1),(4371,'23919','Berkenthin',1),(4372,'23919','Göldenitz',1),(4373,'23919','Niendorf',1),(4374,'23919','Behlendorf',1),(4375,'23919','Rondeshagen',1),(4376,'23923','Schönberg',1),(4377,'23923','Niendorf',1),(4378,'23923','Roduchelstorf',1),(4379,'23923','Groß Siemz',1),(4380,'23923','Selmsdorf',1),(4381,'23923','Lockwisch',1),(4382,'23923','Lüdersdorf',1),(4383,'23923','Menzendorf',1),(4384,'23936','Bernstorf',1),(4385,'23936','Upahl',1),(4386,'23936','Papenhusen',1),(4387,'23936','Mallentin',1),(4388,'23936','Plüschow',1),(4389,'23936','Warnow',1),(4390,'23936','Testorf-Steinfort',1),(4391,'23936','Grieben',1),(4392,'23936','Hanshagen',1),(4393,'23936','Roggenstorf',1),(4394,'23936','Rüting',1),(4395,'23936','Börzow',1),(4396,'23936','Grevesmühlen',1),(4397,'23942','Kalkhorst',1),(4398,'23942','Pötenitz',1),(4399,'23942','Harkensee',1),(4400,'23942','Dassow',1),(4401,'23946','Boltenhagen',1),(4402,'23948','Moor-Rolofshagen',1),(4403,'23948','Damshagen',1),(4404,'23948','Klütz',1),(4405,'23948','Elmenhorst',1),(4406,'23948','Groß Walmstorf',1),(4407,'23966','Wismar',1),(4408,'23968','Barnekow',1),(4409,'23968','Gramkow',1),(4410,'23968','Zierow',1),(4411,'23968','Wismar',1),(4412,'23968','Gägelow',1),(4413,'23970','Wismar',1),(4414,'23970','Benz',1),(4415,'23972','Schimm',1),(4416,'23972','Dorf Mecklenburg',1),(4417,'23972','Groß Stieten',1),(4418,'23972','Metelsdorf',1),(4419,'23972','Lübow',1),(4420,'23974','Neuburg',1),(4421,'23974','Hornstorf',1),(4422,'23974','Krusenhagen',1),(4423,'23974','Blowatz',1),(4424,'23974','Boiensdorf',1),(4425,'23992','Zurow',1),(4426,'23992','Neukloster',1),(4427,'23992','Glasin',1),(4428,'23992','Lübberstorf',1),(4429,'23992','Passee',1),(4430,'23992','Züsow',1),(4431,'23996','Groß Krankow',1),(4432,'23996','Bobitz',1),(4433,'23996','Beidendorf',1),(4434,'23996','Bad Kleinen',1),(4435,'23996','Hohen Viecheln',1),(4436,'23999','Insel Poel',1),(4437,'24103','Kiel',1),(4438,'24105','Kiel',1),(4439,'24106','Kiel',1),(4440,'24107','Kiel',1),(4441,'24107','Quarnbek',1),(4442,'24107','Ottendorf',1),(4443,'24109','Kiel',1),(4444,'24109','Melsdorf',1),(4445,'24111','Kiel',1),(4446,'24113','Kiel',1),(4447,'24113','Molfsee',1),(4448,'24114','Kiel',1),(4449,'24116','Kiel',1),(4450,'24118','Kiel',1),(4451,'24119','Kronshagen',1),(4452,'24143','Kiel',1),(4453,'24145','Kiel',1),(4454,'24146','Kiel',1),(4455,'24147','Kiel',1),(4456,'24147','Klausdorf',1),(4457,'24148','Kiel',1),(4458,'24149','Kiel',1),(4459,'24159','Kiel',1),(4460,'24161','Altenholz',1),(4461,'24211','Lehmkuhlen',1),(4462,'24211','Kühren',1),(4463,'24211','Pohnsdorf',1),(4464,'24211','Honigsee',1),(4465,'24211','Schellhorn',1),(4466,'24211','Preetz',1),(4467,'24211','Postfeld',1),(4468,'24211','Rastorf',1),(4469,'24211','Wahlstorf',1),(4470,'24214','Neudorf-Bornstein',1),(4471,'24214','Gettorf',1),(4472,'24214','Tüttendorf',1),(4473,'24214','Lindau',1),(4474,'24214','Neuwittenbek',1),(4475,'24214','Schinkel',1),(4476,'24214','Noer',1),(4477,'24217','Höhndorf',1),(4478,'24217','Wisch',1),(4479,'24217','Schönberg (Holstein)',1),(4480,'24217','Krokau',1),(4481,'24217','Krummbek',1),(4482,'24217','Barsbek',1),(4483,'24217','Stakendorf',1),(4484,'24217','Fiefbergen',1),(4485,'24217','Bendfeld',1),(4486,'24220','Boksee',1),(4487,'24220','Böhnhusen',1),(4488,'24220','Flintbek',1),(4489,'24220','Techelsdorf',1),(4490,'24220','Schönhorst',1),(4491,'24223','Raisdorf',1),(4492,'24226','Heikendorf',1),(4493,'24229','Strande',1),(4494,'24229','Schwedeneck',1),(4495,'24229','Dänischenhagen',1),(4496,'24232','Schönkirchen',1),(4497,'24232','Dobersdorf',1),(4498,'24235','Laboe',1),(4499,'24235','Lutterbek',1),(4500,'24235','Stein',1),(4501,'24235','Wendtorf',1),(4502,'24235','Brodersdorf',1),(4503,'24238','Lammershagen',1),(4504,'24238','Selent',1),(4505,'24238','Martensrade',1),(4506,'24238','Mucheln',1),(4507,'24239','Achterwehr',1),(4508,'24241','Schierensee',1),(4509,'24241','Sören',1),(4510,'24241','Grevenkrug',1),(4511,'24241','Schmalstede',1),(4512,'24241','Reesdorf',1),(4513,'24241','Blumenthal',1),(4514,'24242','Felde',1),(4515,'24244','Felm',1),(4516,'24245','Klein Barkau',1),(4517,'24245','Barmissen',1),(4518,'24245','Kirchbarkau',1),(4519,'24245','Großbarkau',1),(4520,'24247','Rodenbek',1),(4521,'24247','Mielkendorf',1),(4522,'24248','Mönkeberg',1),(4523,'24250','Warnau',1),(4524,'24250','Nettelsee',1),(4525,'24250','Löptin',1),(4526,'24250','Bothkamp',1),(4527,'24251','Osdorf',1),(4528,'24253','Probsteierhagen',1),(4529,'24253','Fahren',1),(4530,'24253','Prasdorf',1),(4531,'24253','Passade',1),(4532,'24254','Rumohr',1),(4533,'24256','Fargau-Pratjau',1),(4534,'24256','Stoltenberg',1),(4535,'24256','Schlesen',1),(4536,'24257','Hohenfelde',1),(4537,'24257','Schwartbuck',1),(4538,'24257','Köhn',1),(4539,'24259','Westensee',1),(4540,'24306','Wittmoldt',1),(4541,'24306','Lebrade',1),(4542,'24306','Bösdorf',1),(4543,'24306','Plön',1),(4544,'24306','Rathjensdorf',1),(4545,'24321','Hohwacht',1),(4546,'24321','Klamp',1),(4547,'24321','Lütjenburg',1),(4548,'24321','Tröndel',1),(4549,'24321','Giekau',1),(4550,'24321','Panker',1),(4551,'24321','Helmstorf',1),(4552,'24321','Behrensdorf',1),(4553,'24326','Dörnick',1),(4554,'24326','Ascheberg',1),(4555,'24326','Stocksee',1),(4556,'24326','Dersau',1),(4557,'24326','Nehmten',1),(4558,'24326','Kalübbe',1),(4559,'24327','Högsdorf',1),(4560,'24327','Kletkamp',1),(4561,'24327','Blekendorf',1),(4562,'24329','Grebin',1),(4563,'24329','Dannau',1),(4564,'24329','Rantzau',1),(4565,'24340','Altenhof',1),(4566,'24340','Windeby',1),(4567,'24340','Goosefeld',1),(4568,'24340','Gammelby',1),(4569,'24340','Eckernförde',1),(4570,'24351','Damp',1),(4571,'24351','Thumby',1),(4572,'24354','Kosel',1),(4573,'24354','Rieseby',1),(4574,'24357','Fleckeby',1),(4575,'24357','Hummelfeld',1),(4576,'24357','Güby',1),(4577,'24358','Hütten',1),(4578,'24358','Bistensee',1),(4579,'24358','Ascheffel',1),(4580,'24360','Barkelsby',1),(4581,'24361','Holzbunge',1),(4582,'24361','Damendorf',1),(4583,'24361','Haby',1),(4584,'24361','Groß Wittensee',1),(4585,'24361','Klein Wittensee',1),(4586,'24363','Holtsee',1),(4587,'24364','Holzdorf',1),(4588,'24366','Loose',1),(4589,'24367','Osterby',1),(4590,'24369','Waabs',1),(4591,'24376','Hasselberg',1),(4592,'24376','Rabel',1),(4593,'24376','Grödersby',1),(4594,'24376','Kappeln',1),(4595,'24376','Arnis',1),(4596,'24392','Norderbrarup',1),(4597,'24392','Dollrottfeld',1),(4598,'24392','Wagersrott',1),(4599,'24392','Brebel',1),(4600,'24392','Kiesby',1),(4601,'24392','Scheggerott',1),(4602,'24392','Süderbrarup',1),(4603,'24392','Nottfeld',1),(4604,'24392','Boren',1),(4605,'24392','Ekenis',1),(4606,'24392','Saustrup',1),(4607,'24395','Gelting',1),(4608,'24395','Rabenholz',1),(4609,'24395','Pommerby',1),(4610,'24395','Nieby',1),(4611,'24395','Stangheck',1),(4612,'24395','Kronsgaard',1),(4613,'24395','Niesgrau',1),(4614,'24398','Winnemark',1),(4615,'24398','Dörphof',1),(4616,'24398','Karby',1),(4617,'24398','Brodersby',1),(4618,'24401','Böel',1),(4619,'24402','Esgrus',1),(4620,'24404','Maasholm',1),(4621,'24405','Rügge',1),(4622,'24405','Mohrkirch',1),(4623,'24407','Rabenkirchen-Faulück',1),(4624,'24407','Oersberg',1),(4625,'24409','Stoltebüll',1),(4626,'24534','Neumünster',1),(4627,'24536','Tasdorf',1),(4628,'24536','Neumünster',1),(4629,'24537','Neumünster',1),(4630,'24539','Neumünster',1),(4631,'24558','Wakendorf II',1),(4632,'24558','Henstedt-Ulzburg',1),(4633,'24568','Kattendorf',1),(4634,'24568','Kaltenkirchen',1),(4635,'24568','Nützen',1),(4636,'24568','Oersdorf',1),(4637,'24568','Winsen',1),(4638,'24576','Bad Bramstedt',1),(4639,'24576','Hagen',1),(4640,'24576','Hitzhusen',1),(4641,'24576','Weddelbrook',1),(4642,'24576','Bimöhlen',1),(4643,'24576','Mönkloh',1),(4644,'24582','Groß Buchwald',1),(4645,'24582','Brügge',1),(4646,'24582','Bissee',1),(4647,'24582','Schönbek',1),(4648,'24582','Hoffeld',1),(4649,'24582','Wattenbek',1),(4650,'24582','Bordesholm',1),(4651,'24582','Mühbrook',1),(4652,'24589','Dätgen',1),(4653,'24589','Nortorf',1),(4654,'24589','Ellerdorf',1),(4655,'24589','Eisendorf',1),(4656,'24589','Borgdorf-Seedorf',1),(4657,'24589','Schülp bei Nortorf',1),(4658,'24594','Heinkenborstel',1),(4659,'24594','Meezen',1),(4660,'24594','Jahrsdorf',1),(4661,'24594','Grauel',1),(4662,'24594','Tappendorf',1),(4663,'24594','Rade bei Hohenwestedt',1),(4664,'24594','Wapelfeld',1),(4665,'24594','Hohenwestedt',1),(4666,'24594','Remmels',1),(4667,'24594','Nindorf',1),(4668,'24594','Mörel',1),(4669,'24598','Latendorf',1),(4670,'24598','Heidmühlen',1),(4671,'24598','Boostedt',1),(4672,'24601','Stolpe',1),(4673,'24601','Belau',1),(4674,'24601','Ruhwinkel',1),(4675,'24601','Wankendorf',1),(4676,'24610','Trappenkamp',1),(4677,'24610','Gönnebek',1),(4678,'24613','Wiedenborstel',1),(4679,'24613','Aukrug',1),(4680,'24616','Brokstedt',1),(4681,'24616','Borstel',1),(4682,'24616','Hasenkrug',1),(4683,'24616','Sarlhusen',1),(4684,'24616','Willenscharen',1),(4685,'24616','Hardebek',1),(4686,'24616','Armstedt',1),(4687,'24619','Bornhöved',1),(4688,'24619','Rendswühren',1),(4689,'24619','Tarbek',1),(4690,'24620','Bönebüttel',1),(4691,'24622','Gnutz',1),(4692,'24623','Großenaspe',1),(4693,'24625','Großharrie',1),(4694,'24625','Negenharrie',1),(4695,'24626','Groß Kummerfeld',1),(4696,'24628','Hartenholm',1),(4697,'24629','Kisdorf',1),(4698,'24631','Langwedel',1),(4699,'24632','Lentföhrden',1),(4700,'24632','Heidmoor',1),(4701,'24634','Arpsdorf',1),(4702,'24634','Padenstedt',1),(4703,'24635','Daldorf',1),(4704,'24635','Rickling',1),(4705,'24637','Schillsdorf',1),(4706,'24638','Schmalensee',1),(4707,'24640','Schmalfeld',1),(4708,'24640','Hasenmoor',1),(4709,'24641','Stuvenborn',1),(4710,'24641','Hüttblek',1),(4711,'24641','Sievershütten',1),(4712,'24643','Struvenhütten',1),(4713,'24644','Timmaspe',1),(4714,'24644','Krogaspe',1),(4715,'24644','Loop',1),(4716,'24646','Warder',1),(4717,'24647','Ehndorf',1),(4718,'24647','Wasbek',1),(4719,'24649','Wiemersdorf',1),(4720,'24649','Fuhlendorf',1),(4721,'24768','Rendsburg',1),(4722,'24782','Rickert',1),(4723,'24782','Büdelsdorf',1),(4724,'24783','Osterrönfeld',1),(4725,'24784','Westerrönfeld',1),(4726,'24787','Fockbek',1),(4727,'24790','Schülldorf',1),(4728,'24790','Schacht-Audorf',1),(4729,'24790','Haßmoor',1),(4730,'24790','Rade bei Rendsburg',1),(4731,'24790','Ostenfeld',1),(4732,'24791','Alt Duvenstedt',1),(4733,'24793','Brammer',1),(4734,'24793','Bargstedt',1),(4735,'24793','Oldenhütten',1),(4736,'24794','Borgstedt',1),(4737,'24794','Neu Duvenstedt',1),(4738,'24794','Bünsdorf',1),(4739,'24796','Bovenau',1),(4740,'24796','Krummwisch',1),(4741,'24796','Bredenbek',1),(4742,'24797','Hörsten',1),(4743,'24797','Breiholz',1),(4744,'24799','Königshügel',1),(4745,'24799','Friedrichsgraben',1),(4746,'24799','Christiansholm',1),(4747,'24799','Meggerdorf',1),(4748,'24799','Friedrichsholm',1),(4749,'24800','Elsdorf-Westermühlen',1),(4750,'24802','Emkendorf',1),(4751,'24802','Groß Vollstedt',1),(4752,'24802','Bokel',1),(4753,'24803','Tielen',1),(4754,'24803','Erfde',1),(4755,'24805','Hamdorf',1),(4756,'24805','Prinzenmoor',1),(4757,'24806','Bargstall',1),(4758,'24806','Sophienhamm',1),(4759,'24806','Hohn',1),(4760,'24806','Lohe-Föhrden',1),(4761,'24808','Jevenstedt',1),(4762,'24809','Nübbel',1),(4763,'24811','Ahlefeld',1),(4764,'24811','Owschlag',1),(4765,'24811','Brekendorf',1),(4766,'24813','Schülp bei Rendsburg',1),(4767,'24814','Sehestedt',1),(4768,'24816','Hamweddel',1),(4769,'24816','Luhnstedt',1),(4770,'24816','Stafstedt',1),(4771,'24816','Brinjahe',1),(4772,'24817','Tetenhusen',1),(4773,'24819','Nienborstel',1),(4774,'24819','Haale',1),(4775,'24819','Embühren',1),(4776,'24819','Todenbüttel',1),(4777,'24837','Schleswig',1),(4778,'24848','Alt Bennebek',1),(4779,'24848','Klein Bennebek',1),(4780,'24848','Klein Rheide',1),(4781,'24848','Kropp',1),(4782,'24850','Hüsby',1),(4783,'24850','Lürschau',1),(4784,'24850','Schuby',1),(4785,'24852','Süderhackstedt',1),(4786,'24852','Eggebek',1),(4787,'24852','Langstedt',1),(4788,'24852','Sollerup',1),(4789,'24855','Bollingstedt',1),(4790,'24855','Jübek',1),(4791,'24857','Fahrdorf',1),(4792,'24857','Borgwedel',1),(4793,'24860','Uelsby',1),(4794,'24860','Klappholz',1),(4795,'24860','Böklund',1),(4796,'24861','Bergenhusen',1),(4797,'24863','Börm',1),(4798,'24864','Goltoft',1),(4799,'24864','Brodersby',1),(4800,'24866','Busdorf',1),(4801,'24867','Dannewerk',1),(4802,'24869','Dörpstedt',1),(4803,'24870','Ellingstedt',1),(4804,'24872','Groß Rheide',1),(4805,'24873','Havetoft',1),(4806,'24875','Havetoftloit',1),(4807,'24876','Hollingstedt',1),(4808,'24878','Jagel',1),(4809,'24878','Lottorf',1),(4810,'24879','Idstedt',1),(4811,'24879','Neuberend',1),(4812,'24881','Nübel',1),(4813,'24882','Schaalby',1),(4814,'24884','Geltorf',1),(4815,'24884','Selk',1),(4816,'24885','Sieverstedt',1),(4817,'24887','Silberstedt',1),(4818,'24888','Steinfeld',1),(4819,'24888','Loit',1),(4820,'24890','Stolk',1),(4821,'24890','Süderfahrenstedt',1),(4822,'24891','Schnarup-Thumby',1),(4823,'24891','Struxdorf',1),(4824,'24893','Taarstedt',1),(4825,'24894','Twedt',1),(4826,'24894','Tolk',1),(4827,'24896','Treia',1),(4828,'24897','Ulsnis',1),(4829,'24899','Wohlde',1),(4830,'24937','Flensburg',1),(4831,'24937','Flensborg',1),(4832,'24939','Flensburg',1),(4833,'24939','Flensborg',1),(4834,'24941','Flensburg',1),(4835,'24941','Flensborg',1),(4836,'24941','Jarplund-Weding',1),(4837,'24943','Flensburg',1),(4838,'24943','Flensborg',1),(4839,'24943','Tastrup',1),(4840,'24944','Flensburg',1),(4841,'24944','Flensborg',1),(4842,'24955','Harrislee',1),(4843,'24960','Glücksburg',1),(4844,'24960','Munkbrarup',1),(4845,'24963','Jerrishoe',1),(4846,'24963','Tarp',1),(4847,'24966','Sörup',1),(4848,'24969','Großenwiehe',1),(4849,'24969','Lindewitt',1),(4850,'24972','Quern',1),(4851,'24972','Steinbergkirche',1),(4852,'24972','Steinberg',1),(4853,'24975','Ausacker',1),(4854,'24975','Maasbüll',1),(4855,'24975','Hürup',1),(4856,'24975','Husby',1),(4857,'24977','Westerholz',1),(4858,'24977','Langballig',1),(4859,'24977','Grundhof',1),(4860,'24977','Ringsberg',1),(4861,'24980','Schafflund',1),(4862,'24980','Hörup',1),(4863,'24980','Wallsbüll',1),(4864,'24980','Nordhackstedt',1),(4865,'24980','Meyn',1),(4866,'24983','Handewitt',1),(4867,'24986','Rüde',1),(4868,'24986','Satrup',1),(4869,'24988','Sankelmark',1),(4870,'24988','Oeversee',1),(4871,'24989','Dollerup',1),(4872,'24991','Großsolt',1),(4873,'24991','Freienwill',1),(4874,'24992','Janneby',1),(4875,'24992','Jörl',1),(4876,'24994','Weesby',1),(4877,'24994','Jardelund',1),(4878,'24994','Osterby',1),(4879,'24994','Medelby',1),(4880,'24994','Böxlund',1),(4881,'24994','Holt',1),(4882,'24996','Ahneby',1),(4883,'24996','Sterup',1),(4884,'24997','Wanderup',1),(4885,'24999','Wees',1),(4886,'25335','Altenmoor',1),(4887,'25335','Elmshorn',1),(4888,'25335','Bokholt-Hanredder',1),(4889,'25335','Neuendorf bei Elmshorn',1),(4890,'25335','Raa-Besenbek',1),(4891,'25336','Klein Nordende',1),(4892,'25336','Elmshorn',1),(4893,'25337','Elmshorn',1),(4894,'25337','Seeth-Ekholt',1),(4895,'25337','Kölln-Reisiek',1),(4896,'25348','Blomesche Wildnis',1),(4897,'25348','Engelbrechtsche Wildnis',1),(4898,'25348','Glückstadt',1),(4899,'25355','Barmstedt',1),(4900,'25355','Bullenkuhlen',1),(4901,'25355','Heede',1),(4902,'25355','Bevern',1),(4903,'25355','Lutzhorn',1),(4904,'25355','Groß Offenseth-Aspern',1),(4905,'25358','Sommerland',1),(4906,'25358','Hohenfelde',1),(4907,'25358','Horst (Holstein)',1),(4908,'25361','Süderau',1),(4909,'25361','Elskop',1),(4910,'25361','Krempe',1),(4911,'25361','Grevenkop',1),(4912,'25364','Brande-Hörnerkirchen',1),(4913,'25364','Westerhorn',1),(4914,'25364','Osterhorn',1),(4915,'25364','Bokel',1),(4916,'25365','Klein Offenseth-Sparrieshoop',1),(4917,'25368','Kiebitzreihe',1),(4918,'25370','Seester',1),(4919,'25371','Seestermühe',1),(4920,'25373','Ellerhoop',1),(4921,'25376','Borsfleth',1),(4922,'25376','Krempdorf',1),(4923,'25377','Kollmar',1),(4924,'25379','Herzhorn',1),(4925,'25421','Pinneberg',1),(4926,'25436','Tornesch',1),(4927,'25436','Neuendeich',1),(4928,'25436','Uetersen',1),(4929,'25436','Heidgraben',1),(4930,'25436','Groß Nordende',1),(4931,'25436','Moorrege',1),(4932,'25451','Quickborn',1),(4933,'25462','Rellingen',1),(4934,'25469','Halstenbek',1),(4935,'25474','Ellerbek',1),(4936,'25474','Hasloh',1),(4937,'25474','Bönningstedt',1),(4938,'25479','Ellerau',1),(4939,'25482','Appen',1),(4940,'25485','Langeln',1),(4941,'25485','Bilsen',1),(4942,'25485','Hemdingen',1),(4943,'25486','Alveslohe',1),(4944,'25488','Holm',1),(4945,'25489','Haseldorf',1),(4946,'25489','Haselau',1),(4947,'25491','Hetlingen',1),(4948,'25492','Heist',1),(4949,'25494','Borstel-Hohenraden',1),(4950,'25495','Kummerfeld',1),(4951,'25497','Prisdorf',1),(4952,'25499','Tangstedt',1),(4953,'25524','Bekmünde',1),(4954,'25524','Heiligenstedtenerkamp',1),(4955,'25524','Itzehoe',1),(4956,'25524','Kollmoor',1),(4957,'25524','Oelixdorf',1),(4958,'25524','Heiligenstedten',1),(4959,'25524','Breitenburg',1),(4960,'25541','Brunsbüttel',1),(4961,'25548','Störkathen',1),(4962,'25548','Wittenbergen',1),(4963,'25548','Kellinghusen',1),(4964,'25548','Mühlenbarbek',1),(4965,'25548','Rosdorf',1),(4966,'25548','Auufer',1),(4967,'25548','Oeschebüttel',1),(4968,'25551','Peissen',1),(4969,'25551','Schlotfeld',1),(4970,'25551','Lockstedt',1),(4971,'25551','Winseldorf',1),(4972,'25551','Silzen',1),(4973,'25551','Lohbarbek',1),(4974,'25551','Hohenlockstedt',1),(4975,'25554','Landrecht',1),(4976,'25554','Stördorf',1),(4977,'25554','Moorhusen',1),(4978,'25554','Bekdorf',1),(4979,'25554','Dammfleth',1),(4980,'25554','Kleve',1),(4981,'25554','Nortorf',1),(4982,'25554','Wilster',1),(4983,'25554','Krummendiek',1),(4984,'25554','Neuendorf-Sachsenbande',1),(4985,'25554','Neuendorf bei Wilster',1),(4986,'25554','Sachsenbande',1),(4987,'25557','Seefeld',1),(4988,'25557','Hanerau-Hademarschen',1),(4989,'25557','Steenfeld',1),(4990,'25557','Gokels',1),(4991,'25557','Oldenbüttel',1),(4992,'25557','Bendorf',1),(4993,'25557','Beldorf',1),(4994,'25557','Thaden',1),(4995,'25560','Aasbüttel',1),(4996,'25560','Bokhorst',1),(4997,'25560','Agethorst',1),(4998,'25560','Kaisborstel',1),(4999,'25560','Pöschendorf',1),(5000,'25560','Puls',1),(5001,'25560','Warringholz',1),(5002,'25560','Oldenborstel',1),(5003,'25560','Siezbüttel',1),(5004,'25560','Hadenfeld',1),(5005,'25560','Schenefeld',1),(5006,'25563','Wulfsmoor',1),(5007,'25563','Hingstheide',1),(5008,'25563','Wrist',1),(5009,'25563','Quarnstedt',1),(5010,'25563','Föhrden-Barl',1),(5011,'25566','Lägerdorf',1),(5012,'25566','Rethwisch',1),(5013,'25569','Hodorf',1),(5014,'25569','Kremperheide',1),(5015,'25569','Bahrenfleth',1),(5016,'25569','Krempermoor',1),(5017,'25572','Sankt Margarethen',1),(5018,'25572','Ecklak',1),(5019,'25572','Kudensee',1),(5020,'25572','Aebtissinwisch',1),(5021,'25572','Landscheide',1),(5022,'25572','Büttel',1),(5023,'25573','Beidenfleth',1),(5024,'25575','Beringstedt',1),(5025,'25576','Brokdorf',1),(5026,'25578','Neuenbrook',1),(5027,'25578','Dägeling',1),(5028,'25579','Fitzbek',1),(5029,'25579','Rade',1),(5030,'25581','Poyenberg',1),(5031,'25581','Hennstedt',1),(5032,'25582','Looft',1),(5033,'25582','Drage',1),(5034,'25582','Kaaks',1),(5035,'25582','Hohenaspe',1),(5036,'25584','Besdorf',1),(5037,'25584','Holstenniendorf',1),(5038,'25585','Tackesdorf',1),(5039,'25585','Lütjenwestedt',1),(5040,'25587','Münsterdorf',1),(5041,'25588','Oldendorf',1),(5042,'25588','Huje',1),(5043,'25588','Mehlbek',1),(5044,'25590','Osterstedt',1),(5045,'25591','Ottenbüttel',1),(5046,'25593','Reher',1),(5047,'25593','Christinenthal',1),(5048,'25594','Vaale',1),(5049,'25594','Nutteln',1),(5050,'25594','Vaalermoor',1),(5051,'25596','Gribbohm',1),(5052,'25596','Bokelrehm',1),(5053,'25596','Wacken',1),(5054,'25596','Nienbüttel',1),(5055,'25597','Breitenberg',1),(5056,'25597','Westermoor',1),(5057,'25597','Moordiek',1),(5058,'25597','Kronsmoor',1),(5059,'25597','Moordorf',1),(5060,'25599','Wewelsfleth',1),(5061,'25693','Sankt Michaelisdonn',1),(5062,'25693','Volsemenhusen',1),(5063,'25693','Gudendorf',1),(5064,'25693','Trennewurth',1),(5065,'25704','Nindorf',1),(5066,'25704','Elpersbüttel',1),(5067,'25704','Nordermeldorf',1),(5068,'25704','Wolmersdorf',1),(5069,'25704','Meldorf',1),(5070,'25704','Epenwöhrden',1),(5071,'25704','Bargenstedt',1),(5072,'25709','Marne',1),(5073,'25709','Marnerdeich',1),(5074,'25709','Helse',1),(5075,'25709','Kronprinzenkoog',1),(5076,'25709','Kaiser-Wilhelm-Koog',1),(5077,'25709','Diekhusen-Fahrstedt',1),(5078,'25712','Kuden',1),(5079,'25712','Hochdonn',1),(5080,'25712','Burg (Dithmarschen)',1),(5081,'25712','Großenrade',1),(5082,'25712','Quickborn',1),(5083,'25712','Buchholz',1),(5084,'25712','Brickeln',1),(5085,'25715','Averlak',1),(5086,'25715','Ramhusen',1),(5087,'25715','Eddelak',1),(5088,'25715','Dingen',1),(5089,'25718','Friedrichskoog',1),(5090,'25719','Busenwurth',1),(5091,'25719','Barlt',1),(5092,'25721','Eggstedt',1),(5093,'25724','Neufeld',1),(5094,'25724','Neufelderkoog',1),(5095,'25724','Schmedeswurth',1),(5096,'25725','Schafstedt',1),(5097,'25725','Bornholt',1),(5098,'25727','Frestedt',1),(5099,'25727','Süderhastedt',1),(5100,'25727','Krumstedt',1),(5101,'25729','Windbergen',1),(5102,'25746','Ostrohe',1),(5103,'25746','Lohe-Rickelshof',1),(5104,'25746','Heide',1),(5105,'25746','Norderwöhrden',1),(5106,'25746','Wesseln',1),(5107,'25761','Hedwigenkoog',1),(5108,'25761','Oesterdeichstrich',1),(5109,'25761','Warwerort',1),(5110,'25761','Westerdeichstrich',1),(5111,'25761','Büsum',1),(5112,'25761','Büsumer Deichhausen',1),(5113,'25764','Oesterwurth',1),(5114,'25764','Friedrichsgabekoog',1),(5115,'25764','Wesselburen',1),(5116,'25764','Süderdeich',1),(5117,'25764','Schülp',1),(5118,'25764','Hillgroven',1),(5119,'25764','Norddeich',1),(5120,'25764','Wesselburener-Deichhausen',1),(5121,'25764','Hellschen-Heringsand-Unterschaar',1),(5122,'25764','Wesselburenerkoog',1),(5123,'25764','Reinsbüttel',1),(5124,'25767','Arkebek',1),(5125,'25767','Osterrade',1),(5126,'25767','Offenbüttel',1),(5127,'25767','Bunsoh',1),(5128,'25767','Tensbüttel-Röst',1),(5129,'25767','Wennbüttel',1),(5130,'25767','Albersdorf',1),(5131,'25770','Hemmingstedt',1),(5132,'25770','Lieth',1),(5133,'25774','Hemme',1),(5134,'25774','Lehe',1),(5135,'25774','Krempel',1),(5136,'25774','Lunden',1),(5137,'25774','Karolinenkoog',1),(5138,'25774','Groven',1),(5139,'25776','Schlichting',1),(5140,'25776','Sankt Annen',1),(5141,'25776','Rehm-Flehde-Bargen',1),(5142,'25779','Kleve',1),(5143,'25779','Hennstedt',1),(5144,'25779','Hägen',1),(5145,'25779','Bergewöhrden',1),(5146,'25779','Wiemerstedt',1),(5147,'25779','Süderheistedt',1),(5148,'25779','Norderheistedt',1),(5149,'25779','Glüsing',1),(5150,'25779','Fedderingen',1),(5151,'25782','Süderdorf',1),(5152,'25782','Gaushorn',1),(5153,'25782','Westerborstel',1),(5154,'25782','Welmbüttel',1),(5155,'25782','Hövede',1),(5156,'25782','Schalkholz',1),(5157,'25782','Tellingstedt',1),(5158,'25782','Schrum',1),(5159,'25785','Sarzbüttel',1),(5160,'25785','Odderade',1),(5161,'25785','Nordhastedt',1),(5162,'25786','Dellstedt',1),(5163,'25788','Hollingstedt',1),(5164,'25788','Wallen',1),(5165,'25788','Delve',1),(5166,'25791','Linden',1),(5167,'25791','Barkenholm',1),(5168,'25792','Neuenkirchen',1),(5169,'25792','Strübbel',1),(5170,'25794','Dörpling',1),(5171,'25794','Tielenhemme',1),(5172,'25794','Pahlen',1),(5173,'25795','Stelle-Wittenwurth',1),(5174,'25795','Weddingstedt',1),(5175,'25797','Wöhrden',1),(5176,'25799','Wrohm',1),(5177,'25813','Schwesing',1),(5178,'25813','Husum',1),(5179,'25813','Südermarsch',1),(5180,'25813','Simonsberg',1),(5181,'25821','Almdorf',1),(5182,'25821','Breklum',1),(5183,'25821','Reußenköge',1),(5184,'25821','Vollstedt',1),(5185,'25821','Bredstedt',1),(5186,'25821','Struckum',1),(5187,'25821','Sönnebüll',1),(5188,'25826','Sankt Peter-Ording',1),(5189,'25832','Tönning',1),(5190,'25832','Kotzenbüll',1),(5191,'25836','Welt',1),(5192,'25836','Katharinenheerd',1),(5193,'25836','Garding',1),(5194,'25836','Grothusenkoog',1),(5195,'25836','Poppenbüll',1),(5196,'25836','Kirchspiel Garding',1),(5197,'25836','Osterhever',1),(5198,'25836','Vollerwiek',1),(5199,'25840','Koldenbüttel',1),(5200,'25840','Friedrichstadt',1),(5201,'25842','Langenhorn',1),(5202,'25842','Bargum',1),(5203,'25842','Lütjenholm',1),(5204,'25842','Ockholm',1),(5205,'25845','Nordstrand',1),(5206,'25845','Elisabeth-Sophien-Koog',1),(5207,'25849','Pellworm',1),(5208,'25850','Bondelum',1),(5209,'25850','Behrendorf',1),(5210,'25852','Bordelum',1),(5211,'25853','Ahrenshöft',1),(5212,'25853','Drelsdorf',1),(5213,'25853','Bohmstedt',1),(5214,'25855','Haselund',1),(5215,'25856','Hattstedt',1),(5216,'25856','Wobbenbüll',1),(5217,'25856','Hattstedtermarsch',1),(5218,'25858','Högel',1),(5219,'25859','Hooge',1),(5220,'25860','Horstedt',1),(5221,'25860','Olderup',1),(5222,'25860','Arlewatt',1),(5223,'25862','Goldebek',1),(5224,'25862','Kolkerheide',1),(5225,'25862','Goldelund',1),(5226,'25862','Joldelund',1),(5227,'25863','Langeneß',1),(5228,'25864','Löwenstedt',1),(5229,'25866','Mildstedt',1),(5230,'25868','Norderstapel',1),(5231,'25869','Gröde',1),(5232,'25870','Norderfriedrichskoog',1),(5233,'25870','Oldenswort',1),(5234,'25872','Ostenfeld',1),(5235,'25872','Wittbek',1),(5236,'25873','Oldersbek',1),(5237,'25873','Rantrum',1),(5238,'25875','Schobüll',1),(5239,'25876','Wisch',1),(5240,'25876','Süderhöft',1),(5241,'25876','Ramstedt',1),(5242,'25876','Fresendelf',1),(5243,'25876','Schwabstedt',1),(5244,'25876','Hude',1),(5245,'25878','Drage',1),(5246,'25878','Seeth',1),(5247,'25879','Süderstapel',1),(5248,'25881','Augustenkoog',1),(5249,'25881','Westerhever',1),(5250,'25881','Tümlauer Koog',1),(5251,'25881','Tating',1),(5252,'25882','Tetenbüll',1),(5253,'25884','Sollwitt',1),(5254,'25884','Viöl',1),(5255,'25884','Norstedt',1),(5256,'25885','Ahrenviölfeld',1),(5257,'25885','Ahrenviöl',1),(5258,'25885','Immenstedt',1),(5259,'25885','Oster-Ohrstedt',1),(5260,'25885','Wester-Ohrstedt',1),(5261,'25887','Winnert',1),(5262,'25889','Witzwort',1),(5263,'25889','Uelvesbüll',1),(5264,'25899','Galmsbüll',1),(5265,'25899','Niebüll',1),(5266,'25899','Bosbüll',1),(5267,'25899','Dagebüll',1),(5268,'25899','Klixbüll',1),(5269,'25917','Enge-Sande',1),(5270,'25917','Stadum',1),(5271,'25917','Tinningstedt',1),(5272,'25917','Leck',1),(5273,'25917','Sprakebüll',1),(5274,'25917','Achtrup',1),(5275,'25920','Stedesand',1),(5276,'25920','Risum-Lindholm',1),(5277,'25923','Humptrup',1),(5278,'25923','Braderup',1),(5279,'25923','Ellhöft',1),(5280,'25923','Süderlügum',1),(5281,'25923','Lexgaard',1),(5282,'25923','Holm',1),(5283,'25923','Uphusum',1),(5284,'25924','Rodenäs',1),(5285,'25924','Emmelsbüll-Horsbüll',1),(5286,'25924','Klanxbüll',1),(5287,'25924','Friedrich-Wilhelm-Lübke-Koog',1),(5288,'25926','Karlum',1),(5289,'25926','Ladelund',1),(5290,'25926','Bramstedtlund',1),(5291,'25926','Westre',1),(5292,'25927','Aventoft',1),(5293,'25927','Neukirchen',1),(5294,'25938','Dunsum',1),(5295,'25938','Midlum',1),(5296,'25938','Oevenum',1),(5297,'25938','Süderende',1),(5298,'25938','Oldsum',1),(5299,'25938','Wyk auf Föhr',1),(5300,'25938','Alkersum',1),(5301,'25938','Wrixum',1),(5302,'25938','Borgsum',1),(5303,'25938','Nieblum',1),(5304,'25938','Witsum',1),(5305,'25938','Utersum',1),(5306,'25946','Wittdün',1),(5307,'25946','Nebel',1),(5308,'25946','Norddorf',1),(5309,'25980','Rantum',1),(5310,'25980','Westerland',1),(5311,'25980','Sylt-Ost',1),(5312,'25992','List',1),(5313,'25996','Wenningstedt',1),(5314,'25997','Hörnum',1),(5315,'25999','Kampen',1),(5316,'26121','Oldenburg (Oldenburg)',1),(5317,'26122','Oldenburg (Oldenburg)',1),(5318,'26123','Oldenburg (Oldenburg)',1),(5319,'26125','Oldenburg (Oldenburg)',1),(5320,'26127','Oldenburg (Oldenburg)',1),(5321,'26129','Oldenburg (Oldenburg)',1),(5322,'26131','Oldenburg (Oldenburg)',1),(5323,'26133','Oldenburg (Oldenburg)',1),(5324,'26135','Oldenburg (Oldenburg)',1),(5325,'26160','Bad Zwischenahn',1),(5326,'26169','Friesoythe',1),(5327,'26180','Rastede',1),(5328,'26188','Edewecht',1),(5329,'26197','Großenkneten',1),(5330,'26203','Wardenburg',1),(5331,'26209','Hatten',1),(5332,'26215','Wiefelstede',1),(5333,'26219','Bösel',1),(5334,'26316','Varel',1),(5335,'26340','Zetel',1),(5336,'26345','Bockhorn',1),(5337,'26349','Jade',1),(5338,'26382','Wilhelmshaven',1),(5339,'26384','Wilhelmshaven',1),(5340,'26386','Wilhelmshaven',1),(5341,'26388','Wilhelmshaven',1),(5342,'26389','Wilhelmshaven',1),(5343,'26409','Wittmund',1),(5344,'26419','Schortens',1),(5345,'26427','Dunum',1),(5346,'26427','Esens',1),(5347,'26427','Stedesdorf',1),(5348,'26427','Werdum',1),(5349,'26427','Neuharlingersiel',1),(5350,'26427','Holtgast',1),(5351,'26427','Moorweg',1),(5352,'26434','Wangerland',1),(5353,'26441','Jever',1),(5354,'26446','Friedeburg',1),(5355,'26452','Sande',1),(5356,'26465','Langeoog',1),(5357,'26474','Spiekeroog',1),(5358,'26486','Wangerooge',1),(5359,'26487','Blomberg',1),(5360,'26487','Neuschoo',1),(5361,'26489','Ochtersum',1),(5362,'26506','Norden',1),(5363,'26524','Hagermarsch',1),(5364,'26524','Hage',1),(5365,'26524','Lütetsburg',1),(5366,'26524','Halbemond',1),(5367,'26524','Berumbur',1),(5368,'26529','Wirdum',1),(5369,'26529','Marienhafe',1),(5370,'26529','Upgant-Schott',1),(5371,'26529','Rechtsupweg',1),(5372,'26529','Osteel',1),(5373,'26529','Leezdorf',1),(5374,'26532','Großheide',1),(5375,'26548','Norderney',1),(5376,'26553','Dornum',1),(5377,'26556','Utarp',1),(5378,'26556','Westerholt',1),(5379,'26556','Nenndorf',1),(5380,'26556','Schweindorf',1),(5381,'26556','Eversmeer',1),(5382,'26571','Juist',1),(5383,'26579','Baltrum',1),(5384,'26603','Aurich',1),(5385,'26605','Aurich',1),(5386,'26607','Aurich',1),(5387,'26624','Südbrookmerland',1),(5388,'26629','Großefehn',1),(5389,'26632','Ihlow',1),(5390,'26639','Wiesmoor',1),(5391,'26655','Westerstede',1),(5392,'26670','Uplengen',1),(5393,'26676','Barßel',1),(5394,'26683','Saterland',1),(5395,'26689','Apen',1),(5396,'26721','Emden',1),(5397,'26723','Emden',1),(5398,'26725','Emden',1),(5399,'26736','Krummhörn',1),(5400,'26757','Borkum',1),(5401,'26759','Hinte',1),(5402,'26789','Leer (Ostfriesland)',1),(5403,'26802','Moormerland',1),(5404,'26810','Westoverledingen',1),(5405,'26817','Rhauderfehn',1),(5406,'26826','Weener',1),(5407,'26831','Bunde',1),(5408,'26831','Bunderhee',1),(5409,'26831','Boen',1),(5410,'26831','Wymeer',1),(5411,'26831','Dollart',1),(5412,'26835','Holtland',1),(5413,'26835','Firrel',1),(5414,'26835','Hesel',1),(5415,'26835','Brinkum',1),(5416,'26835','Schwerinsdorf',1),(5417,'26835','Neukamperfehn',1),(5418,'26842','Ostrhauderfehn',1),(5419,'26844','Jemgum',1),(5420,'26845','Nortmoor',1),(5421,'26847','Detern',1),(5422,'26849','Filsum',1),(5423,'26871','Papenburg',1),(5424,'26892','Wippingen',1),(5425,'26892','Kluse',1),(5426,'26892','Lehe',1),(5427,'26892','Heede',1),(5428,'26892','Dörpen',1),(5429,'26897','Esterwegen',1),(5430,'26897','Breddenberg',1),(5431,'26897','Hilkenbrook',1),(5432,'26897','Bockhorst',1),(5433,'26899','Rhede',1),(5434,'26901','Rastdorf',1),(5435,'26901','Lorup',1),(5436,'26903','Surwold',1),(5437,'26904','Börger',1),(5438,'26906','Dersum',1),(5439,'26907','Walchum',1),(5440,'26909','Neubörger',1),(5441,'26909','Neulehe',1),(5442,'26919','Brake',1),(5443,'26931','Elsfleth',1),(5444,'26935','Stadland',1),(5445,'26936','Stadland',1),(5446,'26937','Stadland',1),(5447,'26939','Ovelgönne',1),(5448,'26954','Nordenham',1),(5449,'26969','Butjadingen',1),(5450,'27211','Bassum',1),(5451,'27232','Sulingen',1),(5452,'27239','Twistringen',1),(5453,'27243','Kirchseelte',1),(5454,'27243','Prinzhöfte',1),(5455,'27243','Groß Ippener',1),(5456,'27243','Colnrade',1),(5457,'27243','Winkelsett',1),(5458,'27243','Harpstedt',1),(5459,'27243','Beckeln',1),(5460,'27243','Dünsen',1),(5461,'27245','Kirchdorf',1),(5462,'27245','Barenburg',1),(5463,'27245','Bahrenborstel',1),(5464,'27246','Borstel',1),(5465,'27248','Ehrenburg',1),(5466,'27249','Mellinghausen',1),(5467,'27249','Maasen',1),(5468,'27251','Scholen',1),(5469,'27251','Neuenkirchen',1),(5470,'27252','Schwaförden',1),(5471,'27254','Siedenburg',1),(5472,'27254','Staffhorst',1),(5473,'27257','Affinghausen',1),(5474,'27257','Sudwalde',1),(5475,'27259','Freistatt',1),(5476,'27259','Wehrbleck',1),(5477,'27259','Varrel',1),(5478,'27283','Verden (Aller)',1),(5479,'27299','Langwedel',1),(5480,'27305','Engeln',1),(5481,'27305','Süstedt',1),(5482,'27305','Bruchhausen-Vilsen',1),(5483,'27308','Kirchlinteln',1),(5484,'27313','Dörverden',1),(5485,'27318','Hilgermissen',1),(5486,'27318','Hoya',1),(5487,'27318','Hoyerhagen',1),(5488,'27321','Emtinghausen',1),(5489,'27321','Thedinghausen',1),(5490,'27321','Morsum',1),(5491,'27324','Hämelhausen',1),(5492,'27324','Gandesbergen',1),(5493,'27324','Hassel (Weser)',1),(5494,'27324','Eystrup',1),(5495,'27327','Martfeld',1),(5496,'27327','Schwarme',1),(5497,'27330','Asendorf',1),(5498,'27333','Warpe',1),(5499,'27333','Bücken',1),(5500,'27333','Schweringen',1),(5501,'27336','Rethem (Aller)',1),(5502,'27336','Frankenfeld',1),(5503,'27336','Häuslingen',1),(5504,'27337','Blender',1),(5505,'27339','Riede',1),(5506,'27356','Rotenburg (Wümme)',1),(5507,'27367','Hassendorf',1),(5508,'27367','Hellwege',1),(5509,'27367','Sottrum',1),(5510,'27367','Bötersen',1),(5511,'27367','Horstedt',1),(5512,'27367','Ahausen',1),(5513,'27367','Reeßum',1),(5514,'27374','Visselhövede',1),(5515,'27383','Scheeßel',1),(5516,'27386','Hemslingen',1),(5517,'27386','Hemsbünde',1),(5518,'27386','Kirchwalsede',1),(5519,'27386','Bothel',1),(5520,'27386','Brockel',1),(5521,'27386','Westerwalsede',1),(5522,'27389','Stemmen',1),(5523,'27389','Lauenbrück',1),(5524,'27389','Vahlde',1),(5525,'27389','Helvesiek',1),(5526,'27389','Fintel',1),(5527,'27404','Zeven',1),(5528,'27404','Ostereistedt',1),(5529,'27404','Elsdorf',1),(5530,'27404','Rhade',1),(5531,'27404','Seedorf',1),(5532,'27404','Heeslingen',1),(5533,'27404','Gyhum',1),(5534,'27412','Tarmstedt',1),(5535,'27412','Westertimke',1),(5536,'27412','Kirchtimke',1),(5537,'27412','Hepstedt',1),(5538,'27412','Breddorf',1),(5539,'27412','Bülstedt',1),(5540,'27412','Vorwerk',1),(5541,'27412','Wilstedt',1),(5542,'27419','Lengenbostel',1),(5543,'27419','Klein Meckelsen',1),(5544,'27419','Sittensen',1),(5545,'27419','Groß Meckelsen',1),(5546,'27419','Wohnste',1),(5547,'27419','Vierden',1),(5548,'27419','Kalbe',1),(5549,'27419','Hamersen',1),(5550,'27419','Tiste',1),(5551,'27432','Bremervörde',1),(5552,'27432','Alfstedt',1),(5553,'27432','Hipstedt',1),(5554,'27432','Oerel',1),(5555,'27432','Basdahl',1),(5556,'27432','Ebersdorf',1),(5557,'27442','Gnarrenburg',1),(5558,'27446','Deinstedt',1),(5559,'27446','Sandbostel',1),(5560,'27446','Farven',1),(5561,'27446','Selsingen',1),(5562,'27446','Anderlingen',1),(5563,'27449','Kutenholz',1),(5564,'27472','Cuxhaven',1),(5565,'27474','Cuxhaven',1),(5566,'27476','Cuxhaven',1),(5567,'27478','Cuxhaven',1),(5568,'27498','Helgoland',1),(5569,'27568','Bremerhaven',1),(5570,'27570','Bremerhaven',1),(5571,'27572','Bremerhaven',1),(5572,'27574','Bremerhaven',1),(5573,'27576','Bremerhaven',1),(5574,'27578','Bremerhaven',1),(5575,'27580','Bremerhaven',1),(5576,'27607','Langen',1),(5577,'27612','Loxstedt',1),(5578,'27616','Beverstedt',1),(5579,'27616','Frelsdorf',1),(5580,'27616','Heerstedt',1),(5581,'27616','Hollen',1),(5582,'27616','Stubben',1),(5583,'27616','Kirchwistedt',1),(5584,'27616','Lunestedt',1),(5585,'27616','Appeln',1),(5586,'27616','Bokel',1),(5587,'27619','Schiffdorf',1),(5588,'27624','Flögeln',1),(5589,'27624','Köhlen',1),(5590,'27624','Ringstedt',1),(5591,'27624','Drangstedt',1),(5592,'27624','Kührstedt',1),(5593,'27624','Lintig',1),(5594,'27624','Elmlohe',1),(5595,'27624','Bad Bederkesa',1),(5596,'27628','Sandstedt',1),(5597,'27628','Driftsethe',1),(5598,'27628','Uthlede',1),(5599,'27628','Wulsbüttel',1),(5600,'27628','Hagen im Bremischen',1),(5601,'27628','Bramstedt',1),(5602,'27632','Padingbüttel',1),(5603,'27632','Misselwarden',1),(5604,'27632','Cappel',1),(5605,'27632','Dorum',1),(5606,'27632','Mulsum',1),(5607,'27632','Midlum',1),(5608,'27637','Nordholz',1),(5609,'27638','Wremen',1),(5610,'27711','Osterholz-Scharmbeck',1),(5611,'27721','Ritterhude',1),(5612,'27726','Worpswede',1),(5613,'27729','Axstedt',1),(5614,'27729','Lübberstedt',1),(5615,'27729','Holste',1),(5616,'27729','Vollersode',1),(5617,'27729','Hambergen',1),(5618,'27749','Delmenhorst',1),(5619,'27751','Delmenhorst',1),(5620,'27753','Delmenhorst',1),(5621,'27755','Delmenhorst',1),(5622,'27777','Ganderkesee',1),(5623,'27793','Wildeshausen',1),(5624,'27798','Hude (Oldenburg)',1),(5625,'27801','Dötlingen',1),(5626,'27804','Berne',1),(5627,'27809','Lemwerder',1),(5628,'28195','Bremen',1),(5629,'28197','Bremen',1),(5630,'28199','Bremen',1),(5631,'28201','Bremen',1),(5632,'28203','Bremen',1),(5633,'28205','Bremen',1),(5634,'28207','Bremen',1),(5635,'28209','Bremen',1),(5636,'28211','Bremen',1),(5637,'28213','Bremen',1),(5638,'28215','Bremen',1),(5639,'28217','Bremen',1),(5640,'28219','Bremen',1),(5641,'28237','Bremen',1),(5642,'28239','Bremen',1),(5643,'28259','Bremen',1),(5644,'28277','Bremen',1),(5645,'28279','Bremen',1),(5646,'28307','Bremen',1),(5647,'28309','Bremen',1),(5648,'28325','Bremen',1),(5649,'28327','Bremen',1),(5650,'28329','Bremen',1),(5651,'28355','Bremen',1),(5652,'28357','Bremen',1),(5653,'28359','Bremen',1),(5654,'28717','Bremen',1),(5655,'28719','Bremen',1),(5656,'28755','Bremen',1),(5657,'28757','Bremen',1),(5658,'28759','Bremen',1),(5659,'28777','Bremen',1),(5660,'28779','Bremen',1),(5661,'28790','Schwanewede',1),(5662,'28816','Stuhr',1),(5663,'28832','Achim',1),(5664,'28844','Weyhe',1),(5665,'28857','Syke',1),(5666,'28865','Lilienthal',1),(5667,'28870','Ottersberg',1),(5668,'28876','Oyten',1),(5669,'28879','Grasberg',1),(5670,'29221','Celle',1),(5671,'29223','Celle',1),(5672,'29225','Celle',1),(5673,'29227','Celle',1),(5674,'29229','Celle',1),(5675,'29303','Bergen',1),(5676,'29308','Winsen (Aller)',1),(5677,'29313','Hambühren',1),(5678,'29320','Hermannsburg',1),(5679,'29323','Wietze',1),(5680,'29328','Faßberg',1),(5681,'29331','Lachendorf',1),(5682,'29336','Nienhagen',1),(5683,'29339','Wathlingen',1),(5684,'29342','Wienhausen',1),(5685,'29345','Unterlüß',1),(5686,'29348','Eschede',1),(5687,'29348','Scharnhorst',1),(5688,'29351','Eldingen',1),(5689,'29352','Adelheidsdorf',1),(5690,'29353','Ahnsbeck',1),(5691,'29355','Beedenbostel',1),(5692,'29356','Bröckel',1),(5693,'29358','Eicklingen',1),(5694,'29359','Habighorst',1),(5695,'29361','Höfer',1),(5696,'29362','Hohne',1),(5697,'29364','Langlingen',1),(5698,'29365','Sprakensehl',1),(5699,'29367','Steinhorst',1),(5700,'29369','Ummern',1),(5701,'29378','Wittingen',1),(5702,'29379','Wittingen',1),(5703,'29386','Obernholz',1),(5704,'29386','Dedelstorf',1),(5705,'29386','Hankensbüttel',1),(5706,'29389','Bad Bodenteich',1),(5707,'29392','Wesendorf',1),(5708,'29393','Groß Oesingen',1),(5709,'29394','Lüder',1),(5710,'29396','Schönewörde',1),(5711,'29399','Wahrenholz',1),(5712,'29410','Salzwedel',1),(5713,'29410','Chüden',1),(5714,'29413','Wallstawe',1),(5715,'29413','Tylsen',1),(5716,'29413','Seebenau',1),(5717,'29413','Langenapel',1),(5718,'29413','Lagendorf',1),(5719,'29413','Henningen',1),(5720,'29413','Ellenberg',1),(5721,'29413','Flecken Diesdorf',1),(5722,'29413','Dähre',1),(5723,'29413','Bornsen',1),(5724,'29413','Bonese',1),(5725,'29413','Osterwohle',1),(5726,'29413','Neuekrug',1),(5727,'29413','Mehmke',1),(5728,'29413','Gieseritz',1),(5729,'29416','Stappenbeck',1),(5730,'29416','Vissum',1),(5731,'29416','Valfitz',1),(5732,'29416','Steinitz',1),(5733,'29416','Siedenlangenbeck',1),(5734,'29416','Riebau',1),(5735,'29416','Kuhfelde',1),(5736,'29416','Klein Gartz',1),(5737,'29416','Kerkau',1),(5738,'29416','Kaulitz',1),(5739,'29416','Jeggeleben',1),(5740,'29416','Winterfeld',1),(5741,'29416','Wieblitz-Eversdorf',1),(5742,'29416','Fleetmark',1),(5743,'29416','Chüden',1),(5744,'29416','Binde',1),(5745,'29416','Bierstedt',1),(5746,'29416','Rademin',1),(5747,'29416','Püggen',1),(5748,'29416','Pretzier',1),(5749,'29416','Mechau',1),(5750,'29416','Liesten',1),(5751,'29416','Altensalzwedel',1),(5752,'29416','Benkendorf',1),(5753,'29416','Gischau',1),(5754,'29439','Lüchow',1),(5755,'29451','Dannenberg (Elbe)',1),(5756,'29456','Hitzacker',1),(5757,'29459','Clenze',1),(5758,'29462','Wustrow',1),(5759,'29465','Schnega',1),(5760,'29468','Bergen (Dumme)',1),(5761,'29471','Gartow',1),(5762,'29472','Damnatz',1),(5763,'29473','Göhrde',1),(5764,'29475','Gorleben',1),(5765,'29476','Gusborn',1),(5766,'29478','Höhbeck',1),(5767,'29479','Jameln',1),(5768,'29481','Karwitz',1),(5769,'29482','Küsten',1),(5770,'29484','Langendorf',1),(5771,'29485','Lemgow',1),(5772,'29487','Luckau',1),(5773,'29488','Lübbow',1),(5774,'29490','Neu Darchau',1),(5775,'29491','Prezelle',1),(5776,'29493','Schnackenburg',1),(5777,'29494','Trebel',1),(5778,'29496','Waddeweitz',1),(5779,'29497','Woltersdorf',1),(5780,'29499','Zernien',1),(5781,'29525','Uelzen',1),(5782,'29549','Bad Bevensen',1),(5783,'29553','Bienenbüttel',1),(5784,'29556','Suderburg',1),(5785,'29559','Wrestedt',1),(5786,'29562','Suhlendorf',1),(5787,'29565','Wriedel',1),(5788,'29568','Wieren',1),(5789,'29571','Rosche',1),(5790,'29574','Ebstorf',1),(5791,'29575','Altenmedingen',1),(5792,'29576','Barum',1),(5793,'29578','Eimke',1),(5794,'29579','Emmendorf',1),(5795,'29581','Gerdau',1),(5796,'29582','Hanstedt I',1),(5797,'29584','Himbergen',1),(5798,'29585','Jelmstorf',1),(5799,'29587','Natendorf',1),(5800,'29588','Oetzen',1),(5801,'29590','Rätzlingen',1),(5802,'29591','Römstedt',1),(5803,'29593','Schwienau',1),(5804,'29594','Soltendieck',1),(5805,'29596','Stadensen',1),(5806,'29597','Stoetze',1),(5807,'29599','Weste',1),(5808,'29614','Soltau',1),(5809,'29633','Munster',1),(5810,'29640','Schneverdingen',1),(5811,'29643','Neuenkirchen',1),(5812,'29646','Bispingen',1),(5813,'29649','Wietzendorf',1),(5814,'29664','Walsrode',1),(5815,'29683','Fallingbostel',1),(5816,'29690','Buchholz (Aller)',1),(5817,'29690','Gilten',1),(5818,'29690','Grethem',1),(5819,'29690','Lindwedel',1),(5820,'29690','Essel',1),(5821,'29690','Schwarmstedt',1),(5822,'29693','Hodenhagen',1),(5823,'29693','Böhme',1),(5824,'29693','Eickeloh',1),(5825,'29693','Hademstorf',1),(5826,'29693','Ahlden (Aller)',1),(5827,'29699','Bomlitz',1),(5828,'30159','Hannover',1),(5829,'30161','Hannover',1),(5830,'30163','Hannover',1),(5831,'30165','Hannover',1),(5832,'30167','Hannover',1),(5833,'30169','Hannover',1),(5834,'30171','Hannover',1),(5835,'30173','Hannover',1),(5836,'30175','Hannover',1),(5837,'30177','Hannover',1),(5838,'30179','Hannover',1),(5839,'30419','Hannover',1),(5840,'30449','Hannover',1),(5841,'30451','Hannover',1),(5842,'30453','Hannover',1),(5843,'30455','Hannover',1),(5844,'30457','Hannover',1),(5845,'30459','Hannover',1),(5846,'30519','Hannover',1),(5847,'30521','Hannover',1),(5848,'30539','Hannover',1),(5849,'30559','Hannover',1),(5850,'30625','Hannover',1),(5851,'30627','Hannover',1),(5852,'30629','Hannover',1),(5853,'30655','Hannover',1),(5854,'30657','Hannover',1),(5855,'30659','Hannover',1),(5856,'30669','Hannover',1),(5857,'30823','Garbsen',1),(5858,'30826','Garbsen',1),(5859,'30827','Garbsen',1),(5860,'30851','Langenhagen',1),(5861,'30853','Langenhagen',1),(5862,'30855','Langenhagen',1),(5863,'30880','Laatzen',1),(5864,'30890','Barsinghausen',1),(5865,'30900','Wedemark',1),(5866,'30916','Isernhagen',1),(5867,'30926','Seelze',1),(5868,'30938','Burgwedel',1),(5869,'30952','Ronnenberg',1),(5870,'30966','Hemmingen',1),(5871,'30974','Wennigsen',1),(5872,'30982','Pattensen',1),(5873,'30989','Gehrden',1),(5874,'31008','Elze',1),(5875,'31020','Salzhemmendorf',1),(5876,'31028','Gronau (Leine)',1),(5877,'31029','Banteln',1),(5878,'31032','Betheln',1),(5879,'31033','Brüggen',1),(5880,'31035','Despetal',1),(5881,'31036','Eime',1),(5882,'31039','Rheden',1),(5883,'31061','Alfeld (Leine)',1),(5884,'31073','Delligsen',1),(5885,'31079','Westfeld',1),(5886,'31079','Sibbesse',1),(5887,'31079','Almstedt',1),(5888,'31079','Eberholzen',1),(5889,'31079','Adenstedt',1),(5890,'31084','Freden (Leine)',1),(5891,'31085','Everode',1),(5892,'31087','Landwehr',1),(5893,'31088','Winzenburg',1),(5894,'31089','Duingen',1),(5895,'31091','Coppengrave',1),(5896,'31093','Hoyershausen',1),(5897,'31094','Marienhagen',1),(5898,'31096','Weenzen',1),(5899,'31097','Harbarnsen',1),(5900,'31099','Woltershausen',1),(5901,'31134','Hildesheim',1),(5902,'31135','Hildesheim',1),(5903,'31137','Hildesheim',1),(5904,'31139','Hildesheim',1),(5905,'31141','Hildesheim',1),(5906,'31157','Sarstedt',1),(5907,'31162','Bad Salzdetfurth',1),(5908,'31167','Bockenem',1),(5909,'31171','Nordstemmen',1),(5910,'31174','Schellerten',1),(5911,'31177','Harsum',1),(5912,'31180','Giesen',1),(5913,'31185','Söhlde',1),(5914,'31188','Holle',1),(5915,'31191','Algermissen',1),(5916,'31195','Neuhof',1),(5917,'31195','Lamspringe',1),(5918,'31196','Sehlem',1),(5919,'31199','Diekholzen',1),(5920,'31224','Peine',1),(5921,'31226','Peine',1),(5922,'31228','Peine',1),(5923,'31234','Edemissen',1),(5924,'31241','Ilsede',1),(5925,'31246','Lahstedt',1),(5926,'31249','Hohenhameln',1),(5927,'31275','Lehrte',1),(5928,'31303','Burgdorf',1),(5929,'31311','Uetze',1),(5930,'31319','Sehnde',1),(5931,'31515','Wunstorf',1),(5932,'31535','Neustadt am Rübenberge',1),(5933,'31542','Bad Nenndorf',1),(5934,'31547','Rehburg-Loccum',1),(5935,'31552','Apelern',1),(5936,'31552','Rodenberg',1),(5937,'31553','Sachsenhagen',1),(5938,'31553','Auhagen',1),(5939,'31555','Suthfeld',1),(5940,'31556','Wölpinghausen',1),(5941,'31558','Hagenburg',1),(5942,'31559','Haste',1),(5943,'31559','Hohnhorst',1),(5944,'31582','Nienburg (Weser)',1),(5945,'31592','Stolzenau',1),(5946,'31595','Steyerberg',1),(5947,'31600','Uchte',1),(5948,'31603','Diepenau',1),(5949,'31604','Raddestorf',1),(5950,'31606','Warmsen',1),(5951,'31608','Marklohe',1),(5952,'31609','Balge',1),(5953,'31613','Wietzen',1),(5954,'31618','Liebenau',1),(5955,'31619','Binnen',1),(5956,'31621','Pennigsehl',1),(5957,'31622','Heemsen',1),(5958,'31623','Drakenburg',1),(5959,'31626','Haßbergen',1),(5960,'31627','Rohrsen',1),(5961,'31628','Landesbergen',1),(5962,'31629','Estorf',1),(5963,'31632','Husum',1),(5964,'31633','Leese',1),(5965,'31634','Steimbke',1),(5966,'31636','Linsburg',1),(5967,'31637','Rodewald',1),(5968,'31638','Stöckse',1),(5969,'31655','Stadthagen',1),(5970,'31675','Bückeburg',1),(5971,'31683','Obernkirchen',1),(5972,'31688','Nienstädt',1),(5973,'31691','Helpsen',1),(5974,'31691','Seggebruch',1),(5975,'31693','Hespe',1),(5976,'31698','Lindhorst',1),(5977,'31699','Beckedorf',1),(5978,'31700','Heuerßen',1),(5979,'31702','Lüdersfeld',1),(5980,'31707','Heeßen',1),(5981,'31707','Bad Eilsen',1),(5982,'31708','Ahnsen',1),(5983,'31710','Buchholz',1),(5984,'31711','Luhden',1),(5985,'31712','Niedernwöhren',1),(5986,'31714','Lauenhagen',1),(5987,'31715','Meerbeck',1),(5988,'31717','Nordsehl',1),(5989,'31718','Pollhagen',1),(5990,'31719','Wiedensahl',1),(5991,'31737','Rinteln',1),(5992,'31749','Auetal',1),(5993,'31785','Hameln',1),(5994,'31787','Hameln',1),(5995,'31789','Hameln',1),(5996,'31812','Bad Pyrmont',1),(5997,'31832','Springe',1),(5998,'31840','Hessisch Oldendorf',1),(5999,'31848','Bad Münder am Deister',1),(6000,'31855','Aerzen',1),(6001,'31860','Emmerthal',1),(6002,'31863','Coppenbrügge',1),(6003,'31867','Lauenau',1),(6004,'31867','Pohle',1),(6005,'31867','Hülsede',1),(6006,'31867','Messenkamp',1),(6007,'31868','Ottenstein',1),(6008,'32049','Herford',1),(6009,'32051','Herford',1),(6010,'32052','Herford',1),(6011,'32105','Bad Salzuflen',1),(6012,'32107','Bad Salzuflen',1),(6013,'32108','Bad Salzuflen',1),(6014,'32120','Hiddenhausen',1),(6015,'32130','Enger',1),(6016,'32139','Spenge',1),(6017,'32257','Bünde',1),(6018,'32278','Kirchlengern',1),(6019,'32289','Rödinghausen',1),(6020,'32312','Lübbecke',1),(6021,'32339','Espelkamp',1),(6022,'32351','Stemwede',1),(6023,'32361','Preußisch Oldendorf',1),(6024,'32369','Rahden',1),(6025,'32423','Minden',1),(6026,'32425','Minden',1),(6027,'32427','Minden',1),(6028,'32429','Minden',1),(6029,'32457','Porta Westfalica',1),(6030,'32469','Petershagen',1),(6031,'32479','Hille',1),(6032,'32545','Bad Oeynhausen',1),(6033,'32547','Bad Oeynhausen',1),(6034,'32549','Bad Oeynhausen',1),(6035,'32584','Löhne',1),(6036,'32602','Vlotho',1),(6037,'32609','Hüllhorst',1),(6038,'32657','Lemgo',1),(6039,'32676','Lügde',1),(6040,'32683','Barntrup',1),(6041,'32689','Kalletal',1),(6042,'32694','Dörentrup',1),(6043,'32699','Extertal',1),(6044,'32756','Detmold',1),(6045,'32758','Detmold',1),(6046,'32760','Detmold',1),(6047,'32791','Lage',1),(6048,'32805','Horn-Bad Meinberg',1),(6049,'32816','Schieder-Schwalenberg',1),(6050,'32825','Blomberg',1),(6051,'32832','Augustdorf',1),(6052,'32839','Steinheim',1),(6053,'33014','Bad Driburg',1),(6054,'33034','Brakel',1),(6055,'33039','Nieheim',1),(6056,'33098','Paderborn',1),(6057,'33100','Paderborn',1),(6058,'33102','Paderborn',1),(6059,'33104','Paderborn',1),(6060,'33106','Paderborn',1),(6061,'33129','Delbrück',1),(6062,'33142','Büren',1),(6063,'33154','Salzkotten',1),(6064,'33161','Hövelhof',1),(6065,'33165','Lichtenau',1),(6066,'33175','Bad Lippspringe',1),(6067,'33178','Borchen',1),(6068,'33181','Bad Wünnenberg',1),(6069,'33184','Altenbeken',1),(6070,'33189','Schlangen',1),(6071,'33330','Gütersloh',1),(6072,'33332','Gütersloh',1),(6073,'33334','Gütersloh',1),(6074,'33335','Gütersloh',1),(6075,'33378','Rheda-Wiedenbrück',1),(6076,'33397','Rietberg',1),(6077,'33415','Verl',1),(6078,'33428','Harsewinkel',1),(6079,'33442','Herzebrock-Clarholz',1),(6080,'33449','Langenberg',1),(6081,'33602','Bielefeld',1),(6082,'33604','Bielefeld',1),(6083,'33605','Bielefeld',1),(6084,'33607','Bielefeld',1),(6085,'33609','Bielefeld',1),(6086,'33611','Bielefeld',1),(6087,'33613','Bielefeld',1),(6088,'33615','Bielefeld',1),(6089,'33617','Bielefeld',1),(6090,'33619','Bielefeld',1),(6091,'33647','Bielefeld',1),(6092,'33649','Bielefeld',1),(6093,'33659','Bielefeld',1),(6094,'33689','Bielefeld',1),(6095,'33699','Bielefeld',1),(6096,'33719','Bielefeld',1),(6097,'33729','Bielefeld',1),(6098,'33739','Bielefeld',1),(6099,'33758','Schloß Holte-Stukenbrock',1),(6100,'33775','Versmold',1),(6101,'33790','Halle',1),(6102,'33803','Steinhagen',1),(6103,'33813','Oerlinghausen',1),(6104,'33818','Leopoldshöhe',1),(6105,'33824','Werther',1),(6106,'33829','Borgholzhausen',1),(6107,'34117','Kassel',1),(6108,'34119','Kassel',1),(6109,'34121','Kassel',1),(6110,'34123','Kassel',1),(6111,'34125','Kassel',1),(6112,'34127','Kassel',1),(6113,'34128','Kassel',1),(6114,'34130','Kassel',1),(6115,'34131','Kassel',1),(6116,'34132','Kassel',1),(6117,'34134','Kassel',1),(6118,'34212','Melsungen',1),(6119,'34225','Baunatal',1),(6120,'34233','Fuldatal',1),(6121,'34246','Vellmar',1),(6122,'34253','Lohfelden',1),(6123,'34260','Kaufungen',1),(6124,'34266','Niestetal',1),(6125,'34270','Schauenburg',1),(6126,'34277','Fuldabrück',1),(6127,'34281','Gudensberg',1),(6128,'34286','Spangenberg',1),(6129,'34289','Zierenberg',1),(6130,'34292','Ahnatal',1),(6131,'34295','Edermünde',1),(6132,'34298','Helsa',1),(6133,'34302','Guxhagen',1),(6134,'34305','Niedenstein',1),(6135,'34308','Bad Emstal',1),(6136,'34311','Naumburg',1),(6137,'34314','Espenau',1),(6138,'34317','Habichtswald',1),(6139,'34320','Söhrewald',1),(6140,'34323','Malsfeld',1),(6141,'34326','Morschen',1),(6142,'34327','Körle',1),(6143,'34329','Nieste',1),(6144,'34346','Hannoversch Münden',1),(6145,'34355','Staufenberg',1),(6146,'34359','Reinhardshagen',1),(6147,'34369','Hofgeismar',1),(6148,'34376','Immenhausen',1),(6149,'34379','Calden',1),(6150,'34385','Bad Karlshafen',1),(6151,'34388','Trendelburg',1),(6152,'34393','Grebenstein',1),(6153,'34396','Liebenau',1),(6154,'34399','Oberweser',1),(6155,'34414','Warburg',1),(6156,'34431','Marsberg',1),(6157,'34434','Borgentreich',1),(6158,'34439','Willebadessen',1),(6159,'34454','Bad Arolsen',1),(6160,'34466','Wolfhagen',1),(6161,'34471','Volkmarsen',1),(6162,'34474','Diemelstadt',1),(6163,'34477','Twistetal',1),(6164,'34479','Breuna',1),(6165,'34497','Korbach',1),(6166,'34508','Willingen (Upland)',1),(6167,'34513','Waldeck',1),(6168,'34516','Vöhl',1),(6169,'34519','Diemelsee',1),(6170,'34537','Bad Wildungen',1),(6171,'34549','Edertal',1),(6172,'34560','Fritzlar',1),(6173,'34576','Homberg (Efze)',1),(6174,'34582','Borken',1),(6175,'34587','Felsberg',1),(6176,'34590','Wabern',1),(6177,'34593','Knüllwald',1),(6178,'34596','Bad Zwesten',1),(6179,'34599','Neuental',1),(6180,'34613','Schwalmstadt',1),(6181,'34621','Frielendorf',1),(6182,'34626','Neukirchen',1),(6183,'34628','Willingshausen',1),(6184,'34630','Gilserberg',1),(6185,'34632','Jesberg',1),(6186,'34633','Ottrau',1),(6187,'34637','Schrecksbach',1),(6188,'34639','Schwarzenborn',1),(6189,'35037','Marburg',1),(6190,'35039','Marburg',1),(6191,'35041','Marburg',1),(6192,'35043','Marburg',1),(6193,'35066','Frankenberg (Eder)',1),(6194,'35075','Gladenbach',1),(6195,'35080','Bad Endbach',1),(6196,'35083','Wetter',1),(6197,'35085','Ebsdorfergrund',1),(6198,'35088','Battenberg (Eder)',1),(6199,'35091','Cölbe',1),(6200,'35094','Lahntal',1),(6201,'35096','Weimar',1),(6202,'35099','Burgwald',1),(6203,'35102','Lohra',1),(6204,'35104','Lichtenfels',1),(6205,'35108','Allendorf (Eder)',1),(6206,'35110','Frankenau',1),(6207,'35112','Fronhausen',1),(6208,'35114','Haina (Kloster)',1),(6209,'35116','Hatzfeld (Eder)',1),(6210,'35117','Münchhausen',1),(6211,'35119','Rosenthal',1),(6212,'35216','Biedenkopf',1),(6213,'35232','Dautphetal',1),(6214,'35236','Breidenbach',1),(6215,'35239','Steffenberg',1),(6216,'35260','Stadtallendorf',1),(6217,'35274','Kirchhain',1),(6218,'35279','Neustadt (Hessen)',1),(6219,'35282','Rauschenberg',1),(6220,'35285','Gemünden (Wohra)',1),(6221,'35287','Amöneburg',1),(6222,'35288','Wohratal',1),(6223,'35305','Grünberg',1),(6224,'35315','Homberg (Ohm)',1),(6225,'35321','Laubach',1),(6226,'35325','Mücke',1),(6227,'35327','Ulrichstein',1),(6228,'35329','Gemünden (Felda)',1),(6229,'35390','Gießen',1),(6230,'35392','Gießen',1),(6231,'35394','Gießen',1),(6232,'35396','Gießen',1),(6233,'35398','Gießen',1),(6234,'35410','Hungen',1),(6235,'35415','Pohlheim',1),(6236,'35418','Buseck',1),(6237,'35423','Lich',1),(6238,'35428','Langgöns',1),(6239,'35435','Wettenberg',1),(6240,'35440','Linden',1),(6241,'35444','Biebertal',1),(6242,'35447','Reiskirchen',1),(6243,'35452','Heuchelheim',1),(6244,'35457','Lollar',1),(6245,'35460','Staufenberg',1),(6246,'35463','Fernwald',1),(6247,'35466','Rabenau',1),(6248,'35469','Allendorf (Lumda)',1),(6249,'35510','Butzbach',1),(6250,'35516','Münzenberg',1),(6251,'35519','Rockenberg',1),(6252,'35576','Wetzlar',1),(6253,'35578','Wetzlar',1),(6254,'35579','Wetzlar',1),(6255,'35580','Wetzlar',1),(6256,'35581','Wetzlar',1),(6257,'35582','Wetzlar',1),(6258,'35583','Wetzlar',1),(6259,'35584','Wetzlar',1),(6260,'35585','Wetzlar',1),(6261,'35586','Wetzlar',1),(6262,'35606','Solms',1),(6263,'35614','Aßlar',1),(6264,'35619','Braunfels',1),(6265,'35625','Hüttenberg',1),(6266,'35630','Ehringshausen',1),(6267,'35633','Lahnau',1),(6268,'35638','Leun',1),(6269,'35641','Schöffengrund',1),(6270,'35644','Hohenahr',1),(6271,'35647','Waldsolms',1),(6272,'35649','Bischoffen',1),(6273,'35683','Dillenburg',1),(6274,'35684','Dillenburg',1),(6275,'35685','Dillenburg',1),(6276,'35686','Dillenburg',1),(6277,'35687','Dillenburg',1),(6278,'35688','Dillenburg',1),(6279,'35689','Dillenburg',1),(6280,'35690','Dillenburg',1),(6281,'35708','Haiger',1),(6282,'35713','Eschenburg',1),(6283,'35716','Dietzhölztal',1),(6284,'35719','Angelburg',1),(6285,'35745','Herborn',1),(6286,'35753','Greifenstein',1),(6287,'35756','Mittenaar',1),(6288,'35759','Driedorf',1),(6289,'35764','Sinn',1),(6290,'35767','Breitscheid',1),(6291,'35768','Siegbach',1),(6292,'35781','Weilburg',1),(6293,'35789','Weilmünster',1),(6294,'35792','Löhnberg',1),(6295,'35794','Mengerskirchen',1),(6296,'35796','Weinbach',1),(6297,'35799','Merenberg',1),(6298,'36037','Fulda',1),(6299,'36039','Fulda',1),(6300,'36041','Fulda',1),(6301,'36043','Fulda',1),(6302,'36088','Hünfeld',1),(6303,'36093','Künzell',1),(6304,'36100','Petersberg',1),(6305,'36103','Flieden',1),(6306,'36110','Schlitz',1),(6307,'36115','Ehrenberg',1),(6308,'36115','Hilders',1),(6309,'36119','Neuhof',1),(6310,'36124','Eichenzell',1),(6311,'36129','Gersfeld',1),(6312,'36132','Eiterfeld',1),(6313,'36137','Großenlüder',1),(6314,'36142','Tann',1),(6315,'36145','Hofbieber',1),(6316,'36148','Kalbach',1),(6317,'36151','Burghaun',1),(6318,'36154','Hosenfeld',1),(6319,'36157','Ebersburg',1),(6320,'36160','Dipperz',1),(6321,'36163','Poppenhausen',1),(6322,'36166','Haunetal',1),(6323,'36167','Nüsttal',1),(6324,'36169','Rasdorf',1),(6325,'36179','Bebra',1),(6326,'36199','Rotenburg an der Fulda',1),(6327,'36205','Sontra',1),(6328,'36208','Wildeck',1),(6329,'36211','Alheim',1),(6330,'36214','Nentershausen',1),(6331,'36217','Ronshausen',1),(6332,'36219','Cornberg',1),(6333,'36251','Ludwigsau',1),(6334,'36251','Bad Hersfeld',1),(6335,'36266','Heringen (Werra)',1),(6336,'36269','Philippsthal (Werra)',1),(6337,'36272','Niederaula',1),(6338,'36275','Kirchheim',1),(6339,'36277','Schenklengsfeld',1),(6340,'36280','Oberaula',1),(6341,'36282','Hauneck',1),(6342,'36284','Hohenroda',1),(6343,'36286','Neuenstein',1),(6344,'36287','Breitenbach am Herzberg',1),(6345,'36289','Friedewald',1),(6346,'36304','Alsfeld',1),(6347,'36318','Schwalmtal',1),(6348,'36320','Kirtorf',1),(6349,'36323','Grebenau',1),(6350,'36325','Feldatal',1),(6351,'36326','Antrifttal',1),(6352,'36329','Romrod',1),(6353,'36341','Lauterbach',1),(6354,'36355','Grebenhain',1),(6355,'36358','Herbstein',1),(6356,'36364','Bad Salzschlirf',1),(6357,'36367','Wartenberg',1),(6358,'36369','Lautertal',1),(6359,'36381','Schlüchtern',1),(6360,'36391','Sinntal',1),(6361,'36396','Steinau an der Straße',1),(6362,'36399','Freiensteinau',1),(6363,'36404','Martinroda',1),(6364,'36404','Völkershausen',1),(6365,'36404','Wölferbütt',1),(6366,'36404','Oechsen',1),(6367,'36404','Vacha',1),(6368,'36414','Unterbreizbach',1),(6369,'36419','Rockenstuhl',1),(6370,'36419','Geisa',1),(6371,'36419','Schleid',1),(6372,'36419','Gerstengrund',1),(6373,'36419','Buttlar',1),(6374,'36433','Leimbach',1),(6375,'36433','Immelborn',1),(6376,'36433','Moorgrund',1),(6377,'36433','Bad Salzungen',1),(6378,'36448','Steinbach',1),(6379,'36448','Bad Liebenstein',1),(6380,'36448','Schweina',1),(6381,'36452','Neidhartshausen',1),(6382,'36452','Kaltennordheim',1),(6383,'36452','Diedorf',1),(6384,'36452','Zella',1),(6385,'36452','Empfertshausen',1),(6386,'36452','Kaltenlengsfeld',1),(6387,'36452','Brunnhartshausen',1),(6388,'36452','Klings',1),(6389,'36452','Fischbach/Rhön',1),(6390,'36452','Andenhausen',1),(6391,'36456','Barchfeld',1),(6392,'36457','Stadtlengsfeld',1),(6393,'36457','Urnshausen',1),(6394,'36457','Weilar',1),(6395,'36460','Frauensee',1),(6396,'36460','Merkers-Kieselbach',1),(6397,'36460','Dorndorf',1),(6398,'36466','Dermbach',1),(6399,'36466','Wiesenthal',1),(6400,'36469','Tiefenort',1),(6401,'37073','Göttingen',1),(6402,'37075','Göttingen',1),(6403,'37077','Göttingen',1),(6404,'37079','Göttingen',1),(6405,'37081','Göttingen',1),(6406,'37083','Göttingen',1),(6407,'37085','Göttingen',1),(6408,'37115','Duderstadt',1),(6409,'37120','Bovenden',1),(6410,'37124','Rosdorf',1),(6411,'37127','Scheden',1),(6412,'37127','Bühren',1),(6413,'37127','Niemetal',1),(6414,'37127','Dransfeld',1),(6415,'37127','Jühnde',1),(6416,'37130','Gleichen',1),(6417,'37133','Friedland',1),(6418,'37136','Landolfshausen',1),(6419,'37136','Seulingen',1),(6420,'37136','Seeburg',1),(6421,'37136','Ebergötzen',1),(6422,'37136','Waake',1),(6423,'37139','Adelebsen',1),(6424,'37154','Northeim',1),(6425,'37170','Uslar',1),(6426,'37176','Nörten-Hardenberg',1),(6427,'37181','Hardegsen',1),(6428,'37186','Moringen',1),(6429,'37191','Katlenburg-Lindau',1),(6430,'37194','Wahlsburg',1),(6431,'37194','Bodenfelde',1),(6432,'37197','Hattorf am Harz',1),(6433,'37199','Wulften',1),(6434,'37213','Witzenhausen',1),(6435,'37214','Witzenhausen',1),(6436,'37215','Witzenhausen',1),(6437,'37216','Witzenhausen',1),(6438,'37217','Witzenhausen',1),(6439,'37218','Witzenhausen',1),(6440,'37235','Hessisch Lichtenau',1),(6441,'37242','Bad Sooden-Allendorf',1),(6442,'37247','Großalmerode',1),(6443,'37249','Neu-Eichenberg',1),(6444,'37269','Eschwege',1),(6445,'37276','Meinhard',1),(6446,'37281','Wanfried',1),(6447,'37284','Waldkappel',1),(6448,'37287','Wehretal',1),(6449,'37290','Meißner',1),(6450,'37293','Herleshausen',1),(6451,'37296','Ringgau',1),(6452,'37297','Berkatal',1),(6453,'37299','Weißenborn',1),(6454,'37308','Steinbach',1),(6455,'37308','Reinholterode',1),(6456,'37308','Glasehausen',1),(6457,'37308','Krombach',1),(6458,'37308','Hohes Kreuz',1),(6459,'37308','Heilbad Heiligenstadt',1),(6460,'37308','Sickerode',1),(6461,'37308','Volkerode',1),(6462,'37308','Wiesenfeld',1),(6463,'37308','Schimberg',1),(6464,'37308','Heuthen',1),(6465,'37308','Wingerode',1),(6466,'37308','Kella',1),(6467,'37308','Bodenrode-Westhausen',1),(6468,'37308','Geismar',1),(6469,'37308','Pfaffschwende',1),(6470,'37308','Geisleden',1),(6471,'37318','Schachtebich',1),(6472,'37318','Bernterode (bei Heilbad  Heiligenstadt)',1),(6473,'37318','Lutter',1),(6474,'37318','Rohrberg',1),(6475,'37318','Kirchgandern',1),(6476,'37318','Thalwenden',1),(6477,'37318','Hohengandern',1),(6478,'37318','Wahlhausen',1),(6479,'37318','Mackenrode',1),(6480,'37318','Freienhagen',1),(6481,'37318','Fretterode',1),(6482,'37318','Gerbershausen',1),(6483,'37318','Schönhagen',1),(6484,'37318','Uder',1),(6485,'37318','Wüstheuterode',1),(6486,'37318','Eichstruth',1),(6487,'37318','Steinheuterode',1),(6488,'37318','Lenterode',1),(6489,'37318','Bornhagen',1),(6490,'37318','Marth',1),(6491,'37318','Lindewerra',1),(6492,'37318','Asbach-Sickenberg',1),(6493,'37318','Rustenfelde',1),(6494,'37318','Burgwalde',1),(6495,'37318','Arenshausen',1),(6496,'37318','Birkenfelde',1),(6497,'37318','Schwobfeld',1),(6498,'37318','Dieterode',1),(6499,'37318','Röhrig',1),(6500,'37318','Dietzenrode-Vatterode',1),(6501,'37327','Kallmerode',1),(6502,'37327','Leinefelde',1),(6503,'37327','Breitenbach',1),(6504,'37327','Hausen',1),(6505,'37339','Wehnde',1),(6506,'37339','Haynrode',1),(6507,'37339','Brehme',1),(6508,'37339','Teistungen',1),(6509,'37339','Wintzingerode',1),(6510,'37339','Berlingerode',1),(6511,'37339','Worbis',1),(6512,'37339','Ferna',1),(6513,'37339','Gernrode',1),(6514,'37339','Kirchworbis',1),(6515,'37339','Tastungen',1),(6516,'37339','Breitenworbis',1),(6517,'37339','Hundeshagen',1),(6518,'37339','Buhla',1),(6519,'37339','Ecklingerode',1),(6520,'37345','Stöckey',1),(6521,'37345','Bockelnhagen',1),(6522,'37345','Steinrode',1),(6523,'37345','Großbodungen',1),(6524,'37345','Silkerode',1),(6525,'37345','Neustadt',1),(6526,'37345','Jützenbach',1),(6527,'37345','Weißenborn-Lüderode',1),(6528,'37345','Bischofferode',1),(6529,'37345','Holungen',1),(6530,'37345','Zwinge',1),(6531,'37351','Dingelstädt',1),(6532,'37351','Silberhausen',1),(6533,'37351','Kefferhausen',1),(6534,'37351','Kreuzebra',1),(6535,'37351','Helmsdorf',1),(6536,'37355','Vollenborn',1),(6537,'37355','Bernterode, Untereichsfeld',1),(6538,'37355','Niederorschel',1),(6539,'37355','Gerterode',1),(6540,'37355','Deuna',1),(6541,'37355','Kleinbartloff',1),(6542,'37359','Küllstedt',1),(6543,'37359','Büttstedt',1),(6544,'37359','Großbartloff',1),(6545,'37359','Wachstedt',1),(6546,'37359','Effelder',1),(6547,'37412','Elbingerode',1),(6548,'37412','Herzberg am Harz',1),(6549,'37412','Hörden',1),(6550,'37431','Bad Lauterberg im Harz',1),(6551,'37434','Wollershausen',1),(6552,'37434','Rollshausen',1),(6553,'37434','Krebeck',1),(6554,'37434','Bilshausen',1),(6555,'37434','Rüdershausen',1),(6556,'37434','Wollbrandshausen',1),(6557,'37434','Bodensee',1),(6558,'37434','Obernfeld',1),(6559,'37434','Gieboldehausen',1),(6560,'37434','Rhumspringe',1),(6561,'37441','Bad Sachsa',1),(6562,'37444','Sankt Andreasberg',1),(6563,'37445','Walkenried',1),(6564,'37447','Wieda',1),(6565,'37449','Zorge',1),(6566,'37520','Osterode am Harz',1),(6567,'37534','Eisdorf',1),(6568,'37534','Gittelde',1),(6569,'37534','Badenhausen',1),(6570,'37539','Bad Grund (Harz)',1),(6571,'37539','Windhausen',1),(6572,'37547','Kreiensen',1),(6573,'37574','Einbeck',1),(6574,'37581','Bad Gandersheim',1),(6575,'37586','Dassel',1),(6576,'37589','Kalefeld',1),(6577,'37603','Holzminden',1),(6578,'37619','Kirchbrak',1),(6579,'37619','Pegestorf',1),(6580,'37619','Hehlen',1),(6581,'37619','Heyen',1),(6582,'37619','Bodenwerder',1),(6583,'37620','Halle',1),(6584,'37627','Heinade',1),(6585,'37627','Deensen',1),(6586,'37627','Stadtoldendorf',1),(6587,'37627','Wangelnstedt',1),(6588,'37627','Lenne',1),(6589,'37627','Arholzen',1),(6590,'37632','Holzen',1),(6591,'37632','Eschershausen',1),(6592,'37632','Eimen',1),(6593,'37633','Dielmissen',1),(6594,'37635','Lüerdissen',1),(6595,'37639','Bevern',1),(6596,'37640','Golmbach',1),(6597,'37642','Holenberg',1),(6598,'37643','Negenborn',1),(6599,'37647','Polle',1),(6600,'37647','Vahlbruch',1),(6601,'37647','Brevörde',1),(6602,'37649','Heinsen',1),(6603,'37671','Höxter',1),(6604,'37688','Beverungen',1),(6605,'37691','Derental',1),(6606,'37691','Boffzen',1),(6607,'37696','Marienmünster',1),(6608,'37697','Lauenförde',1),(6609,'37699','Fürstenberg',1),(6610,'38100','Braunschweig',1),(6611,'38102','Braunschweig',1),(6612,'38104','Braunschweig',1),(6613,'38106','Braunschweig',1),(6614,'38108','Braunschweig',1),(6615,'38110','Braunschweig',1),(6616,'38112','Braunschweig',1),(6617,'38114','Braunschweig',1),(6618,'38116','Braunschweig',1),(6619,'38118','Braunschweig',1),(6620,'38120','Braunschweig',1),(6621,'38122','Braunschweig',1),(6622,'38124','Braunschweig',1),(6623,'38126','Braunschweig',1),(6624,'38154','Königslutter am Elm',1),(6625,'38159','Vechelde',1),(6626,'38162','Cremlingen',1),(6627,'38165','Lehre',1),(6628,'38170','Dahlum',1),(6629,'38170','Kneitlingen',1),(6630,'38170','Uehrde',1),(6631,'38170','Winnigstedt',1),(6632,'38170','Vahlberg',1),(6633,'38170','Schöppenstedt',1),(6634,'38173','Evessen',1),(6635,'38173','Dettum',1),(6636,'38173','Veltheim',1),(6637,'38173','Erkerode',1),(6638,'38173','Sickte',1),(6639,'38176','Wendeburg',1),(6640,'38179','Schwülper',1),(6641,'38226','Salzgitter',1),(6642,'38228','Salzgitter',1),(6643,'38229','Salzgitter',1),(6644,'38239','Salzgitter',1),(6645,'38259','Salzgitter',1),(6646,'38268','Lengede',1),(6647,'38271','Baddeckenstedt',1),(6648,'38272','Burgdorf',1),(6649,'38274','Elbe',1),(6650,'38275','Haverlah',1),(6651,'38277','Heere',1),(6652,'38279','Sehlde',1),(6653,'38300','Wolfenbüttel',1),(6654,'38302','Wolfenbüttel',1),(6655,'38304','Wolfenbüttel',1),(6656,'38312','Flöthe',1),(6657,'38312','Heiningen',1),(6658,'38312','Cramme',1),(6659,'38312','Börßum',1),(6660,'38312','Achim',1),(6661,'38312','Dorstadt',1),(6662,'38312','Ohrum',1),(6663,'38315','Hornburg',1),(6664,'38315','Schladen',1),(6665,'38315','Werlaburgdorf',1),(6666,'38315','Gielde',1),(6667,'38319','Remlingen',1),(6668,'38321','Denkte',1),(6669,'38322','Hedeper',1),(6670,'38324','Kissenbrück',1),(6671,'38325','Roklum',1),(6672,'38327','Semmenstedt',1),(6673,'38329','Wittmar',1),(6674,'38350','Helmstedt',1),(6675,'38364','Schöningen',1),(6676,'38368','Grasleben',1),(6677,'38368','Mariental',1),(6678,'38368','Rennau',1),(6679,'38368','Querenhorst',1),(6680,'38372','Büddenstedt',1),(6681,'38373','Frellstedt',1),(6682,'38373','Süpplingen',1),(6683,'38375','Räbke',1),(6684,'38376','Süpplingenburg',1),(6685,'38378','Warberg',1),(6686,'38379','Wolsdorf',1),(6687,'38381','Jerxheim',1),(6688,'38382','Beierstedt',1),(6689,'38384','Gevensleben',1),(6690,'38385','Ingeleben',1),(6691,'38387','Söllingen',1),(6692,'38388','Twieflingen',1),(6693,'38440','Wolfsburg',1),(6694,'38442','Wolfsburg',1),(6695,'38444','Wolfsburg',1),(6696,'38446','Wolfsburg',1),(6697,'38448','Wolfsburg',1),(6698,'38458','Velpke',1),(6699,'38459','Bahrdorf',1),(6700,'38461','Danndorf',1),(6701,'38462','Grafhorst',1),(6702,'38464','Groß Twülpstedt',1),(6703,'38465','Brome',1),(6704,'38467','Bergfeld',1),(6705,'38468','Ehra-Lessien',1),(6706,'38470','Parsau',1),(6707,'38471','Rühen',1),(6708,'38473','Tiddische',1),(6709,'38474','Tülau',1),(6710,'38476','Barwedel',1),(6711,'38477','Jembke',1),(6712,'38479','Tappenbeck',1),(6713,'38486','Steimke',1),(6714,'38486','Ristedt',1),(6715,'38486','Kusey',1),(6716,'38486','Kunrau',1),(6717,'38486','Klötze',1),(6718,'38486','Jahrstedt',1),(6719,'38486','Immekath',1),(6720,'38486','Wenze',1),(6721,'38486','Dönitz',1),(6722,'38486','Neuferchau',1),(6723,'38486','Neuendorf',1),(6724,'38486','Flecken Apenburg',1),(6725,'38486','Bandau',1),(6726,'38489','Tangeln',1),(6727,'38489','Rohrberg',1),(6728,'38489','Jübar',1),(6729,'38489','Jeeben',1),(6730,'38489','Hohentramm',1),(6731,'38489','Hanum',1),(6732,'38489','Beetzendorf',1),(6733,'38489','Nettgau',1),(6734,'38489','Mellin',1),(6735,'38489','Lüdelsen',1),(6736,'38489','Ahlum',1),(6737,'38518','Gifhorn',1),(6738,'38524','Sassenburg',1),(6739,'38527','Meine',1),(6740,'38528','Adenbüttel',1),(6741,'38530','Didderse',1),(6742,'38531','Rötgesbüttel',1),(6743,'38533','Vordorf',1),(6744,'38536','Meinersen',1),(6745,'38539','Müden (Aller)',1),(6746,'38542','Leiferde',1),(6747,'38543','Hillerse',1),(6748,'38547','Calberlah',1),(6749,'38550','Isenbüttel',1),(6750,'38551','Ribbesbüttel',1),(6751,'38553','Wasbüttel',1),(6752,'38554','Weyhausen',1),(6753,'38556','Bokensdorf',1),(6754,'38557','Osloß',1),(6755,'38559','Wagenhoff',1),(6756,'38640','Goslar',1),(6757,'38642','Goslar',1),(6758,'38644','Goslar',1),(6759,'38667','Bad Harzburg',1),(6760,'38667','Bad Harzburg',1),(6761,'38678','Clausthal-Zellerfeld',1),(6762,'38685','Langelsheim',1),(6763,'38690','Vienenburg',1),(6764,'38700','Braunlage',1),(6765,'38704','Liebenburg',1),(6766,'38707','Schulenberg im Oberharz',1),(6767,'38707','Altenau',1),(6768,'38709','Wildemann',1),(6769,'38723','Seesen',1),(6770,'38729','Lutter am Barenberge',1),(6771,'38729','Wallmoden',1),(6772,'38729','Hahausen',1),(6773,'38820','Halberstadt',1),(6774,'38822','Ströbeck',1),(6775,'38822','Sargstedt',1),(6776,'38822','Groß Quenstedt',1),(6777,'38822','Athenstedt',1),(6778,'38822','Aspenstedt',1),(6779,'38828','Wegeleben',1),(6780,'38829','Harsleben',1),(6781,'38835','Veltheim',1),(6782,'38835','Schauen',1),(6783,'38835','Rhoden',1),(6784,'38835','Hessen',1),(6785,'38835','Zilly',1),(6786,'38835','Wülperode',1),(6787,'38835','Deersheim',1),(6788,'38835','Bühne',1),(6789,'38835','Osterwieck',1),(6790,'38835','Osterode',1),(6791,'38835','Lüttgenrode',1),(6792,'38835','Berßel',1),(6793,'38836','Vogelsdorf',1),(6794,'38836','Rohrsheim',1),(6795,'38836','Huy-Neinstedt',1),(6796,'38836','Dedeleben',1),(6797,'38836','Dardesheim',1),(6798,'38836','Pabstorf',1),(6799,'38836','Anderbeck',1),(6800,'38836','Badersleben',1),(6801,'38838','Schlanstedt',1),(6802,'38838','Eilsdorf',1),(6803,'38838','Eilenstedt',1),(6804,'38838','Dingelstedt',1),(6805,'38838','Aderstedt',1),(6806,'38855','Schmatzfeld',1),(6807,'38855','Heudeber',1),(6808,'38855','Wernigerode',1),(6809,'38855','Danstedt',1),(6810,'38855','Reddeber',1),(6811,'38871','Wasserleben',1),(6812,'38871','Veckenstedt',1),(6813,'38871','Stapelburg',1),(6814,'38871','Langeln',1),(6815,'38871','Ilsenburg',1),(6816,'38871','Drübeck',1),(6817,'38871','Darlingerode',1),(6818,'38871','Abbenrode',1),(6819,'38875','Tanne',1),(6820,'38875','Sorge',1),(6821,'38875','Königshütte',1),(6822,'38875','Elend',1),(6823,'38875','Elbingerode',1),(6824,'38877','Benneckenstein',1),(6825,'38879','Schierke',1),(6826,'38889','Treseburg',1),(6827,'38889','Rübeland',1),(6828,'38889','Hüttenrode',1),(6829,'38889','Heimburg',1),(6830,'38889','Wienrode',1),(6831,'38889','Cattenstedt',1),(6832,'38889','Blankenburg',1),(6833,'38889','Altenbrak',1),(6834,'38895','Langenstein',1),(6835,'38895','Derenburg',1),(6836,'38899','Trautenstein',1),(6837,'38899','Stiege',1),(6838,'38899','Hasselfelde',1),(6839,'39104','Magdeburg',1),(6840,'39106','Magdeburg',1),(6841,'39108','Magdeburg',1),(6842,'39110','Magdeburg',1),(6843,'39112','Magdeburg',1),(6844,'39114','Magdeburg',1),(6845,'39116','Magdeburg',1),(6846,'39118','Magdeburg',1),(6847,'39120','Magdeburg',1),(6848,'39122','Magdeburg',1),(6849,'39124','Magdeburg',1),(6850,'39126','Magdeburg',1),(6851,'39128','Magdeburg',1),(6852,'39130','Magdeburg',1),(6853,'39164','Wanzleben',1),(6854,'39164','Klein Wanzleben',1),(6855,'39164','Domersleben',1),(6856,'39164','Bottmersdorf',1),(6857,'39167','Klein Rodensleben',1),(6858,'39167','Irxleben',1),(6859,'39167','Hohendodeleben',1),(6860,'39167','Wellen',1),(6861,'39167','Groß Rodensleben',1),(6862,'39167','Eichenbarleben',1),(6863,'39167','Ochtmersleben',1),(6864,'39167','Niederndodeleben',1),(6865,'39171','Sülzetal',1),(6866,'39175','Wahlitz',1),(6867,'39175','Körbelitz',1),(6868,'39175','Königsborn',1),(6869,'39175','Gübs',1),(6870,'39175','Woltersdorf',1),(6871,'39175','Biederitz',1),(6872,'39175','Menz',1),(6873,'39175','Gerwisch',1),(6874,'39179','Ebendorf',1),(6875,'39179','Barleben',1),(6876,'39179','Mittelland',1),(6877,'39218','Schönebeck (Elbe)',1),(6878,'39221','Kleinmühlingen',1),(6879,'39221','Zens',1),(6880,'39221','Welsleben',1),(6881,'39221','Großmühlingen',1),(6882,'39221','Eickendorf',1),(6883,'39221','Eggersdorf',1),(6884,'39221','Biere',1),(6885,'39221','Ranies',1),(6886,'39240','Sachsendorf',1),(6887,'39240','Groß Rosenburg',1),(6888,'39240','Zuchau',1),(6889,'39240','Calbe',1),(6890,'39240','Brumby',1),(6891,'39240','Breitenhagen',1),(6892,'39240','Lödderitz',1),(6893,'39240','Glöthe',1),(6894,'39245','Dannigkow',1),(6895,'39245','Pretzien',1),(6896,'39245','Plötzky',1),(6897,'39245','Gommern',1),(6898,'39249','Tornitz',1),(6899,'39249','Wespen',1),(6900,'39249','Pömmelte',1),(6901,'39249','Glinde',1),(6902,'39249','Barby',1),(6903,'39249','Gnadau',1),(6904,'39261','Zerbst',1),(6905,'39264','Walternienburg',1),(6906,'39264','Straguth',1),(6907,'39264','Steutz',1),(6908,'39264','Reuden',1),(6909,'39264','Jütrichau',1),(6910,'39264','Hohenlepte',1),(6911,'39264','Güterglück',1),(6912,'39264','Zernitz',1),(6913,'39264','Grimme',1),(6914,'39264','Gehrden',1),(6915,'39264','Dornburg',1),(6916,'39264','Dobritz',1),(6917,'39264','Deetz',1),(6918,'39264','Buhlendorf',1),(6919,'39264','Bornum',1),(6920,'39264','Bias',1),(6921,'39264','Prödel',1),(6922,'39264','Polenzko',1),(6923,'39264','Nutha',1),(6924,'39264','Nedlitz',1),(6925,'39264','Moritz',1),(6926,'39264','Luso',1),(6927,'39264','Lübs',1),(6928,'39264','Lindau',1),(6929,'39264','Leps',1),(6930,'39264','Gödnitz',1),(6931,'39279','Schweinitz',1),(6932,'39279','Rosian',1),(6933,'39279','Ladeburg',1),(6934,'39279','Hobeck',1),(6935,'39279','Zeppernick',1),(6936,'39279','Loburg',1),(6937,'39279','Leitzkau',1),(6938,'39288','Burg',1),(6939,'39291','Wallwitz',1),(6940,'39291','Vehlitz',1),(6941,'39291','Tryppehna',1),(6942,'39291','Theeßen',1),(6943,'39291','Stresow',1),(6944,'39291','Stegelitz',1),(6945,'39291','Schopsdorf',1),(6946,'39291','Schermen',1),(6947,'39291','Schartau',1),(6948,'39291','Rietzel',1),(6949,'39291','Küsel',1),(6950,'39291','Krüssau',1),(6951,'39291','Karith',1),(6952,'39291','Ihleburg',1),(6953,'39291','Hohenziatz',1),(6954,'39291','Hohenwarthe',1),(6955,'39291','Ziepel',1),(6956,'39291','Zeddenick',1),(6957,'39291','Wüstenjerichow',1),(6958,'39291','Wörmlitz',1),(6959,'39291','Friedensau',1),(6960,'39291','Drewitz',1),(6961,'39291','Dörnitz',1),(6962,'39291','Detershagen',1),(6963,'39291','Büden',1),(6964,'39291','Pietzpuhl',1),(6965,'39291','Parchau',1),(6966,'39291','Niegripp',1),(6967,'39291','Nedlitz',1),(6968,'39291','Möser',1),(6969,'39291','Möckern',1),(6970,'39291','Magdeburgerforth',1),(6971,'39291','Lübars',1),(6972,'39291','Lostau',1),(6973,'39291','Reesdorf',1),(6974,'39291','Reesen',1),(6975,'39291','Grabow',1),(6976,'39307','Tucheim',1),(6977,'39307','Schlagenthin',1),(6978,'39307','Roßdorf',1),(6979,'39307','Klitsche',1),(6980,'39307','Karow',1),(6981,'39307','Kade',1),(6982,'39307','Zabakuck',1),(6983,'39307','Genthin',1),(6984,'39307','Elbe-Parey',1),(6985,'39307','Demsin',1),(6986,'39307','Brettin',1),(6987,'39307','Parchen',1),(6988,'39307','Paplitz',1),(6989,'39307','Mützel',1),(6990,'39307','Gladau',1),(6991,'39317','Elbe-Parey',1),(6992,'39319','Jerichow',1),(6993,'39319','Wulkow',1),(6994,'39319','Nielebock',1),(6995,'39319','Redekin',1),(6996,'39326','Samswegen',1),(6997,'39326','Rogätz',1),(6998,'39326','Klein Ammensleben',1),(6999,'39326','Jersleben',1),(7000,'39326','Hohenwarsleben',1),(7001,'39326','Hermsdorf',1),(7002,'39326','Heinrichsberg',1),(7003,'39326','Gutenswegen',1),(7004,'39326','Zielitz',1),(7005,'39326','Wolmirstedt',1),(7006,'39326','Groß Ammensleben',1),(7007,'39326','Farsleben',1),(7008,'39326','Dahlenwarsleben',1),(7009,'39326','Colbitz',1),(7010,'39326','Meseberg',1),(7011,'39326','Loitsche',1),(7012,'39326','Angern',1),(7013,'39326','Glindenberg',1),(7014,'39326','Meitzendorf',1),(7015,'39326','Mittelland',1),(7016,'39326','Barleben',1),(7017,'39340','Haldensleben',1),(7018,'39343','Uhrsleben',1),(7019,'39343','Süplingen',1),(7020,'39343','Schwanefeld',1),(7021,'39343','Schackensleben',1),(7022,'39343','Rottmersleben',1),(7023,'39343','Ivenrode',1),(7024,'39343','Hillersleben',1),(7025,'39343','Hakenstedt',1),(7026,'39343','Groß Santersleben',1),(7027,'39343','Erxleben',1),(7028,'39343','Emden',1),(7029,'39343','Eimersleben',1),(7030,'39343','Bregenstedt',1),(7031,'39343','Bornstedt',1),(7032,'39343','Ostingersleben',1),(7033,'39343','Nordgermersleben',1),(7034,'39343','Morsleben',1),(7035,'39343','Altenhausen',1),(7036,'39343','Alleringersleben',1),(7037,'39343','Ackendorf',1),(7038,'39343','Beendorf',1),(7039,'39343','Bebertal',1),(7040,'39343','Bartensleben',1),(7041,'39345','Vahldorf',1),(7042,'39345','Wieglitz',1),(7043,'39345','Flechtingen',1),(7044,'39345','Bülstringen',1),(7045,'39345','Born',1),(7046,'39345','Neuenhofe',1),(7047,'39356','Walbeck',1),(7048,'39356','Siestedt',1),(7049,'39356','Seggerde',1),(7050,'39356','Hörsingen',1),(7051,'39356','Hödingen',1),(7052,'39356','Weferlingen',1),(7053,'39356','Eschenrode',1),(7054,'39356','Döhren',1),(7055,'39356','Belsdorf',1),(7056,'39356','Behnsdorf',1),(7057,'39359','Velsdorf',1),(7058,'39359','Kathendorf',1),(7059,'39359','Wegenstedt',1),(7060,'39359','Everingen',1),(7061,'39359','Etingen',1),(7062,'39359','Eickendorf',1),(7063,'39359','Calvörde',1),(7064,'39359','Bösdorf',1),(7065,'39359','Böddensell',1),(7066,'39359','Mannhausen',1),(7067,'39359','Rätzlingen',1),(7068,'39359','Grauingen',1),(7069,'39365','Ummendorf',1),(7070,'39365','Sommersdorf',1),(7071,'39365','Seehausen',1),(7072,'39365','Harbke',1),(7073,'39365','Wormsdorf',1),(7074,'39365','Wefensleben',1),(7075,'39365','Eilsleben',1),(7076,'39365','Eggenstedt',1),(7077,'39365','Druxberge',1),(7078,'39365','Dreileben',1),(7079,'39365','Drackenstedt',1),(7080,'39365','Ovelgünne',1),(7081,'39365','Marienborn',1),(7082,'39387','Schermcke',1),(7083,'39387','Hornhausen',1),(7084,'39387','Wulferstedt',1),(7085,'39387','Oschersleben',1),(7086,'39387','Ampfurth',1),(7087,'39387','Altbrandsleben',1),(7088,'39387','Neuwegersleben',1),(7089,'39387','Am Großen Bruch',1),(7090,'39393','Wackersleben',1),(7091,'39393','Völpke',1),(7092,'39393','Hötensleben',1),(7093,'39393','Ohrsleben',1),(7094,'39393','Ausleben',1),(7095,'39393','Barneberg',1),(7096,'39393','Hamersleben',1),(7097,'39393','Gunsleben',1),(7098,'39393','Am Großen Bruch',1),(7099,'39397','Schwanebeck',1),(7100,'39397','Kroppenstedt',1),(7101,'39397','Gröningen',1),(7102,'39397','Nienhagen',1),(7103,'39398','Klein Oschersleben',1),(7104,'39398','Hadmersleben',1),(7105,'39398','Groß Germersleben',1),(7106,'39398','Peseckendorf',1),(7107,'39398','Alikendorf',1),(7108,'39418','Staßfurt',1),(7109,'39418','Neundorf (Anhalt)',1),(7110,'39435','Unseburg',1),(7111,'39435','Tarthun',1),(7112,'39435','Schneidlingen',1),(7113,'39435','Wolmirsleben',1),(7114,'39435','Groß Börnecke',1),(7115,'39435','Egeln',1),(7116,'39435','Borne',1),(7117,'39439','Güsten',1),(7118,'39439','Amesdorf',1),(7119,'39439','Rathmannsdorf',1),(7120,'39443','Hohenerxleben',1),(7121,'39443','Förderstedt',1),(7122,'39443','Löbnitz',1),(7123,'39443','Atzendorf',1),(7124,'39444','Hecklingen',1),(7125,'39446','Löderburg',1),(7126,'39448','Hakeborn',1),(7127,'39448','Westeregeln',1),(7128,'39448','Etgersleben',1),(7129,'39517','Uetz',1),(7130,'39517','Uchtdorf',1),(7131,'39517','Tangerhütte',1),(7132,'39517','Schönwalde (Altmark)',1),(7133,'39517','Schernebeck',1),(7134,'39517','Schelldorf',1),(7135,'39517','Sandbeiendorf',1),(7136,'39517','Ringfurth',1),(7137,'39517','Kehnert',1),(7138,'39517','Jerchel',1),(7139,'39517','Wenddorf',1),(7140,'39517','Weißewarte',1),(7141,'39517','Grieben',1),(7142,'39517','Dolle',1),(7143,'39517','Cröchern',1),(7144,'39517','Cobbel',1),(7145,'39517','Burgstall',1),(7146,'39517','Buch',1),(7147,'39517','Bölsdorf',1),(7148,'39517','Bittkau',1),(7149,'39517','Birkholz',1),(7150,'39517','Mahlwinkel',1),(7151,'39517','Lüderitz',1),(7152,'39517','Bertingen',1),(7153,'39524','Warnau',1),(7154,'39524','Schönhausen (Elbe)',1),(7155,'39524','Schönfeld',1),(7156,'39524','Sandau (Elbe)',1),(7157,'39524','Kuhlhausen',1),(7158,'39524','Klietz',1),(7159,'39524','Kamern',1),(7160,'39524','Hohengöhren',1),(7161,'39524','Wust',1),(7162,'39524','Wulkau',1),(7163,'39524','Garz',1),(7164,'39524','Fischbeck (Elbe)',1),(7165,'39524','Neuermark-Lübars',1),(7166,'39524','Mangelsdorf',1),(7167,'39539','Havelberg',1),(7168,'39576','Stendal',1),(7169,'39579','Uenglingen',1),(7170,'39579','Schinne',1),(7171,'39579','Schernikau',1),(7172,'39579','Schäplitz',1),(7173,'39579','Rochau',1),(7174,'39579','Klein Schwechten',1),(7175,'39579','Kläden',1),(7176,'39579','Hüselitz',1),(7177,'39579','Groß Schwechten',1),(7178,'39579','Wittenmoor',1),(7179,'39579','Windberge',1),(7180,'39579','Grobleben',1),(7181,'39579','Garlipp',1),(7182,'39579','Demker',1),(7183,'39579','Dahlen',1),(7184,'39579','Buchholz',1),(7185,'39579','Querstedt',1),(7186,'39579','Bellingen',1),(7187,'39579','Badingen',1),(7188,'39579','Grassau',1),(7189,'39590','Tangermünde',1),(7190,'39590','Storkau (Elbe)',1),(7191,'39590','Langensalzwedel',1),(7192,'39590','Heeren',1),(7193,'39590','Hämerten',1),(7194,'39590','Miltern',1),(7195,'39596','Schwarzholz',1),(7196,'39596','Sanne',1),(7197,'39596','Jarchau',1),(7198,'39596','Hohenberg-Krusemark',1),(7199,'39596','Hindenburg',1),(7200,'39596','Hassel',1),(7201,'39596','Eichstedt (Altmark)',1),(7202,'39596','Lindtorf',1),(7203,'39596','Bertkow',1),(7204,'39596','Arneburg',1),(7205,'39596','Altenzaun',1),(7206,'39596','Beelitz',1),(7207,'39596','Baben',1),(7208,'39596','Goldbeck',1),(7209,'39599','Volgfelde',1),(7210,'39599','Vinzelberg',1),(7211,'39599','Uchtspringe',1),(7212,'39599','Steinfeld (Altmark)',1),(7213,'39599','Staats',1),(7214,'39599','Käthen',1),(7215,'39599','Insel',1),(7216,'39599','Nahrstedt',1),(7217,'39599','Möringen',1),(7218,'39606','Walsleben',1),(7219,'39606','Schorstedt',1),(7220,'39606','Sanne-Kerkuhn',1),(7221,'39606','Sandauerholz',1),(7222,'39606','Rossau',1),(7223,'39606','Krevese',1),(7224,'39606','Kossebau',1),(7225,'39606','Königsmark',1),(7226,'39606','Kleinau',1),(7227,'39606','Iden',1),(7228,'39606','Hohenwulsch',1),(7229,'39606','Heiligenfelde',1),(7230,'39606','Gagel',1),(7231,'39606','Flessau',1),(7232,'39606','Erxleben',1),(7233,'39606','Düsedau',1),(7234,'39606','Dobberkau',1),(7235,'39606','Bretsch',1),(7236,'39606','Boock',1),(7237,'39606','Osterburg',1),(7238,'39606','Meseberg',1),(7239,'39606','Lückstedt',1),(7240,'39606','Gladigau',1),(7241,'39606','Behrendorf',1),(7242,'39606','Ballerstedt',1),(7243,'39615','Wanzer',1),(7244,'39615','Wahrenberg',1),(7245,'39615','Seehausen',1),(7246,'39615','Schönberg',1),(7247,'39615','Krüden',1),(7248,'39615','Höwisch',1),(7249,'39615','Werben (Elbe)',1),(7250,'39615','Wendemark',1),(7251,'39615','Groß Garz',1),(7252,'39615','Geestgottberg',1),(7253,'39615','Falkenberg',1),(7254,'39615','Beuster',1),(7255,'39615','Pollitz',1),(7256,'39615','Neulingen',1),(7257,'39615','Neukirchen (Altmark)',1),(7258,'39615','Losse',1),(7259,'39615','Losenrade',1),(7260,'39615','Lichterfelde',1),(7261,'39615','Leppin',1),(7262,'39615','Aulosen',1),(7263,'39615','Gollensdorf',1),(7264,'39619','Thielbeer',1),(7265,'39619','Schrampe',1),(7266,'39619','Kläden',1),(7267,'39619','Ziemendorf',1),(7268,'39619','Arendsee',1),(7269,'39624','Vienau',1),(7270,'39624','Kremkau',1),(7271,'39624','Kalbe (Milde)',1),(7272,'39624','Kakerbeck',1),(7273,'39624','Kahrstedt',1),(7274,'39624','Jeetze',1),(7275,'39624','Güssefeld',1),(7276,'39624','Zethlingen',1),(7277,'39624','Winkelstedt',1),(7278,'39624','Wernstedt',1),(7279,'39624','Büste',1),(7280,'39624','Brunau',1),(7281,'39624','Packebusch',1),(7282,'39624','Neuendorf am Damm',1),(7283,'39624','Meßdorf',1),(7284,'39624','Altmersleben',1),(7285,'39624','Berkau',1),(7286,'39624','Badel',1),(7287,'39629','Könnigde',1),(7288,'39629','Holzhausen',1),(7289,'39629','Bismark (Altmark)',1),(7290,'39638','Wannefeld',1),(7291,'39638','Solpke',1),(7292,'39638','Seethen',1),(7293,'39638','Schwiesau',1),(7294,'39638','Schenkenhorst',1),(7295,'39638','Roxförde',1),(7296,'39638','Klüden',1),(7297,'39638','Kloster Neuendorf',1),(7298,'39638','Kassieck',1),(7299,'39638','Jeseritz',1),(7300,'39638','Jerchel',1),(7301,'39638','Jävenitz',1),(7302,'39638','Hottendorf',1),(7303,'39638','Hemstedt',1),(7304,'39638','Zobbenitz',1),(7305,'39638','Zichtau',1),(7306,'39638','Wiepke',1),(7307,'39638','Gardelegen',1),(7308,'39638','Estedt',1),(7309,'39638','Engersen',1),(7310,'39638','Dorst',1),(7311,'39638','Breitenfeld',1),(7312,'39638','Potzehne',1),(7313,'39638','Lindstedt',1),(7314,'39638','Letzlingen',1),(7315,'39638','Algenstedt',1),(7316,'39638','Berge',1),(7317,'39638','Berenbrock',1),(7318,'39646','Oebisfelde',1),(7319,'39649','Sichau',1),(7320,'39649','Sachau',1),(7321,'39649','Köckte',1),(7322,'39649','Jeggau',1),(7323,'39649','Dannefeld',1),(7324,'39649','Peckfitz',1),(7325,'39649','Miesterhorst',1),(7326,'39649','Mieste',1),(7327,'40210','Düsseldorf',1),(7328,'40211','Düsseldorf',1),(7329,'40212','Düsseldorf',1),(7330,'40213','Düsseldorf',1),(7331,'40215','Düsseldorf',1),(7332,'40217','Düsseldorf',1),(7333,'40219','Düsseldorf',1),(7334,'40221','Düsseldorf',1),(7335,'40223','Düsseldorf',1),(7336,'40225','Düsseldorf',1),(7337,'40227','Düsseldorf',1),(7338,'40229','Düsseldorf',1),(7339,'40231','Düsseldorf',1),(7340,'40233','Düsseldorf',1),(7341,'40235','Düsseldorf',1),(7342,'40237','Düsseldorf',1),(7343,'40239','Düsseldorf',1),(7344,'40468','Düsseldorf',1),(7345,'40470','Düsseldorf',1),(7346,'40472','Düsseldorf',1),(7347,'40474','Düsseldorf',1),(7348,'40476','Düsseldorf',1),(7349,'40477','Düsseldorf',1),(7350,'40479','Düsseldorf',1),(7351,'40489','Düsseldorf',1),(7352,'40545','Düsseldorf',1),(7353,'40547','Düsseldorf',1),(7354,'40549','Düsseldorf',1),(7355,'40589','Düsseldorf',1),(7356,'40591','Düsseldorf',1),(7357,'40593','Düsseldorf',1),(7358,'40595','Düsseldorf',1),(7359,'40597','Düsseldorf',1),(7360,'40599','Düsseldorf',1),(7361,'40625','Düsseldorf',1),(7362,'40627','Düsseldorf',1),(7363,'40629','Düsseldorf',1),(7364,'40667','Meerbusch',1),(7365,'40668','Meerbusch',1),(7366,'40670','Meerbusch',1),(7367,'40699','Erkrath',1),(7368,'40721','Hilden',1),(7369,'40723','Hilden',1),(7370,'40724','Hilden',1),(7371,'40764','Langenfeld',1),(7372,'40789','Monheim am Rhein',1),(7373,'40822','Mettmann',1),(7374,'40878','Ratingen',1),(7375,'40880','Ratingen',1),(7376,'40882','Ratingen',1),(7377,'40883','Ratingen',1),(7378,'40885','Ratingen',1),(7379,'41061','Mönchengladbach',1),(7380,'41063','Mönchengladbach',1),(7381,'41065','Mönchengladbach',1),(7382,'41066','Mönchengladbach',1),(7383,'41068','Mönchengladbach',1),(7384,'41069','Mönchengladbach',1),(7385,'41169','Mönchengladbach',1),(7386,'41179','Mönchengladbach',1),(7387,'41189','Mönchengladbach',1),(7388,'41199','Mönchengladbach',1),(7389,'41236','Mönchengladbach',1),(7390,'41238','Mönchengladbach',1),(7391,'41239','Mönchengladbach',1),(7392,'41334','Nettetal',1),(7393,'41352','Korschenbroich',1),(7394,'41363','Jüchen',1),(7395,'41366','Schwalmtal',1),(7396,'41372','Niederkrüchten',1),(7397,'41379','Brüggen',1),(7398,'41460','Neuss',1),(7399,'41462','Neuss',1),(7400,'41464','Neuss',1),(7401,'41466','Neuss',1),(7402,'41468','Neuss',1),(7403,'41469','Neuss',1),(7404,'41470','Neuss',1),(7405,'41472','Neuss',1),(7406,'41515','Grevenbroich',1),(7407,'41516','Grevenbroich',1),(7408,'41517','Grevenbroich',1),(7409,'41539','Dormagen',1),(7410,'41540','Dormagen',1),(7411,'41541','Dormagen',1),(7412,'41542','Dormagen',1),(7413,'41564','Kaarst',1),(7414,'41569','Rommerskirchen',1),(7415,'41747','Viersen',1),(7416,'41748','Viersen',1),(7417,'41749','Viersen',1),(7418,'41751','Viersen',1),(7419,'41812','Erkelenz',1),(7420,'41836','Hückelhoven',1),(7421,'41844','Wegberg',1),(7422,'41849','Wassenberg',1),(7423,'42103','Wuppertal',1),(7424,'42105','Wuppertal',1),(7425,'42107','Wuppertal',1),(7426,'42109','Wuppertal',1),(7427,'42111','Wuppertal',1),(7428,'42113','Wuppertal',1),(7429,'42115','Wuppertal',1),(7430,'42117','Wuppertal',1),(7431,'42119','Wuppertal',1),(7432,'42275','Wuppertal',1),(7433,'42277','Wuppertal',1),(7434,'42279','Wuppertal',1),(7435,'42281','Wuppertal',1),(7436,'42283','Wuppertal',1),(7437,'42285','Wuppertal',1),(7438,'42287','Wuppertal',1),(7439,'42289','Wuppertal',1),(7440,'42327','Wuppertal',1),(7441,'42329','Wuppertal',1),(7442,'42349','Wuppertal',1),(7443,'42369','Wuppertal',1),(7444,'42389','Wuppertal',1),(7445,'42399','Wuppertal',1),(7446,'42477','Radevormwald',1),(7447,'42489','Wülfrath',1),(7448,'42499','Hückeswagen',1),(7449,'42549','Velbert',1),(7450,'42551','Velbert',1),(7451,'42553','Velbert',1),(7452,'42555','Velbert',1),(7453,'42579','Heiligenhaus',1),(7454,'42651','Solingen',1),(7455,'42653','Solingen',1),(7456,'42655','Solingen',1),(7457,'42657','Solingen',1),(7458,'42659','Solingen',1),(7459,'42697','Solingen',1),(7460,'42699','Solingen',1),(7461,'42719','Solingen',1),(7462,'42781','Haan',1),(7463,'42799','Leichlingen',1),(7464,'42853','Remscheid',1),(7465,'42855','Remscheid',1),(7466,'42857','Remscheid',1),(7467,'42859','Remscheid',1),(7468,'42897','Remscheid',1),(7469,'42899','Remscheid',1),(7470,'42929','Wermelskirchen',1),(7471,'44135','Dortmund',1),(7472,'44137','Dortmund',1),(7473,'44139','Dortmund',1),(7474,'44141','Dortmund',1),(7475,'44143','Dortmund',1),(7476,'44145','Dortmund',1),(7477,'44147','Dortmund',1),(7478,'44149','Dortmund',1),(7479,'44225','Dortmund',1),(7480,'44227','Dortmund',1),(7481,'44229','Dortmund',1),(7482,'44263','Dortmund',1),(7483,'44265','Dortmund',1),(7484,'44267','Dortmund',1),(7485,'44269','Dortmund',1),(7486,'44287','Dortmund',1),(7487,'44289','Dortmund',1),(7488,'44309','Dortmund',1),(7489,'44319','Dortmund',1),(7490,'44328','Dortmund',1),(7491,'44329','Dortmund',1),(7492,'44339','Dortmund',1),(7493,'44357','Dortmund',1),(7494,'44359','Dortmund',1),(7495,'44369','Dortmund',1),(7496,'44379','Dortmund',1),(7497,'44388','Dortmund',1),(7498,'44532','Lünen',1),(7499,'44534','Lünen',1),(7500,'44536','Lünen',1),(7501,'44575','Castrop-Rauxel',1),(7502,'44577','Castrop-Rauxel',1),(7503,'44579','Castrop-Rauxel',1),(7504,'44581','Castrop-Rauxel',1),(7505,'44623','Herne',1),(7506,'44625','Herne',1),(7507,'44627','Herne',1),(7508,'44628','Herne',1),(7509,'44629','Herne',1),(7510,'44649','Herne',1),(7511,'44651','Herne',1),(7512,'44652','Herne',1),(7513,'44653','Herne',1),(7514,'44787','Bochum',1),(7515,'44789','Bochum',1),(7516,'44791','Bochum',1),(7517,'44793','Bochum',1),(7518,'44795','Bochum',1),(7519,'44797','Bochum',1),(7520,'44799','Bochum',1),(7521,'44801','Bochum',1),(7522,'44803','Bochum',1),(7523,'44805','Bochum',1),(7524,'44807','Bochum',1),(7525,'44809','Bochum',1),(7526,'44866','Bochum',1),(7527,'44867','Bochum',1),(7528,'44869','Bochum',1),(7529,'44879','Bochum',1),(7530,'44892','Bochum',1),(7531,'44894','Bochum',1),(7532,'45127','Essen',1),(7533,'45128','Essen',1),(7534,'45130','Essen',1),(7535,'45131','Essen',1),(7536,'45133','Essen',1),(7537,'45134','Essen',1),(7538,'45136','Essen',1),(7539,'45138','Essen',1),(7540,'45139','Essen',1),(7541,'45141','Essen',1),(7542,'45143','Essen',1),(7543,'45144','Essen',1),(7544,'45145','Essen',1),(7545,'45147','Essen',1),(7546,'45149','Essen',1),(7547,'45219','Essen',1),(7548,'45239','Essen',1),(7549,'45257','Essen',1),(7550,'45259','Essen',1),(7551,'45276','Essen',1),(7552,'45277','Essen',1),(7553,'45279','Essen',1),(7554,'45289','Essen',1),(7555,'45307','Essen',1),(7556,'45309','Essen',1),(7557,'45326','Essen',1),(7558,'45327','Essen',1),(7559,'45329','Essen',1),(7560,'45355','Essen',1),(7561,'45356','Essen',1),(7562,'45357','Essen',1),(7563,'45359','Essen',1),(7564,'45468','Mülheim an der Ruhr',1),(7565,'45470','Mülheim an der Ruhr',1),(7566,'45472','Mülheim an der Ruhr',1),(7567,'45473','Mülheim an der Ruhr',1),(7568,'45475','Mülheim an der Ruhr',1),(7569,'45476','Mülheim an der Ruhr',1),(7570,'45478','Mülheim an der Ruhr',1),(7571,'45479','Mülheim an der Ruhr',1),(7572,'45481','Mülheim an der Ruhr',1),(7573,'45525','Hattingen',1),(7574,'45527','Hattingen',1),(7575,'45529','Hattingen',1),(7576,'45549','Sprockhövel',1),(7577,'45657','Recklinghausen',1),(7578,'45659','Recklinghausen',1),(7579,'45661','Recklinghausen',1),(7580,'45663','Recklinghausen',1),(7581,'45665','Recklinghausen',1),(7582,'45699','Herten',1),(7583,'45701','Herten',1),(7584,'45711','Datteln',1),(7585,'45721','Haltern am See',1),(7586,'45731','Waltrop',1),(7587,'45739','Oer-Erkenschwick',1),(7588,'45768','Marl',1),(7589,'45770','Marl',1),(7590,'45772','Marl',1),(7591,'45879','Gelsenkirchen',1),(7592,'45881','Gelsenkirchen',1),(7593,'45883','Gelsenkirchen',1),(7594,'45884','Gelsenkirchen',1),(7595,'45886','Gelsenkirchen',1),(7596,'45888','Gelsenkirchen',1),(7597,'45889','Gelsenkirchen',1),(7598,'45891','Gelsenkirchen',1),(7599,'45892','Gelsenkirchen',1),(7600,'45894','Gelsenkirchen',1),(7601,'45896','Gelsenkirchen',1),(7602,'45897','Gelsenkirchen',1),(7603,'45899','Gelsenkirchen',1),(7604,'45964','Gladbeck',1),(7605,'45966','Gladbeck',1),(7606,'45968','Gladbeck',1),(7607,'46045','Oberhausen',1),(7608,'46047','Oberhausen',1),(7609,'46049','Oberhausen',1),(7610,'46117','Oberhausen',1),(7611,'46119','Oberhausen',1),(7612,'46145','Oberhausen',1),(7613,'46147','Oberhausen',1),(7614,'46149','Oberhausen',1),(7615,'46236','Bottrop',1),(7616,'46238','Bottrop',1),(7617,'46240','Bottrop',1),(7618,'46242','Bottrop',1),(7619,'46244','Bottrop',1),(7620,'46282','Dorsten',1),(7621,'46284','Dorsten',1),(7622,'46286','Dorsten',1),(7623,'46325','Borken',1),(7624,'46342','Velen',1),(7625,'46348','Raesfeld',1),(7626,'46354','Südlohn',1),(7627,'46359','Heiden',1),(7628,'46395','Bocholt',1),(7629,'46397','Bocholt',1),(7630,'46399','Bocholt',1),(7631,'46414','Rhede',1),(7632,'46419','Isselburg',1),(7633,'46446','Emmerich',1),(7634,'46459','Rees',1),(7635,'46483','Wesel',1),(7636,'46485','Wesel',1),(7637,'46487','Wesel',1),(7638,'46499','Hamminkeln',1),(7639,'46509','Xanten',1),(7640,'46514','Schermbeck',1),(7641,'46519','Alpen',1),(7642,'46535','Dinslaken',1),(7643,'46537','Dinslaken',1),(7644,'46539','Dinslaken',1),(7645,'46562','Voerde',1),(7646,'46569','Hünxe',1),(7647,'47051','Duisburg',1),(7648,'47053','Duisburg',1),(7649,'47055','Duisburg',1),(7650,'47057','Duisburg',1),(7651,'47058','Duisburg',1),(7652,'47059','Duisburg',1),(7653,'47119','Duisburg',1),(7654,'47137','Duisburg',1),(7655,'47138','Duisburg',1),(7656,'47139','Duisburg',1),(7657,'47166','Duisburg',1),(7658,'47167','Duisburg',1),(7659,'47169','Duisburg',1),(7660,'47178','Duisburg',1),(7661,'47179','Duisburg',1),(7662,'47198','Duisburg',1),(7663,'47199','Duisburg',1),(7664,'47226','Duisburg',1),(7665,'47228','Duisburg',1),(7666,'47229','Duisburg',1),(7667,'47239','Duisburg',1),(7668,'47249','Duisburg',1),(7669,'47259','Duisburg',1),(7670,'47269','Duisburg',1),(7671,'47279','Duisburg',1),(7672,'47441','Moers',1),(7673,'47443','Moers',1),(7674,'47445','Moers',1),(7675,'47447','Moers',1),(7676,'47475','Kamp-Lintfort',1),(7677,'47495','Rheinberg',1),(7678,'47506','Neukirchen-Vluyn',1),(7679,'47509','Rheurdt',1),(7680,'47533','Kleve',1),(7681,'47546','Kalkar',1),(7682,'47551','Bedburg-Hau',1),(7683,'47559','Kranenburg',1),(7684,'47574','Goch',1),(7685,'47589','Uedem',1),(7686,'47608','Geldern',1),(7687,'47623','Kevelaer',1),(7688,'47624','Kevelaer',1),(7689,'47625','Kevelaer',1),(7690,'47626','Kevelaer',1),(7691,'47627','Kevelaer',1),(7692,'47638','Straelen',1),(7693,'47647','Kerken',1),(7694,'47652','Weeze',1),(7695,'47661','Issum',1),(7696,'47665','Sonsbeck',1),(7697,'47669','Wachtendonk',1),(7698,'47798','Krefeld',1),(7699,'47799','Krefeld',1),(7700,'47800','Krefeld',1),(7701,'47802','Krefeld',1),(7702,'47803','Krefeld',1),(7703,'47804','Krefeld',1),(7704,'47805','Krefeld',1),(7705,'47807','Krefeld',1),(7706,'47809','Krefeld',1),(7707,'47829','Krefeld',1),(7708,'47839','Krefeld',1),(7709,'47877','Willich',1),(7710,'47906','Kempen',1),(7711,'47918','Tönisvorst',1),(7712,'47929','Grefrath',1),(7713,'48143','Münster',1),(7714,'48145','Münster',1),(7715,'48147','Münster',1),(7716,'48149','Münster',1),(7717,'48151','Münster',1),(7718,'48153','Münster',1),(7719,'48155','Münster',1),(7720,'48157','Münster',1),(7721,'48159','Münster',1),(7722,'48161','Münster',1),(7723,'48163','Münster',1),(7724,'48165','Münster',1),(7725,'48167','Münster',1),(7726,'48231','Warendorf',1),(7727,'48249','Dülmen',1),(7728,'48268','Greven',1),(7729,'48282','Emsdetten',1),(7730,'48291','Telgte',1),(7731,'48301','Nottuln',1),(7732,'48308','Senden',1),(7733,'48317','Drensteinfurt',1),(7734,'48324','Sendenhorst',1),(7735,'48329','Havixbeck',1),(7736,'48336','Sassenberg',1),(7737,'48341','Altenberge',1),(7738,'48346','Ostbevern',1),(7739,'48351','Everswinkel',1),(7740,'48356','Nordwalde',1),(7741,'48361','Beelen',1),(7742,'48366','Laer',1),(7743,'48369','Saerbeck',1),(7744,'48429','Rheine',1),(7745,'48431','Rheine',1),(7746,'48432','Rheine',1),(7747,'48455','Bad Bentheim',1),(7748,'48465','Samern',1),(7749,'48465','Schüttorf',1),(7750,'48465','Suddendorf',1),(7751,'48465','Isterberg',1),(7752,'48465','Engden',1),(7753,'48465','Ohne',1),(7754,'48465','Quendorf',1),(7755,'48477','Hörstel',1),(7756,'48480','Schapen',1),(7757,'48480','Spelle',1),(7758,'48480','Lünne',1),(7759,'48485','Neuenkirchen',1),(7760,'48488','Emsbüren',1),(7761,'48493','Wettringen',1),(7762,'48496','Hopsten',1),(7763,'48499','Salzbergen',1),(7764,'48527','Nordhorn',1),(7765,'48529','Nordhorn',1),(7766,'48531','Nordhorn',1),(7767,'48565','Steinfurt',1),(7768,'48599','Gronau (Westfalen)',1),(7769,'48607','Ochtrup',1),(7770,'48612','Horstmar',1),(7771,'48619','Heek',1),(7772,'48624','Schöppingen',1),(7773,'48629','Metelen',1),(7774,'48653','Coesfeld',1),(7775,'48683','Ahaus',1),(7776,'48691','Vreden',1),(7777,'48703','Stadtlohn',1),(7778,'48712','Gescher',1),(7779,'48720','Rosendahl',1),(7780,'48727','Billerbeck',1),(7781,'48734','Reken',1),(7782,'48739','Legden',1),(7783,'49074','Osnabrück',1),(7784,'49076','Osnabrück',1),(7785,'49078','Osnabrück',1),(7786,'49080','Osnabrück',1),(7787,'49082','Osnabrück',1),(7788,'49084','Osnabrück',1),(7789,'49086','Osnabrück',1),(7790,'49088','Osnabrück',1),(7791,'49090','Osnabrück',1),(7792,'49124','Georgsmarienhütte',1),(7793,'49134','Wallenhorst',1),(7794,'49143','Bissendorf',1),(7795,'49152','Bad Essen',1),(7796,'49163','Bohmte',1),(7797,'49170','Hagen am Teutoburger Wald',1),(7798,'49176','Hilter am Teutoburger Wald',1),(7799,'49179','Ostercappeln',1),(7800,'49186','Bad Iburg',1),(7801,'49191','Belm',1),(7802,'49196','Bad Laer',1),(7803,'49201','Dissen am Teutoburger Wald',1),(7804,'49205','Hasbergen',1),(7805,'49214','Bad Rothenfelde',1),(7806,'49219','Glandorf',1),(7807,'49324','Melle',1),(7808,'49326','Melle',1),(7809,'49328','Melle',1),(7810,'49356','Diepholz',1),(7811,'49377','Vechta',1),(7812,'49393','Lohne (Oldenburg)',1),(7813,'49401','Damme',1),(7814,'49406','Eydelstedt',1),(7815,'49406','Barnstorf',1),(7816,'49406','Drentwede',1),(7817,'49413','Dinklage',1),(7818,'49419','Wagenfeld',1),(7819,'49424','Goldenstedt',1),(7820,'49429','Visbek',1),(7821,'49434','Neuenkirchen-Vörden',1),(7822,'49439','Steinfeld (Oldenburg)',1),(7823,'49448','Hüde',1),(7824,'49448','Lemförde',1),(7825,'49448','Marl',1),(7826,'49448','Quernheim',1),(7827,'49448','Stemshorn',1),(7828,'49448','Brockum',1),(7829,'49451','Holdorf',1),(7830,'49453','Hemsloh',1),(7831,'49453','Rehden',1),(7832,'49453','Wetschen',1),(7833,'49453','Dickel',1),(7834,'49453','Barver',1),(7835,'49456','Bakum',1),(7836,'49457','Drebber',1),(7837,'49459','Lembruch',1),(7838,'49477','Ibbenbüren',1),(7839,'49479','Ibbenbüren',1),(7840,'49492','Westerkappeln',1),(7841,'49497','Mettingen',1),(7842,'49504','Lotte',1),(7843,'49509','Recke',1),(7844,'49525','Lengerich',1),(7845,'49536','Lienen',1),(7846,'49545','Tecklenburg',1),(7847,'49549','Ladbergen',1),(7848,'49565','Bramsche',1),(7849,'49577','Eggermühlen',1),(7850,'49577','Kettenkamp',1),(7851,'49577','Ankum',1),(7852,'49584','Fürstenau',1),(7853,'49586','Neuenkirchen',1),(7854,'49586','Merzen',1),(7855,'49593','Bersenbrück',1),(7856,'49594','Alfhausen',1),(7857,'49596','Gehrde',1),(7858,'49597','Rieste',1),(7859,'49599','Voltlage',1),(7860,'49610','Quakenbrück',1),(7861,'49624','Löningen',1),(7862,'49626','Berge',1),(7863,'49626','Bippen',1),(7864,'49632','Essen (Oldenburg)',1),(7865,'49635','Badbergen',1),(7866,'49637','Menslage',1),(7867,'49638','Nortrup',1),(7868,'49661','Cloppenburg',1),(7869,'49681','Garrel',1),(7870,'49685','Emstek',1),(7871,'49688','Lastrup',1),(7872,'49692','Cappeln (Oldenburg)',1),(7873,'49696','Molbergen',1),(7874,'49699','Lindern (Oldenburg)',1),(7875,'49716','Meppen',1),(7876,'49733','Haren',1),(7877,'49740','Haselünne',1),(7878,'49744','Geeste',1),(7879,'49751','Hüven',1),(7880,'49751','Sögel',1),(7881,'49751','Spahnharrenstätte',1),(7882,'49751','Werpeloh',1),(7883,'49757','Vrees',1),(7884,'49757','Werlte',1),(7885,'49757','Lahn',1),(7886,'49762','Fresenburg',1),(7887,'49762','Sustrum',1),(7888,'49762','Renkenberge',1),(7889,'49762','Lathen',1),(7890,'49767','Twist',1),(7891,'49770','Dohren',1),(7892,'49770','Herzlake',1),(7893,'49774','Lähden',1),(7894,'49777','Stavern',1),(7895,'49777','Groß Berßen',1),(7896,'49777','Klein Berßen',1),(7897,'49779','Niederlangen',1),(7898,'49779','Oberlangen',1),(7899,'49808','Lingen',1),(7900,'49809','Lingen',1),(7901,'49811','Lingen',1),(7902,'49824','Ringe',1),(7903,'49824','Laar',1),(7904,'49824','Emlichheim',1),(7905,'49828','Osterwald',1),(7906,'49828','Georgsdorf',1),(7907,'49828','Esche',1),(7908,'49828','Neuenhaus',1),(7909,'49828','Lage',1),(7910,'49832','Beesten',1),(7911,'49832','Andervenne',1),(7912,'49832','Thuine',1),(7913,'49832','Freren',1),(7914,'49832','Messingen',1),(7915,'49835','Wietmarschen',1),(7916,'49838','Lengerich',1),(7917,'49838','Wettrup',1),(7918,'49838','Gersten',1),(7919,'49838','Langen',1),(7920,'49838','Handrup',1),(7921,'49843','Uelsen',1),(7922,'49843','Halle',1),(7923,'49843','Gölenkamp',1),(7924,'49843','Wielen',1),(7925,'49843','Getelo',1),(7926,'49844','Bawinkel',1),(7927,'49846','Hoogstede',1),(7928,'49847','Itterbeck',1),(7929,'49849','Wilsum',1),(7930,'50126','Bergheim',1),(7931,'50127','Bergheim',1),(7932,'50129','Bergheim',1),(7933,'50169','Kerpen',1),(7934,'50170','Kerpen',1),(7935,'50171','Kerpen',1),(7936,'50181','Bedburg',1),(7937,'50189','Elsdorf',1),(7938,'50226','Frechen',1),(7939,'50259','Pulheim',1),(7940,'50321','Brühl',1),(7941,'50354','Hürth',1),(7942,'50374','Erftstadt',1),(7943,'50389','Wesseling',1),(7944,'50667','Köln',1),(7945,'50668','Köln',1),(7946,'50670','Köln',1),(7947,'50672','Köln',1),(7948,'50674','Köln',1),(7949,'50676','Köln',1),(7950,'50677','Köln',1),(7951,'50678','Köln',1),(7952,'50679','Köln',1),(7953,'50733','Köln',1),(7954,'50735','Köln',1),(7955,'50737','Köln',1),(7956,'50739','Köln',1),(7957,'50765','Köln',1),(7958,'50767','Köln',1),(7959,'50769','Köln',1),(7960,'50823','Köln',1),(7961,'50825','Köln',1),(7962,'50827','Köln',1),(7963,'50829','Köln',1),(7964,'50858','Köln',1),(7965,'50859','Köln',1),(7966,'50931','Köln',1),(7967,'50933','Köln',1),(7968,'50935','Köln',1),(7969,'50937','Köln',1),(7970,'50939','Köln',1),(7971,'50968','Köln',1),(7972,'50969','Köln',1),(7973,'50996','Köln',1),(7974,'50997','Köln',1),(7975,'50999','Köln',1),(7976,'51061','Köln',1),(7977,'51063','Köln',1),(7978,'51065','Köln',1),(7979,'51067','Köln',1),(7980,'51069','Köln',1),(7981,'51103','Köln',1),(7982,'51105','Köln',1),(7983,'51107','Köln',1),(7984,'51109','Köln',1),(7985,'51143','Köln',1),(7986,'51145','Köln',1),(7987,'51147','Köln',1),(7988,'51149','Köln',1),(7989,'51371','Leverkusen',1),(7990,'51373','Leverkusen',1),(7991,'51375','Leverkusen',1),(7992,'51377','Leverkusen',1),(7993,'51379','Leverkusen',1),(7994,'51381','Leverkusen',1),(7995,'51399','Burscheid',1),(7996,'51427','Bergisch Gladbach',1),(7997,'51429','Bergisch Gladbach',1),(7998,'51465','Bergisch Gladbach',1),(7999,'51467','Bergisch Gladbach',1),(8000,'51469','Bergisch Gladbach',1),(8001,'51491','Overath',1),(8002,'51503','Rösrath',1),(8003,'51515','Kürten',1),(8004,'51519','Odenthal',1),(8005,'51545','Waldbröl',1),(8006,'51570','Windeck',1),(8007,'51580','Reichshof',1),(8008,'51588','Nümbrecht',1),(8009,'51597','Morsbach',1),(8010,'51598','Friesenhagen',1),(8011,'51643','Gummersbach',1),(8012,'51645','Gummersbach',1),(8013,'51647','Gummersbach',1),(8014,'51674','Wiehl',1),(8015,'51688','Wipperfürth',1),(8016,'51702','Bergneustadt',1),(8017,'51709','Marienheide',1),(8018,'51766','Engelskirchen',1),(8019,'51789','Lindlar',1),(8020,'52062','Aachen',1),(8021,'52064','Aachen',1),(8022,'52066','Aachen',1),(8023,'52068','Aachen',1),(8024,'52070','Aachen',1),(8025,'52072','Aachen',1),(8026,'52074','Aachen',1),(8027,'52076','Aachen',1),(8028,'52078','Aachen',1),(8029,'52080','Aachen',1),(8030,'52134','Herzogenrath',1),(8031,'52146','Würselen',1),(8032,'52152','Simmerath',1),(8033,'52156','Monschau',1),(8034,'52159','Roetgen',1),(8035,'52222','Stolberg (Rheinland)',1),(8036,'52223','Stolberg (Rheinland)',1),(8037,'52224','Stolberg (Rheinland)',1),(8038,'52249','Eschweiler',1),(8039,'52349','Düren',1),(8040,'52351','Düren',1),(8041,'52353','Düren',1),(8042,'52355','Düren',1),(8043,'52372','Kreuzau',1),(8044,'52379','Langerwehe',1),(8045,'52382','Niederzier',1),(8046,'52385','Nideggen',1),(8047,'52388','Nörvenich',1),(8048,'52391','Vettweiß',1),(8049,'52393','Hürtgenwald',1),(8050,'52396','Heimbach',1),(8051,'52399','Merzenich',1),(8052,'52428','Jülich',1),(8053,'52441','Linnich',1),(8054,'52445','Titz',1),(8055,'52457','Aldenhoven',1),(8056,'52459','Inden',1),(8057,'52477','Alsdorf',1),(8058,'52499','Baesweiler',1),(8059,'52511','Geilenkirchen',1),(8060,'52525','Heinsberg',1),(8061,'52525','Waldfeucht',1),(8062,'52531','Übach-Palenberg',1),(8063,'52538','Selfkant',1),(8064,'52538','Gangelt',1),(8065,'53111','Bonn',1),(8066,'53113','Bonn',1),(8067,'53115','Bonn',1),(8068,'53117','Bonn',1),(8069,'53119','Bonn',1),(8070,'53121','Bonn',1),(8071,'53123','Bonn',1),(8072,'53125','Bonn',1),(8073,'53127','Bonn',1),(8074,'53129','Bonn',1),(8075,'53173','Bonn',1),(8076,'53175','Bonn',1),(8077,'53177','Bonn',1),(8078,'53179','Bonn',1),(8079,'53225','Bonn',1),(8080,'53227','Bonn',1),(8081,'53229','Bonn',1),(8082,'53332','Bornheim',1),(8083,'53340','Meckenheim',1),(8084,'53343','Wachtberg',1),(8085,'53347','Alfter',1),(8086,'53359','Rheinbach',1),(8087,'53424','Remagen',1),(8088,'53426','Schalkenbach',1),(8089,'53426','Dedenbach',1),(8090,'53426','Königsfeld',1),(8091,'53474','Bad Neuenahr-Ahrweiler',1),(8092,'53489','Sinzig',1),(8093,'53498','Waldorf',1),(8094,'53498','Bad Breisig',1),(8095,'53498','Gönnersdorf',1),(8096,'53501','Grafschaft',1),(8097,'53505','Kalenborn',1),(8098,'53505','Berg',1),(8099,'53505','Altenahr',1),(8100,'53505','Kirchsahr',1),(8101,'53506','Ahrbrück',1),(8102,'53506','Lind',1),(8103,'53506','Rech',1),(8104,'53506','Heckenbach',1),(8105,'53506','Kesseling',1),(8106,'53506','Hönningen',1),(8107,'53507','Dernau',1),(8108,'53508','Mayschoß',1),(8109,'53518','Kottenborn',1),(8110,'53518','Adenau',1),(8111,'53518','Leimbach',1),(8112,'53518','Herschbroich',1),(8113,'53518','Welcherath',1),(8114,'53518','Wimbach',1),(8115,'53518','Honerath',1),(8116,'53518','Quiddelbach',1),(8117,'53520','Insul',1),(8118,'53520','Hümmel',1),(8119,'53520','Drees',1),(8120,'53520','Nürburg',1),(8121,'53520','Harscheid',1),(8122,'53520','Trierscheid',1),(8123,'53520','Rodder',1),(8124,'53520','Senscheid',1),(8125,'53520','Ohlenhard',1),(8126,'53520','Reifferscheid',1),(8127,'53520','Kaltenborn',1),(8128,'53520','Meuspath',1),(8129,'53520','Schuld',1),(8130,'53520','Dümpelfeld',1),(8131,'53520','Wershofen',1),(8132,'53520','Sierscheid',1),(8133,'53520','Winnerath',1),(8134,'53520','Müllenbach',1),(8135,'53520','Dankerath',1),(8136,'53533','Müsch',1),(8137,'53533','Antweiler',1),(8138,'53533','Eichenbach',1),(8139,'53533','Dorsel',1),(8140,'53533','Fuchshofen',1),(8141,'53533','Aremberg',1),(8142,'53534','Wiesemscheid',1),(8143,'53534','Bauler',1),(8144,'53534','Pomster',1),(8145,'53534','Barweiler',1),(8146,'53534','Hoffeld',1),(8147,'53534','Wirft',1),(8148,'53539','Borler',1),(8149,'53539','Gelenberg',1),(8150,'53539','Reimerath',1),(8151,'53539','Bodenbach',1),(8152,'53539','Kirsbach',1),(8153,'53539','Brücktal',1),(8154,'53539','Kelberg',1),(8155,'53539','Bongard',1),(8156,'53545','Ockenfels',1),(8157,'53545','Linz am Rhein',1),(8158,'53547','Dattenberg',1),(8159,'53547','Hümmerich',1),(8160,'53547','Roßbach',1),(8161,'53547','Leubsdorf',1),(8162,'53547','Kasbach-Ohlenberg',1),(8163,'53547','Breitscheid',1),(8164,'53547','Hausen (Wied)',1),(8165,'53557','Bad Hönningen',1),(8166,'53560','Vettelschoß',1),(8167,'53562','Sankt Katharinen',1),(8168,'53567','Buchholz (Westerwald)',1),(8169,'53567','Asbach',1),(8170,'53572','Unkel',1),(8171,'53572','Bruchhausen',1),(8172,'53577','Neustadt (Wied)',1),(8173,'53578','Windhagen',1),(8174,'53579','Erpel',1),(8175,'53604','Bad Honnef',1),(8176,'53619','Rheinbreitbach',1),(8177,'53639','Königswinter',1),(8178,'53721','Siegburg',1),(8179,'53757','Sankt Augustin',1),(8180,'53773','Hennef',1),(8181,'53783','Eitorf',1),(8182,'53797','Lohmar',1),(8183,'53804','Much',1),(8184,'53809','Ruppichteroth',1),(8185,'53819','Neunkirchen-Seelscheid',1),(8186,'53840','Troisdorf',1),(8187,'53842','Troisdorf',1),(8188,'53844','Troisdorf',1),(8189,'53859','Niederkassel',1),(8190,'53879','Euskirchen',1),(8191,'53881','Euskirchen',1),(8192,'53894','Mechernich',1),(8193,'53902','Bad Münstereifel',1),(8194,'53909','Zülpich',1),(8195,'53913','Swisttal',1),(8196,'53919','Weilerswist',1),(8197,'53925','Kall',1),(8198,'53937','Schleiden',1),(8199,'53940','Hellenthal',1),(8200,'53945','Blankenheim',1),(8201,'53947','Nettersheim',1),(8202,'53949','Dahlem',1),(8203,'54290','Trier',1),(8204,'54292','Trier',1),(8205,'54293','Trier',1),(8206,'54294','Trier',1),(8207,'54295','Trier',1),(8208,'54296','Trier',1),(8209,'54298','Welschbillig',1),(8210,'54298','Orenhofen',1),(8211,'54298','Greimerath',1),(8212,'54298','Igel',1),(8213,'54298','Aach',1),(8214,'54298','Eisenach',1),(8215,'54298','Gilzem',1),(8216,'54306','Kordel',1),(8217,'54308','Langsur',1),(8218,'54309','Newel',1),(8219,'54310','Menningen',1),(8220,'54310','Minden',1),(8221,'54310','Ralingen an der Sauer',1),(8222,'54311','Trierweiler',1),(8223,'54313','Zemmer',1),(8224,'54314','Baldringen',1),(8225,'54314','Zerf',1),(8226,'54314','Hentern',1),(8227,'54314','Vierherrenborn',1),(8228,'54314','Schömerich',1),(8229,'54314','Paschel',1),(8230,'54316','Bonerath',1),(8231,'54316','Hockweiler',1),(8232,'54316','Franzenheim',1),(8233,'54316','Lampaden',1),(8234,'54316','Ollmuth',1),(8235,'54316','Hinzenburg',1),(8236,'54316','Pluwig',1),(8237,'54316','Holzerath',1),(8238,'54316','Schöndorf',1),(8239,'54317','Morscheid',1),(8240,'54317','Riveris',1),(8241,'54317','Kasel',1),(8242,'54317','Gutweiler',1),(8243,'54317','Lorscheid',1),(8244,'54317','Korlingen',1),(8245,'54317','Thomm',1),(8246,'54317','Gusterath',1),(8247,'54317','Farschweiler',1),(8248,'54317','Herl',1),(8249,'54317','Osburg',1),(8250,'54317','Sommerau',1),(8251,'54318','Mertesdorf',1),(8252,'54320','Waldrach',1),(8253,'54329','Konz',1),(8254,'54331','Oberbillig',1),(8255,'54331','Pellingen',1),(8256,'54332','Wasserliesch',1),(8257,'54338','Schweich',1),(8258,'54338','Longen',1),(8259,'54340','Ensch',1),(8260,'54340','Riol',1),(8261,'54340','Leiwen',1),(8262,'54340','Klüsserath',1),(8263,'54340','Longuich',1),(8264,'54340','Schleich',1),(8265,'54340','Thörnich',1),(8266,'54340','Köwerich',1),(8267,'54340','Bekond',1),(8268,'54340','Naurath (Eifel)',1),(8269,'54340','Pölich',1),(8270,'54340','Detzem',1),(8271,'54341','Fell',1),(8272,'54343','Föhren',1),(8273,'54344','Kenn',1),(8274,'54346','Mehring',1),(8275,'54347','Neumagen-Dhron',1),(8276,'54349','Trittenheim',1),(8277,'54411','Hermeskeil',1),(8278,'54411','Deuselbach',1),(8279,'54411','Rorodt',1),(8280,'54413','Rascheid',1),(8281,'54413','Gusenburg',1),(8282,'54413','Geisfeld',1),(8283,'54413','Damflos',1),(8284,'54413','Beuren (Hochwald)',1),(8285,'54413','Bescheid',1),(8286,'54413','Grimburg',1),(8287,'54421','Hinzert-Pölert',1),(8288,'54421','Reinsfeld',1),(8289,'54422','Neuhütten',1),(8290,'54422','Börfink',1),(8291,'54422','Züsch',1),(8292,'54424','Etgert',1),(8293,'54424','Thalfang',1),(8294,'54424','Burtscheid',1),(8295,'54424','Gielert',1),(8296,'54424','Lückenburg',1),(8297,'54426','Breit',1),(8298,'54426','Berglicht',1),(8299,'54426','Büdlich',1),(8300,'54426','Hilscheid',1),(8301,'54426','Merschbach',1),(8302,'54426','Neunkirchen',1),(8303,'54426','Naurath',1),(8304,'54426','Heidenburg',1),(8305,'54426','Dhronecken',1),(8306,'54426','Talling',1),(8307,'54426','Immert',1),(8308,'54426','Malborn',1),(8309,'54426','Gräfendhron',1),(8310,'54426','Schönberg',1),(8311,'54427','Kell am See',1),(8312,'54429','Waldweiler',1),(8313,'54429','Schillingen',1),(8314,'54429','Heddert',1),(8315,'54429','Mandern',1),(8316,'54439','Saarburg',1),(8317,'54439','Merzkirchen',1),(8318,'54439','Fisch',1),(8319,'54439','Palzem',1),(8320,'54441','Trassem',1),(8321,'54441','Schoden',1),(8322,'54441','Kastel-Staadt',1),(8323,'54441','Wawern',1),(8324,'54441','Mannebach',1),(8325,'54441','Wellen',1),(8326,'54441','Kanzem',1),(8327,'54441','Ayl',1),(8328,'54441','Kirf',1),(8329,'54441','Taben-Rodt',1),(8330,'54441','Temmels',1),(8331,'54441','Ockfen',1),(8332,'54450','Freudenburg',1),(8333,'54451','Irsch',1),(8334,'54453','Nittel',1),(8335,'54455','Serrig',1),(8336,'54456','Onsdorf',1),(8337,'54456','Tawern',1),(8338,'54457','Wincheringen',1),(8339,'54459','Wiltingen',1),(8340,'54470','Lieser',1),(8341,'54470','Bernkastel-Kues',1),(8342,'54470','Graach',1),(8343,'54472','Kommen',1),(8344,'54472','Hochscheid',1),(8345,'54472','Longkamp',1),(8346,'54472','Veldenz',1),(8347,'54472','Brauneberg',1),(8348,'54472','Burgen',1),(8349,'54472','Gornhausen',1),(8350,'54472','Monzelfeld',1),(8351,'54483','Kleinich',1),(8352,'54484','Maring-Noviand',1),(8353,'54486','Mülheim',1),(8354,'54487','Wintrich',1),(8355,'54492','Lösnich',1),(8356,'54492','Erden',1),(8357,'54492','Zeltingen-Rachtig',1),(8358,'54497','Horath',1),(8359,'54497','Morbach',1),(8360,'54498','Piesport',1),(8361,'54516','Wittlich',1),(8362,'54516','Flußbach',1),(8363,'54518','Binsfeld',1),(8364,'54518','Rivenich',1),(8365,'54518','Arenrath',1),(8366,'54518','Plein',1),(8367,'54518','Bergweiler',1),(8368,'54518','Heckenmünster',1),(8369,'54518','Esch',1),(8370,'54518','Sehlem',1),(8371,'54518','Platten',1),(8372,'54518','Bruch',1),(8373,'54518','Hupperath',1),(8374,'54518','Altrich',1),(8375,'54518','Minheim',1),(8376,'54518','Osann-Monzel',1),(8377,'54518','Minderlittgen',1),(8378,'54518','Dodenburg',1),(8379,'54518','Gladbach',1),(8380,'54518','Kesten',1),(8381,'54518','Dreis',1),(8382,'54518','Heidweiler',1),(8383,'54518','Niersbach',1),(8384,'54523','Dierscheid',1),(8385,'54523','Hetzerath',1),(8386,'54524','Klausen',1),(8387,'54526','Landscheid',1),(8388,'54528','Salmtal',1),(8389,'54529','Spangdahlem',1),(8390,'54531','Eckfeld',1),(8391,'54531','Meerfeld',1),(8392,'54531','Pantenburg',1),(8393,'54531','Manderscheid',1),(8394,'54531','Wallscheid',1),(8395,'54533','Willwerscheid',1),(8396,'54533','Niederscheidweiler',1),(8397,'54533','Oberöfflingen',1),(8398,'54533','Hasborn',1),(8399,'54533','Schwarzenborn',1),(8400,'54533','Niederöfflingen',1),(8401,'54533','Bettenfeld',1),(8402,'54533','Gransdorf',1),(8403,'54533','Laufeld',1),(8404,'54533','Dierfeld',1),(8405,'54533','Eisenschmitt',1),(8406,'54533','Oberscheidweiler',1),(8407,'54533','Greimerath',1),(8408,'54533','Oberkail',1),(8409,'54533','Gipperath',1),(8410,'54534','Musweiler',1),(8411,'54534','Großlittgen',1),(8412,'54534','Karl',1),(8413,'54534','Schladt',1),(8414,'54536','Kröv',1),(8415,'54538','Hontheim',1),(8416,'54538','Diefenbach',1),(8417,'54538','Kinderbeuern',1),(8418,'54538','Bengel',1),(8419,'54538','Kinheim',1),(8420,'54538','Bausendorf',1),(8421,'54539','Ürzig',1),(8422,'54550','Daun',1),(8423,'54552','Dreis-Brück',1),(8424,'54552','Darscheid',1),(8425,'54552','Katzwinkel',1),(8426,'54552','Üdersdorf',1),(8427,'54552','Utzerath',1),(8428,'54552','Mehren',1),(8429,'54552','Demerath',1),(8430,'54552','Ellscheid',1),(8431,'54552','Strotzbüsch',1),(8432,'54552','Beinhausen',1),(8433,'54552','Steiningen',1),(8434,'54552','Sarmersbach',1),(8435,'54552','Hörscheid',1),(8436,'54552','Hörschhausen',1),(8437,'54552','Kradenbach',1),(8438,'54552','Neichen',1),(8439,'54552','Brockscheid',1),(8440,'54552','Gefell',1),(8441,'54552','Udler',1),(8442,'54552','Schalkenmehren',1),(8443,'54552','Steineberg',1),(8444,'54552','Schönbach',1),(8445,'54552','Boxberg',1),(8446,'54552','Immerath',1),(8447,'54552','Nerdlen',1),(8448,'54552','Dockweiler',1),(8449,'54558','Gillenfeld',1),(8450,'54558','Mückeln',1),(8451,'54558','Winkel',1),(8452,'54558','Strohn',1),(8453,'54558','Saxler',1),(8454,'54568','Gerolstein',1),(8455,'54570','Niederstadtfeld',1),(8456,'54570','Neroth',1),(8457,'54570','Hohenfels-Essingen',1),(8458,'54570','Bleckhausen',1),(8459,'54570','Kirchweiler',1),(8460,'54570','Kalenborn-Scheuern',1),(8461,'54570','Berlingen',1),(8462,'54570','Rockeskyll',1),(8463,'54570','Wallenborn',1),(8464,'54570','Mürlenbach',1),(8465,'54570','Pelm',1),(8466,'54570','Salm',1),(8467,'54570','Hinterweiler',1),(8468,'54570','Densborn',1),(8469,'54570','Weidenbach',1),(8470,'54570','Betteldorf',1),(8471,'54570','Deudesfeld',1),(8472,'54570','Meisburg',1),(8473,'54570','Schutz',1),(8474,'54570','Oberstadtfeld',1),(8475,'54574','Kopp',1),(8476,'54574','Birresborn',1),(8477,'54576','Hillesheim',1),(8478,'54576','Dohm-Lammersdorf',1),(8479,'54578','Oberbettingen',1),(8480,'54578','Berndorf',1),(8481,'54578','Walsdorf',1),(8482,'54578','Basberg',1),(8483,'54578','Nohn',1),(8484,'54578','Wiesbaum',1),(8485,'54578','Kerpen',1),(8486,'54578','Oberehe-Stroheich',1),(8487,'54579','Üxheim',1),(8488,'54584','Jünkerath',1),(8489,'54584','Feusdorf',1),(8490,'54584','Gönnersdorf',1),(8491,'54585','Esch',1),(8492,'54586','Schüller',1),(8493,'54587','Lissendorf',1),(8494,'54587','Birgel',1),(8495,'54589','Kerschenbach',1),(8496,'54589','Stadtkyll',1),(8497,'54595','Watzerath',1),(8498,'54595','Prüm',1),(8499,'54595','Weinsheim',1),(8500,'54595','Pittenbach',1),(8501,'54595','Orlenbach',1),(8502,'54595','Gondenbrett',1),(8503,'54597','Burbach',1),(8504,'54597','Wallersheim',1),(8505,'54597','Kleinlangenfeld',1),(8506,'54597','Olzheim',1),(8507,'54597','Steffeln',1),(8508,'54597','Neuheilenbach',1),(8509,'54597','Habscheid',1),(8510,'54597','Kinzenburg',1),(8511,'54597','Euscheid',1),(8512,'54597','Masthorn',1),(8513,'54597','Duppach',1),(8514,'54597','Rommersheim',1),(8515,'54597','Pronsfeld',1),(8516,'54597','Reuth',1),(8517,'54597','Balesfeld',1),(8518,'54597','Lierfeld',1),(8519,'54597','Merlscheid',1),(8520,'54597','Strickscheid',1),(8521,'54597','Hersdorf',1),(8522,'54597','Neuendorf',1),(8523,'54597','Fleringen',1),(8524,'54597','Roth',1),(8525,'54597','Plütscheid',1),(8526,'54597','Lascheid',1),(8527,'54597','Lünebach',1),(8528,'54597','Auw bei Prüm',1),(8529,'54597','Seiwerath',1),(8530,'54597','Schwirzheim',1),(8531,'54597','Feuerscheid',1),(8532,'54597','Matzerath',1),(8533,'54597','Ormont',1),(8534,'54608','Bleialf',1),(8535,'54608','Oberlascheid',1),(8536,'54608','Sellerich',1),(8537,'54608','Winterscheid',1),(8538,'54608','Buchet',1),(8539,'54608','Mützenich',1),(8540,'54608','Brandscheid',1),(8541,'54608','Großlangenfeld',1),(8542,'54610','Büdesheim',1),(8543,'54611','Scheid',1),(8544,'54611','Hallschlag',1),(8545,'54612','Wawern',1),(8546,'54612','Nimshuscheid',1),(8547,'54612','Lasel',1),(8548,'54614','Niederlauch',1),(8549,'54614','Nimsreuland',1),(8550,'54614','Oberlauch',1),(8551,'54614','Schönecken',1),(8552,'54614','Heisdorf',1),(8553,'54614','Dingdorf',1),(8554,'54614','Giesdorf',1),(8555,'54614','Winringen',1),(8556,'54616','Winterspelt',1),(8557,'54617','Sevenig (Our)',1),(8558,'54617','Harspelt',1),(8559,'54617','Lützkampen',1),(8560,'54619','Heckhuscheid',1),(8561,'54619','Herzfeld',1),(8562,'54619','Kesfeld',1),(8563,'54619','Eschfeld',1),(8564,'54619','Roscheid',1),(8565,'54619','Sengerich',1),(8566,'54619','Üttfeld',1),(8567,'54619','Leidenborn',1),(8568,'54619','Reiff',1),(8569,'54619','Lichtenborn',1),(8570,'54619','Großkampenberg',1),(8571,'54634','Bitburg',1),(8572,'54634','Niederstedem',1),(8573,'54634','Oberstedem',1),(8574,'54634','Metterich',1),(8575,'54634','Birtlingen',1),(8576,'54636','Schleid',1),(8577,'54636','Meckel',1),(8578,'54636','Ehlenz',1),(8579,'54636','Idesheim',1),(8580,'54636','Baustert',1),(8581,'54636','Eßlingen',1),(8582,'54636','Sülm',1),(8583,'54636','Bickendorf',1),(8584,'54636','Nattenheim',1),(8585,'54636','Dockendorf',1),(8586,'54636','Altscheid',1),(8587,'54636','Röhl',1),(8588,'54636','Wolsfeld',1),(8589,'54636','Idenheim',1),(8590,'54636','Seffern',1),(8591,'54636','Oberweis',1),(8592,'54636','Dahlem',1),(8593,'54636','Brecht',1),(8594,'54636','Wiersdorf',1),(8595,'54636','Echtershausen',1),(8596,'54636','Ließem',1),(8597,'54636','Wißmannsdorf',1),(8598,'54636','Biersdorf',1),(8599,'54636','Feilsdorf',1),(8600,'54636','Hütterscheid',1),(8601,'54636','Trimport',1),(8602,'54636','Niederweiler',1),(8603,'54636','Fließem',1),(8604,'54636','Rittersdorf',1),(8605,'54636','Messerich',1),(8606,'54636','Heilenbach',1),(8607,'54636','Mülbach',1),(8608,'54636','Ingendorf',1),(8609,'54636','Weidingen',1),(8610,'54636','Hamm',1),(8611,'54636','Oberweiler',1),(8612,'54636','Hüttingen an der Kyll',1),(8613,'54636','Sefferweich',1),(8614,'54636','Scharfbillig',1),(8615,'54646','Hisel',1),(8616,'54646','Wettlingen',1),(8617,'54646','Enzen',1),(8618,'54646','Burg',1),(8619,'54646','Halsdorf',1),(8620,'54646','Bettingen',1),(8621,'54646','Brimingen',1),(8622,'54646','Olsdorf',1),(8623,'54646','Stockem',1),(8624,'54646','Niehl',1),(8625,'54647','Pickließem',1),(8626,'54647','Dudeldorf',1),(8627,'54647','Gondorf',1),(8628,'54649','Eilscheid',1),(8629,'54649','Dackscheid',1),(8630,'54649','Niederpierscheid',1),(8631,'54649','Hargarten',1),(8632,'54649','Manderscheid',1),(8633,'54649','Oberpierscheid',1),(8634,'54649','Lambertsberg',1),(8635,'54649','Mauel',1),(8636,'54649','Lauperath',1),(8637,'54649','Waxweiler',1),(8638,'54649','Pintesfeld',1),(8639,'54655','Seinsfeld',1),(8640,'54655','Kyllburgweiler',1),(8641,'54655','Malberg',1),(8642,'54655','Sankt Thomas',1),(8643,'54655','Usch',1),(8644,'54655','Orsfeld',1),(8645,'54655','Zendscheid',1),(8646,'54655','Kyllburg',1),(8647,'54655','Steinborn',1),(8648,'54655','Etteldorf',1),(8649,'54655','Malbergweich',1),(8650,'54655','Wilsecker',1),(8651,'54657','Gindorf',1),(8652,'54657','Badem',1),(8653,'54657','Neidenbach',1),(8654,'54662','Philippsheim',1),(8655,'54662','Speicher',1),(8656,'54662','Beilingen',1),(8657,'54662','Herforst',1),(8658,'54664','Preist',1),(8659,'54664','Hosten',1),(8660,'54664','Auw an der Kyll',1),(8661,'54666','Irrel',1),(8662,'54668','Alsdorf',1),(8663,'54668','Ferschweiler',1),(8664,'54668','Echternacherbrück',1),(8665,'54668','Kaschenbach',1),(8666,'54668','Holsthum',1),(8667,'54668','Ernzen',1),(8668,'54668','Peffingen',1),(8669,'54668','Prümzurlay',1),(8670,'54668','Schankweiler',1),(8671,'54668','Niederweis',1),(8672,'54669','Bollendorf',1),(8673,'54673','Plascheid',1),(8674,'54673','Berkoth',1),(8675,'54673','Keppeshausen',1),(8676,'54673','Zweifelscheid',1),(8677,'54673','Sevenig',1),(8678,'54673','Neuerburg',1),(8679,'54673','Bauler',1),(8680,'54673','Scheuern',1),(8681,'54673','Waldhof-Falkenstein',1),(8682,'54673','Rodershausen',1),(8683,'54673','Karlshausen',1),(8684,'54673','Heilbach',1),(8685,'54673','Koxhausen',1),(8686,'54673','Hütten',1),(8687,'54673','Emmelbaum',1),(8688,'54673','Herbstmühle',1),(8689,'54673','Krautscheid',1),(8690,'54673','Leimbach',1),(8691,'54673','Muxerath',1),(8692,'54673','Berscheid',1),(8693,'54673','Gemünd',1),(8694,'54673','Ammeldingen bei Neuerburg',1),(8695,'54673','Scheitenkorb',1),(8696,'54673','Dauwelshausen',1),(8697,'54673','Burscheid',1),(8698,'54673','Nasingen',1),(8699,'54673','Uppershausen',1),(8700,'54675','Fischbach-Oberraden',1),(8701,'54675','Geichlingen',1),(8702,'54675','Roth an der Our',1),(8703,'54675','Obergeckler',1),(8704,'54675','Sinspelt',1),(8705,'54675','Utscheid',1),(8706,'54675','Kruchten',1),(8707,'54675','Wallendorf',1),(8708,'54675','Nusbaum',1),(8709,'54675','Körperich',1),(8710,'54675','Ammeldingen an der Our',1),(8711,'54675','Mettendorf',1),(8712,'54675','Hüttingen',1),(8713,'54675','Niedergeckler',1),(8714,'54675','Lahr',1),(8715,'54675','Gentingen',1),(8716,'54675','Biesdorf',1),(8717,'54675','Hommerdingen',1),(8718,'54675','Niederraden',1),(8719,'54687','Arzfeld',1),(8720,'54689','Affler',1),(8721,'54689','Olmscheid',1),(8722,'54689','Jucken',1),(8723,'54689','Übereisenbach',1),(8724,'54689','Dasburg',1),(8725,'54689','Dahnen',1),(8726,'54689','Daleiden',1),(8727,'54689','Reipeldingen',1),(8728,'54689','Preischeid',1),(8729,'54689','Irrhausen',1),(8730,'54689','Kickeshausen',1),(8731,'55116','Mainz',1),(8732,'55118','Mainz',1),(8733,'55120','Mainz',1),(8734,'55122','Mainz',1),(8735,'55124','Mainz',1),(8736,'55126','Mainz',1),(8737,'55127','Mainz',1),(8738,'55128','Mainz',1),(8739,'55129','Mainz',1),(8740,'55130','Mainz',1),(8741,'55131','Mainz',1),(8742,'55218','Ingelheim am Rhein',1),(8743,'55232','Ensheim',1),(8744,'55232','Alzey',1),(8745,'55234','Dintesheim',1),(8746,'55234','Hangen-Weisheim',1),(8747,'55234','Hochborn',1),(8748,'55234','Esselborn',1),(8749,'55234','Bechenheim',1),(8750,'55234','Gau-Heppenheim',1),(8751,'55234','Kettenheim',1),(8752,'55234','Bechtolsheim',1),(8753,'55234','Eppelsheim',1),(8754,'55234','Flomborn',1),(8755,'55234','Erbes-Büdesheim',1),(8756,'55234','Framersheim',1),(8757,'55234','Freimersheim',1),(8758,'55234','Wendelsheim',1),(8759,'55234','Monzernheim',1),(8760,'55234','Biebelnheim',1),(8761,'55234','Wahlheim',1),(8762,'55234','Albig',1),(8763,'55234','Bermersheim vor der Höhe',1),(8764,'55234','Nieder-Wiesen',1),(8765,'55234','Ober-Flörsheim',1),(8766,'55234','Offenheim',1),(8767,'55234','Nack',1),(8768,'55237','Lonsheim',1),(8769,'55237','Bornheim',1),(8770,'55237','Flonheim',1),(8771,'55239','Gau-Odernheim',1),(8772,'55257','Budenheim',1),(8773,'55262','Heidesheim am Rhein',1),(8774,'55263','Wackernheim',1),(8775,'55268','Nieder-Olm',1),(8776,'55270','Schwabenheim an der Selz',1),(8777,'55270','Zornheim',1),(8778,'55270','Essenheim',1),(8779,'55270','Ober-Olm',1),(8780,'55270','Jugenheim',1),(8781,'55270','Sörgenloch',1),(8782,'55270','Engelstadt',1),(8783,'55270','Klein-Winternheim',1),(8784,'55270','Bubenheim',1),(8785,'55271','Stadecken-Elsheim',1),(8786,'55276','Oppenheim',1),(8787,'55276','Dienheim',1),(8788,'55278','Köngernheim',1),(8789,'55278','Friesenheim',1),(8790,'55278','Weinolsheim',1),(8791,'55278','Uelversheim',1),(8792,'55278','Undenheim',1),(8793,'55278','Dexheim',1),(8794,'55278','Selzen',1),(8795,'55278','Dolgesheim',1),(8796,'55278','Dalheim',1),(8797,'55278','Ludwigshöhe',1),(8798,'55278','Hahnheim',1),(8799,'55278','Eimsheim',1),(8800,'55278','Mommenheim',1),(8801,'55283','Nierstein',1),(8802,'55286','Wörrstadt',1),(8803,'55286','Sulzheim',1),(8804,'55288','Gabsheim',1),(8805,'55288','Partenheim',1),(8806,'55288','Schornsheim',1),(8807,'55288','Armsheim',1),(8808,'55288','Spiesheim',1),(8809,'55288','Udenheim',1),(8810,'55291','Saulheim',1),(8811,'55294','Bodenheim',1),(8812,'55296','Harxheim',1),(8813,'55296','Lörzweiler',1),(8814,'55296','Gau-Bischofsheim',1),(8815,'55299','Nackenheim',1),(8816,'55411','Bingen am Rhein',1),(8817,'55413','Manubach',1),(8818,'55413','Niederheimbach',1),(8819,'55413','Oberheimbach',1),(8820,'55413','Oberdiebach',1),(8821,'55413','Weiler',1),(8822,'55413','Trechtingshausen',1),(8823,'55422','Breitscheid',1),(8824,'55422','Bacharach',1),(8825,'55424','Münster-Sarmsheim',1),(8826,'55425','Waldalgesheim',1),(8827,'55430','Oberwesel',1),(8828,'55430','Perscheid',1),(8829,'55430','Urbar',1),(8830,'55432','Niederburg',1),(8831,'55432','Damscheid',1),(8832,'55435','Gau-Algesheim',1),(8833,'55437','Ockenheim',1),(8834,'55437','Appenheim',1),(8835,'55437','Nieder-Hilbersheim',1),(8836,'55437','Ober-Hilbersheim',1),(8837,'55442','Daxweiler',1),(8838,'55442','Roth',1),(8839,'55442','Warmsroth',1),(8840,'55442','Stromberg',1),(8841,'55444','Schöneberg',1),(8842,'55444','Seibersbach',1),(8843,'55444','Schweppenhausen',1),(8844,'55444','Waldlaubersheim',1),(8845,'55444','Eckenroth',1),(8846,'55444','Dörrebach',1),(8847,'55450','Langenlonsheim',1),(8848,'55452','Guldental',1),(8849,'55452','Rümmelsheim/Burg Layen',1),(8850,'55452','Windesheim',1),(8851,'55452','Hergenfeld',1),(8852,'55452','Laubenheim',1),(8853,'55452','Dorsheim',1),(8854,'55457','Gensingen',1),(8855,'55457','Horrweiler',1),(8856,'55459','Grolsheim',1),(8857,'55459','Aspisheim',1),(8858,'55469','Nannhausen',1),(8859,'55469','Horn',1),(8860,'55469','Schönborn',1),(8861,'55469','Altweidelbach',1),(8862,'55469','Riegenroth',1),(8863,'55469','Niederkumbd',1),(8864,'55469','Oppertshausen',1),(8865,'55469','Mutterschied',1),(8866,'55469','Ohlweiler',1),(8867,'55469','Rayerschied',1),(8868,'55469','Bergenhausen',1),(8869,'55469','Simmern',1),(8870,'55469','Klosterkumbd',1),(8871,'55469','Belgweiler',1),(8872,'55469','Holzbach',1),(8873,'55469','Budenbach',1),(8874,'55469','Pleizenhausen',1),(8875,'55471','Ravengiersburg',1),(8876,'55471','Sargenroth',1),(8877,'55471','Keidelheim',1),(8878,'55471','Fronhofen',1),(8879,'55471','Wüschheim',1),(8880,'55471','Kümbdchen',1),(8881,'55471','Biebern',1),(8882,'55471','Reich',1),(8883,'55471','Külz',1),(8884,'55471','Tiefenbach',1),(8885,'55471','Neuerkirch',1),(8886,'55481','Kirchberg',1),(8887,'55481','Lindenschied',1),(8888,'55481','Nieder Kostenz',1),(8889,'55481','Hecken',1),(8890,'55481','Rödern',1),(8891,'55481','Metzenhausen',1),(8892,'55481','Womrath',1),(8893,'55481','Ober Kostenz',1),(8894,'55481','Todenroth',1),(8895,'55481','Kludenbach',1),(8896,'55481','Reckershausen',1),(8897,'55481','Dillendorf',1),(8898,'55481','Schwarzen',1),(8899,'55481','Maitzborn',1),(8900,'55483','Bärenbach',1),(8901,'55483','Krummenau',1),(8902,'55483','Kappel',1),(8903,'55483','Heinzenbach',1),(8904,'55483','Horbruch',1),(8905,'55483','Unzenberg',1),(8906,'55483','Dickenschied',1),(8907,'55483','Hirschfeld',1),(8908,'55483','Schlierschied',1),(8909,'55483','Lautzenhausen',1),(8910,'55487','Sohren',1),(8911,'55487','Dill',1),(8912,'55487','Sohrschied',1),(8913,'55487','Laufersweiler',1),(8914,'55487','Niedersohren',1),(8915,'55490','Woppenroth',1),(8916,'55490','Henau',1),(8917,'55490','Rohrbach',1),(8918,'55490','Gemünden',1),(8919,'55490','Mengerschied',1),(8920,'55490','Gehlweiler',1),(8921,'55491','Niederweiler',1),(8922,'55491','Büchenbeuren',1),(8923,'55491','Wahlenau',1),(8924,'55494','Wahlbach',1),(8925,'55494','Rheinböllen',1),(8926,'55494','Erbach',1),(8927,'55494','Dichtelbach',1),(8928,'55494','Benzweiler',1),(8929,'55494','Mörschbach',1),(8930,'55494','Liebshausen',1),(8931,'55496','Argenthal',1),(8932,'55497','Ellern',1),(8933,'55497','Schnorbach',1),(8934,'55499','Riesweiler',1),(8935,'55543','Bad Kreuznach',1),(8936,'55545','Bad Kreuznach',1),(8937,'55546','Tiefenthal',1),(8938,'55546','Frei-Laubersheim',1),(8939,'55546','Hackenheim',1),(8940,'55546','Fürfeld',1),(8941,'55546','Neu-Bamberg',1),(8942,'55546','Biebelsheim',1),(8943,'55546','Pfaffen-Schwabenheim',1),(8944,'55546','Volxheim',1),(8945,'55559','Bretzenheim',1),(8946,'55566','Kirschroth',1),(8947,'55566','Rehbach',1),(8948,'55566','Daubach',1),(8949,'55566','Ippenschied',1),(8950,'55566','Meddersheim',1),(8951,'55566','Bad Sobernheim',1),(8952,'55568','Abtweiler',1),(8953,'55568','Lauschied',1),(8954,'55568','Staudernheim',1),(8955,'55569','Langenthal',1),(8956,'55569','Auen',1),(8957,'55569','Nußbaum',1),(8958,'55569','Monzingen',1),(8959,'55571','Odernheim am Glan',1),(8960,'55576','Sprendlingen',1),(8961,'55576','Pleitersheim',1),(8962,'55576','Badenheim',1),(8963,'55576','Welgesheim',1),(8964,'55576','Zotzenheim',1),(8965,'55578','Wallertheim',1),(8966,'55578','Wolfsheim',1),(8967,'55578','Vendersheim',1),(8968,'55578','Sankt Johann',1),(8969,'55578','Gau-Weinheim',1),(8970,'55583','Bad Münster am Stein-Ebernburg',1),(8971,'55585','Oberhausen an der Nahe',1),(8972,'55585','Hochstätten',1),(8973,'55585','Duchroth',1),(8974,'55585','Norheim',1),(8975,'55585','Altenbamberg',1),(8976,'55585','Niederhausen',1),(8977,'55590','Meisenheim',1),(8978,'55592','Desloch',1),(8979,'55592','Rehborn',1),(8980,'55592','Breitenheim',1),(8981,'55592','Jeckenbach',1),(8982,'55592','Raumbach',1),(8983,'55593','Rüdesheim',1),(8984,'55595','Hargesheim',1),(8985,'55595','Burgsponheim',1),(8986,'55595','Winterbach',1),(8987,'55595','Spabrücken',1),(8988,'55595','Sankt Katharinen',1),(8989,'55595','Spall',1),(8990,'55595','Wallhausen',1),(8991,'55595','Roxheim',1),(8992,'55595','Gutenberg',1),(8993,'55595','Gebroth',1),(8994,'55595','Winterburg',1),(8995,'55595','Weinsheim',1),(8996,'55595','Sommerloch',1),(8997,'55595','Traisen',1),(8998,'55595','Bockenau',1),(8999,'55595','Münchwald',1),(9000,'55595','Argenschwang',1),(9001,'55595','Allenfeld',1),(9002,'55595','Boos',1),(9003,'55595','Mandel',1),(9004,'55595','Hüffelsheim',1),(9005,'55595','Sponheim',1),(9006,'55595','Dalberg',1),(9007,'55595','Braunweiler',1),(9008,'55596','Waldböckelheim',1),(9009,'55596','Schloßböckelheim',1),(9010,'55596','Oberstreit',1),(9011,'55597','Gumbsheim',1),(9012,'55597','Wöllstein',1),(9013,'55599','Gau-Bickelheim',1),(9014,'55599','Stein-Bockenheim',1),(9015,'55599','Siefersheim',1),(9016,'55599','Eckelsheim',1),(9017,'55599','Wonsheim',1),(9018,'55606','Hahnenbach',1),(9019,'55606','Brauweiler',1),(9020,'55606','Königsau',1),(9021,'55606','Meckenbach',1),(9022,'55606','Hochstetten-Dhaun',1),(9023,'55606','Kirn',1),(9024,'55606','Limbach',1),(9025,'55606','Kellenbach',1),(9026,'55606','Bruschied',1),(9027,'55606','Otzweiler',1),(9028,'55606','Bärweiler',1),(9029,'55606','Horbach',1),(9030,'55606','Heinzenberg',1),(9031,'55606','Oberhausen',1),(9032,'55606','Heimweiler',1),(9033,'55608','Becherbach bei Kirn',1),(9034,'55608','Griebelschied',1),(9035,'55608','Bergen',1),(9036,'55608','Berschweiler',1),(9037,'55608','Schneppenbach',1),(9038,'55608','Hausen',1),(9039,'55618','Simmertal',1),(9040,'55619','Hennweiler',1),(9041,'55621','Hundsbach',1),(9042,'55624','Oberkirn',1),(9043,'55624','Weitersbach',1),(9044,'55624','Rhaunen',1),(9045,'55624','Gösenroth',1),(9046,'55624','Schwerbach',1),(9047,'55624','Bollenbach',1),(9048,'55626','Bundenbach',1),(9049,'55627','Merxheim',1),(9050,'55627','Martinstein',1),(9051,'55627','Weiler bei Monzingen',1),(9052,'55629','Seesbach',1),(9053,'55629','Weitersborn',1),(9054,'55629','Schwarzerden',1),(9055,'55743','Kirschweiler',1),(9056,'55743','Idar-Oberstein',1),(9057,'55743','Gerach',1),(9058,'55743','Hintertiefenbach',1),(9059,'55743','Fischbach',1),(9060,'55756','Herrstein',1),(9061,'55758','Allenbach',1),(9062,'55758','Mörschied',1),(9063,'55758','Sonnschied',1),(9064,'55758','Schmidthachenbach',1),(9065,'55758','Sensweiler',1),(9066,'55758','Niederhosenbach',1),(9067,'55758','Kempfeld',1),(9068,'55758','Veitsrodt',1),(9069,'55758','Bärenbach',1),(9070,'55758','Weiden',1),(9071,'55758','Oberreidenbach',1),(9072,'55758','Breitenthal',1),(9073,'55758','Sienhachenbach',1),(9074,'55758','Sien',1),(9075,'55758','Wickenrodt',1),(9076,'55758','Mittelreidenbach',1),(9077,'55758','Dickesbach',1),(9078,'55758','Langweiler',1),(9079,'55758','Bruchweiler',1),(9080,'55758','Sulzbach',1),(9081,'55758','Mackenrodt',1),(9082,'55758','Oberhosenbach',1),(9083,'55758','Herborn',1),(9084,'55758','Vollmersbach',1),(9085,'55758','Stipshausen',1),(9086,'55758','Asbach',1),(9087,'55758','Wirschweiler',1),(9088,'55758','Hottenbach',1),(9089,'55758','Oberwörresbach',1),(9090,'55758','Niederwörresbach',1),(9091,'55758','Hellertshausen',1),(9092,'55758','Hettenrodt',1),(9093,'55758','Schauren',1),(9094,'55765','Ellenberg',1),(9095,'55765','Dienstweiler',1),(9096,'55765','Oberhambach',1),(9097,'55765','Birkenfeld',1),(9098,'55765','Ellweiler',1),(9099,'55765','Rimsberg',1),(9100,'55765','Elchweiler',1),(9101,'55765','Dambach',1),(9102,'55765','Schmißberg',1),(9103,'55767','Rinzenberg',1),(9104,'55767','Niederhambach',1),(9105,'55767','Meckenbach',1),(9106,'55767','Kronweiler',1),(9107,'55767','Wilzenberg-Hußweiler',1),(9108,'55767','Niederbrombach',1),(9109,'55767','Buhlenberg',1),(9110,'55767','Rötsweiler-Nockenthal',1),(9111,'55767','Gollenberg',1),(9112,'55767','Sonnenberg-Winnenberg',1),(9113,'55767','Hattgenstein',1),(9114,'55767','Nohen',1),(9115,'55767','Abentheuer',1),(9116,'55767','Gimbweiler',1),(9117,'55767','Schwollen',1),(9118,'55767','Brücken',1),(9119,'55767','Siesbach',1),(9120,'55767','Achtelsbach',1),(9121,'55767','Leisel',1),(9122,'55767','Oberbrombach',1),(9123,'55768','Hoppstädten-Weiersbach',1),(9124,'55774','Baumholder',1),(9125,'55776','Berglangenbach',1),(9126,'55776','Ruschberg',1),(9127,'55776','Reichenbach',1),(9128,'55776','Frauenberg',1),(9129,'55776','Hahnweiler',1),(9130,'55776','Rückweiler',1),(9131,'55776','Rohrbach',1),(9132,'55777','Fohren-Linden',1),(9133,'55777','Berschweiler',1),(9134,'55777','Eckersweiler',1),(9135,'55777','Mettweiler',1),(9136,'55779','Heimbach',1),(9137,'55779','Leitzweiler',1),(9138,'56068','Koblenz',1),(9139,'56070','Koblenz',1),(9140,'56072','Koblenz',1),(9141,'56073','Koblenz',1),(9142,'56075','Koblenz',1),(9143,'56076','Koblenz',1),(9144,'56077','Koblenz',1),(9145,'56112','Lahnstein',1),(9146,'56130','Bad Ems',1),(9147,'56132','Miellen',1),(9148,'56132','Becheln',1),(9149,'56132','Frücht',1),(9150,'56132','Kemmenau',1),(9151,'56132','Dausenau',1),(9152,'56132','Nievern',1),(9153,'56133','Fachbach',1),(9154,'56154','Boppard',1),(9155,'56170','Bendorf',1),(9156,'56179','Niederwerth',1),(9157,'56179','Vallendar',1),(9158,'56182','Urbar',1),(9159,'56191','Weitersburg',1),(9160,'56203','Höhr-Grenzhausen',1),(9161,'56204','Hillscheid',1),(9162,'56206','Kammerforst',1),(9163,'56206','Hilgert',1),(9164,'56218','Mülheim-Kärlich',1),(9165,'56220','Kaltenengers',1),(9166,'56220','Kettig',1),(9167,'56220','Urmitz',1),(9168,'56220','Sankt Sebastian',1),(9169,'56220','Bassenheim',1),(9170,'56235','Ransbach-Baumbach',1),(9171,'56235','Hundsdorf',1),(9172,'56237','Wirscheid',1),(9173,'56237','Wittgert',1),(9174,'56237','Breitenau',1),(9175,'56237','Alsbach',1),(9176,'56237','Caan',1),(9177,'56237','Deesen',1),(9178,'56237','Oberhaid',1),(9179,'56237','Nauort',1),(9180,'56237','Sessenbach',1),(9181,'56242','Marienrachdorf',1),(9182,'56242','Quirnbach',1),(9183,'56242','Nordhofen',1),(9184,'56242','Ellenhausen',1),(9185,'56242','Selters',1),(9186,'56244','Ewighausen',1),(9187,'56244','Freilingen',1),(9188,'56244','Ettinghausen',1),(9189,'56244','Weidenhahn',1),(9190,'56244','Hartenfels',1),(9191,'56244','Hahn am See',1),(9192,'56244','Schenkelberg',1),(9193,'56244','Maxsain',1),(9194,'56244','Leuterod',1),(9195,'56244','Rückeroth',1),(9196,'56244','Ötzingen',1),(9197,'56244','Helferskirchen',1),(9198,'56244','Freirachdorf',1),(9199,'56244','Wölferlingen',1),(9200,'56244','Sessenhausen',1),(9201,'56244','Steinen',1),(9202,'56244','Arnshöfen',1),(9203,'56244','Goddert',1),(9204,'56244','Krümmel',1),(9205,'56244','Kuhnhöfen',1),(9206,'56244','Vielbach',1),(9207,'56244','Niedersayn',1),(9208,'56249','Herschbach',1),(9209,'56253','Treis-Karden',1),(9210,'56254','Müden',1),(9211,'56254','Moselkern',1),(9212,'56269','Marienhausen',1),(9213,'56269','Dierdorf',1),(9214,'56271','Maroth',1),(9215,'56271','Kleinmaischeid',1),(9216,'56271','Isenburg',1),(9217,'56271','Roßbach',1),(9218,'56271','Mündersbach',1),(9219,'56276','Großmaischeid',1),(9220,'56276','Stebach',1),(9221,'56281','Schwall',1),(9222,'56281','Karbach',1),(9223,'56281','Hungenroth',1),(9224,'56281','Emmelshausen',1),(9225,'56281','Dörth',1),(9226,'56283','Kratzenburg',1),(9227,'56283','Halsenbach',1),(9228,'56283','Morshausen',1),(9229,'56283','Gondershausen',1),(9230,'56283','Mermuth',1),(9231,'56283','Nörtershausen',1),(9232,'56283','Ney',1),(9233,'56283','Beulich',1),(9234,'56288','Michelbach',1),(9235,'56288','Spesenroth',1),(9236,'56288','Bubach',1),(9237,'56288','Roth',1),(9238,'56288','Zilshausen',1),(9239,'56288','Laubach',1),(9240,'56288','Kastellaun',1),(9241,'56288','Hasselbach',1),(9242,'56288','Korweiler',1),(9243,'56288','Alterkülz',1),(9244,'56288','Bell',1),(9245,'56288','Lahr',1),(9246,'56288','Hollnich',1),(9247,'56288','Braunshorn',1),(9248,'56290','Beltheim',1),(9249,'56290','Gödenroth',1),(9250,'56290','Macken',1),(9251,'56290','Buch',1),(9252,'56290','Mörsdorf',1),(9253,'56290','Lütz',1),(9254,'56290','Dommershausen',1),(9255,'56290','Lieg',1),(9256,'56290','Uhler',1),(9257,'56291','Mühlpfad',1),(9258,'56291','Birkheim',1),(9259,'56291','Norath',1),(9260,'56291','Steinbach',1),(9261,'56291','Maisborn',1),(9262,'56291','Kisselbach',1),(9263,'56291','Hausbay',1),(9264,'56291','Niedert',1),(9265,'56291','Badenhard',1),(9266,'56291','Bickenbach',1),(9267,'56291','Pfalzfeld',1),(9268,'56291','Wiebelsheim',1),(9269,'56291','Leiningen',1),(9270,'56291','Thörlingen',1),(9271,'56291','Laudert',1),(9272,'56291','Utzenhain',1),(9273,'56291','Lingerhahn',1),(9274,'56294','Gierschnach',1),(9275,'56294','Münstermaifeld',1),(9276,'56294','Kalt',1),(9277,'56294','Gappenach',1),(9278,'56294','Wierschem',1),(9279,'56295','Rüber',1),(9280,'56295','Lonnig',1),(9281,'56295','Kerben',1),(9282,'56299','Ochtendung',1),(9283,'56305','Puderbach',1),(9284,'56305','Döttesfeld',1),(9285,'56307','Dürrholz',1),(9286,'56307','Dernbach',1),(9287,'56307','Harschbach',1),(9288,'56316','Hanroth',1),(9289,'56316','Niederhofen',1),(9290,'56316','Raubach',1),(9291,'56317','Linkenbach',1),(9292,'56317','Urbach',1),(9293,'56321','Rhens',1),(9294,'56321','Brey',1),(9295,'56322','Spay',1),(9296,'56323','Waldesch',1),(9297,'56329','Sankt Goar',1),(9298,'56330','Kobern-Gondorf',1),(9299,'56332','Oberfell',1),(9300,'56332','Hatzenport',1),(9301,'56332','Lehmen',1),(9302,'56332','Dieblich',1),(9303,'56332','Kattenes',1),(9304,'56332','Alken',1),(9305,'56332','Brodenbach',1),(9306,'56332','Burgen',1),(9307,'56332','Löf',1),(9308,'56332','Wolken',1),(9309,'56332','Niederfell',1),(9310,'56333','Winningen',1),(9311,'56335','Neuhäusel',1),(9312,'56337','Simmern',1),(9313,'56337','Arzbach',1),(9314,'56337','Eitelborn',1),(9315,'56337','Kadenbach',1),(9316,'56338','Braubach',1),(9317,'56340','Dachsenhausen',1),(9318,'56340','Osterspai',1),(9319,'56341','Filsen',1),(9320,'56341','Kamp-Bornhofen',1),(9321,'56346','Lykershausen',1),(9322,'56346','Prath',1),(9323,'56346','Sankt Goarshausen',1),(9324,'56348','Dahlheim',1),(9325,'56348','Weisel',1),(9326,'56348','Kestert',1),(9327,'56348','Patersberg',1),(9328,'56348','Bornich',1),(9329,'56348','Dörscheid',1),(9330,'56349','Kaub',1),(9331,'56355','Lautert',1),(9332,'56355','Endlichhofen',1),(9333,'56355','Diethardt',1),(9334,'56355','Bettendorf',1),(9335,'56355','Nastätten',1),(9336,'56355','Hunzel',1),(9337,'56355','Winterwerb',1),(9338,'56355','Weidenbach',1),(9339,'56355','Oberbachheim',1),(9340,'56355','Kehlbach',1),(9341,'56357','Dornholzhausen',1),(9342,'56357','Reitzenhain',1),(9343,'56357','Himmighofen',1),(9344,'56357','Obertiefenbach',1),(9345,'56357','Rettershain',1),(9346,'56357','Buch',1),(9347,'56357','Geisig',1),(9348,'56357','Eschbach',1),(9349,'56357','Reichenberg',1),(9350,'56357','Nochern',1),(9351,'56357','Niederwallmenach',1),(9352,'56357','Lipporn',1),(9353,'56357','Weyer',1),(9354,'56357','Auel',1),(9355,'56357','Strüth',1),(9356,'56357','Lierschied',1),(9357,'56357','Gemmerich',1),(9358,'56357','Pohl',1),(9359,'56357','Holzhausen an der Haide',1),(9360,'56357','Berg',1),(9361,'56357','Welterod',1),(9362,'56357','Hainau',1),(9363,'56357','Niederbachheim',1),(9364,'56357','Kasdorf',1),(9365,'56357','Miehlen',1),(9366,'56357','Oelsberg',1),(9367,'56357','Lollschied',1),(9368,'56357','Dessighofen',1),(9369,'56357','Ehr',1),(9370,'56357','Oberwallmenach',1),(9371,'56357','Marienfels',1),(9372,'56357','Ruppertshofen',1),(9373,'56357','Bogel',1),(9374,'56368','Klingelbach',1),(9375,'56368','Herold',1),(9376,'56368','Katzenelnbogen',1),(9377,'56368','Niedertiefenbach',1),(9378,'56368','Roth',1),(9379,'56368','Ergeshausen',1),(9380,'56368','Berghausen',1),(9381,'56370','Ebertshausen',1),(9382,'56370','Dörsdorf',1),(9383,'56370','Bremberg',1),(9384,'56370','Reckenroth',1),(9385,'56370','Rettert',1),(9386,'56370','Kördorf',1),(9387,'56370','Allendorf',1),(9388,'56370','Schönborn',1),(9389,'56370','Eisighofen',1),(9390,'56370','Attenhausen',1),(9391,'56370','Biebrich',1),(9392,'56370','Oberfischbach',1),(9393,'56370','Gutenacker',1),(9394,'56370','Wasenbach',1),(9395,'56370','Berndroth',1),(9396,'56370','Mittelfischbach',1),(9397,'56377','Misselberg',1),(9398,'56377','Seelbach',1),(9399,'56377','Schweighausen',1),(9400,'56377','Nassau',1),(9401,'56379','Horhausen',1),(9402,'56379','Charlottenberg',1),(9403,'56379','Geilnau',1),(9404,'56379','Zimmerschied',1),(9405,'56379','Oberwies',1),(9406,'56379','Obernhof',1),(9407,'56379','Steinsberg',1),(9408,'56379','Dienethal',1),(9409,'56379','Hömberg',1),(9410,'56379','Scheidt',1),(9411,'56379','Laurenburg',1),(9412,'56379','Weinähr',1),(9413,'56379','Dörnberg',1),(9414,'56379','Singhofen',1),(9415,'56379','Holzappel',1),(9416,'56379','Sulzbach',1),(9417,'56379','Winden',1),(9418,'56410','Montabaur',1),(9419,'56412','Daubach',1),(9420,'56412','Nentershausen',1),(9421,'56412','Girod',1),(9422,'56412','Ruppach-Goldhausen',1),(9423,'56412','Nomborn',1),(9424,'56412','Holler',1),(9425,'56412','Horbach',1),(9426,'56412','Heiligenroth',1),(9427,'56412','Hübingen',1),(9428,'56412','Großholbach',1),(9429,'56412','Görgeshausen',1),(9430,'56412','Welschneudorf',1),(9431,'56412','Gackenbach',1),(9432,'56412','Untershausen',1),(9433,'56412','Niederelbert',1),(9434,'56412','Boden',1),(9435,'56412','Heilberscheid',1),(9436,'56412','Niedererbach',1),(9437,'56412','Stahlhofen',1),(9438,'56412','Oberelbert',1),(9439,'56414','Steinefrenz',1),(9440,'56414','Wallmerod',1),(9441,'56414','Salz',1),(9442,'56414','Oberahr',1),(9443,'56414','Zehnhausen bei Wallmerod',1),(9444,'56414','Berod bei Wallmerod',1),(9445,'56414','Weroth',1),(9446,'56414','Dreikirchen',1),(9447,'56414','Herschbach (Oberwesterwald)',1),(9448,'56414','Bilkheim',1),(9449,'56414','Niederahr',1),(9450,'56414','Obererbach',1),(9451,'56414','Hundsangen',1),(9452,'56414','Molsberg',1),(9453,'56414','Meudt',1),(9454,'56422','Wirges',1),(9455,'56424','Bannberscheid',1),(9456,'56424','Moschheim',1),(9457,'56424','Ebernhahn',1),(9458,'56424','Staudt',1),(9459,'56424','Mogendorf',1),(9460,'56427','Siershahn',1),(9461,'56428','Dernbach (Westerwald)',1),(9462,'56457','Westerburg',1),(9463,'56457','Halbs',1),(9464,'56457','Hergenroth',1),(9465,'56459','Willmenrod',1),(9466,'56459','Langenhahn',1),(9467,'56459','Mähren',1),(9468,'56459','Girkenroth',1),(9469,'56459','Winnen',1),(9470,'56459','Ailertchen',1),(9471,'56459','Rothenbach',1),(9472,'56459','Härtlingen',1),(9473,'56459','Brandscheid',1),(9474,'56459','Kaden',1),(9475,'56459','Rotenhain',1),(9476,'56459','Stockum-Püschen',1),(9477,'56459','Gemünden',1),(9478,'56459','Stahlhofen am Wiesensee',1),(9479,'56459','Pottum',1),(9480,'56459','Kölbingen',1),(9481,'56459','Guckheim',1),(9482,'56459','Berzhahn',1),(9483,'56459','Bellingen',1),(9484,'56459','Weltersburg',1),(9485,'56459','Elbingen',1),(9486,'56462','Höhn',1),(9487,'56470','Bad Marienberg',1),(9488,'56472','Dreisbach',1),(9489,'56472','Fehl-Ritzhausen',1),(9490,'56472','Hardt',1),(9491,'56472','Hahn bei Marienberg',1),(9492,'56472','Nisterau',1),(9493,'56472','Stockhausen-Illfurth',1),(9494,'56472','Nisterberg',1),(9495,'56472','Großseifen',1),(9496,'56472','Hof',1),(9497,'56472','Lautzenbrücken',1),(9498,'56477','Zehnhausen bei Rennerod',1),(9499,'56477','Nister-Möhrendorf',1),(9500,'56477','Rennerod',1),(9501,'56477','Waigandshain',1),(9502,'56479','Stein-Neukirch',1),(9503,'56479','Liebenscheid',1),(9504,'56479','Westernohe',1),(9505,'56479','Niederroßbach',1),(9506,'56479','Rehe',1),(9507,'56479','Seck',1),(9508,'56479','Bretthausen',1),(9509,'56479','Irmtraut',1),(9510,'56479','Salzburg',1),(9511,'56479','Hellenhahn-Schellenberg',1),(9512,'56479','Willingen',1),(9513,'56479','Homberg',1),(9514,'56479','Neustadt (Westerwald)',1),(9515,'56479','Oberrod',1),(9516,'56479','Neunkirchen',1),(9517,'56479','Hüblingen',1),(9518,'56479','Waldmühlen',1),(9519,'56479','Oberroßbach',1),(9520,'56564','Neuwied',1),(9521,'56566','Neuwied',1),(9522,'56567','Neuwied',1),(9523,'56575','Weißenthurm',1),(9524,'56579','Bonefeld',1),(9525,'56579','Rengsdorf',1),(9526,'56579','Hardert',1),(9527,'56581','Kurtscheid',1),(9528,'56581','Ehlscheid',1),(9529,'56581','Melsbach',1),(9530,'56584','Rüscheid',1),(9531,'56584','Anhausen',1),(9532,'56584','Thalhausen',1),(9533,'56584','Meinborn',1),(9534,'56587','Straßenhaus',1),(9535,'56587','Oberraden',1),(9536,'56587','Oberhonnefeld-Gierend',1),(9537,'56588','Waldbreitbach',1),(9538,'56589','Datzeroth',1),(9539,'56589','Niederbreitbach',1),(9540,'56593','Niedersteinebach',1),(9541,'56593','Güllesheim',1),(9542,'56593','Pleckhausen',1),(9543,'56593','Krunkel',1),(9544,'56593','Horhausen',1),(9545,'56593','Obersteinebach',1),(9546,'56593','Bürdenbach',1),(9547,'56594','Willroth',1),(9548,'56598','Rheinbrohl',1),(9549,'56598','Hammerstein',1),(9550,'56599','Leutesdorf',1),(9551,'56626','Andernach',1),(9552,'56630','Kretz',1),(9553,'56637','Plaidt',1),(9554,'56642','Kruft',1),(9555,'56645','Nickenich',1),(9556,'56648','Saffig',1),(9557,'56651','Niederzissen',1),(9558,'56651','Oberzissen',1),(9559,'56651','Oberdürenbach',1),(9560,'56651','Brenk',1),(9561,'56651','Niederdürenbach',1),(9562,'56651','Galenberg',1),(9563,'56653','Glees',1),(9564,'56653','Wehr',1),(9565,'56653','Wassenach',1),(9566,'56656','Brohl-Lützing',1),(9567,'56659','Burgbrohl',1),(9568,'56727','Reudelsterz',1),(9569,'56727','Sankt Johann',1),(9570,'56727','Mayen',1),(9571,'56729','Bermel',1),(9572,'56729','Acht',1),(9573,'56729','Ettringen',1),(9574,'56729','Arft',1),(9575,'56729','Anschau',1),(9576,'56729','Siebenbach',1),(9577,'56729','Weiler',1),(9578,'56729','Virneburg',1),(9579,'56729','Münk',1),(9580,'56729','Lind',1),(9581,'56729','Monreal',1),(9582,'56729','Luxem',1),(9583,'56729','Boos',1),(9584,'56729','Hirten',1),(9585,'56729','Ditscheid',1),(9586,'56729','Langscheid',1),(9587,'56729','Langenfeld',1),(9588,'56729','Nachtsheim',1),(9589,'56729','Nitz',1),(9590,'56729','Herresbach',1),(9591,'56729','Kehrig',1),(9592,'56729','Baar',1),(9593,'56729','Welschenbach',1),(9594,'56729','Kirchwald',1),(9595,'56736','Kottenheim',1),(9596,'56743','Mendig',1),(9597,'56743','Thür',1),(9598,'56745','Weibern',1),(9599,'56745','Hausten',1),(9600,'56745','Rieden',1),(9601,'56745','Volkesfeld',1),(9602,'56745','Bell',1),(9603,'56746','Spessart',1),(9604,'56746','Hohenleimbach',1),(9605,'56746','Kempenich',1),(9606,'56751','Polch',1),(9607,'56751','Kollig',1),(9608,'56751','Gering',1),(9609,'56751','Einig',1),(9610,'56753','Welling',1),(9611,'56753','Naunheim',1),(9612,'56753','Mertloch',1),(9613,'56753','Trimbs',1),(9614,'56753','Pillig',1),(9615,'56754','Binningen',1),(9616,'56754','Roes',1),(9617,'56754','Brohl',1),(9618,'56754','Forst (Eifel)',1),(9619,'56754','Dünfus',1),(9620,'56754','Möntenich',1),(9621,'56759','Laubach',1),(9622,'56759','Eppenberg',1),(9623,'56759','Kalenborn',1),(9624,'56759','Kaisersesch',1),(9625,'56759','Leienkaul',1),(9626,'56761','Kaifenheim',1),(9627,'56761','Brachtendorf',1),(9628,'56761','Hauroth',1),(9629,'56761','Eulgem',1),(9630,'56761','Müllenbach',1),(9631,'56761','Urmersbach',1),(9632,'56761','Masburg',1),(9633,'56761','Zettingen',1),(9634,'56761','Hambuch',1),(9635,'56761','Gamlen',1),(9636,'56761','Düngenheim',1),(9637,'56766','Berenbach',1),(9638,'56766','Filz',1),(9639,'56766','Auderath',1),(9640,'56766','Ulmen',1),(9641,'56766','Horperath',1),(9642,'56767','Höchstberg',1),(9643,'56767','Mosbruch',1),(9644,'56767','Sassen',1),(9645,'56767','Kötterichen',1),(9646,'56767','Gunderath',1),(9647,'56767','Lirstal',1),(9648,'56767','Kaperich',1),(9649,'56767','Kolverath',1),(9650,'56767','Oberelz',1),(9651,'56767','Uersfeld',1),(9652,'56767','Ueß',1),(9653,'56769','Arbach',1),(9654,'56769','Retterath',1),(9655,'56769','Mannebach',1),(9656,'56769','Bereborn',1),(9657,'56812','Valwig',1),(9658,'56812','Cochem',1),(9659,'56812','Dohr',1),(9660,'56814','Bremm',1),(9661,'56814','Ediger-Eller',1),(9662,'56814','Wirfus',1),(9663,'56814','Greimersburg',1),(9664,'56814','Bruttig-Fankel',1),(9665,'56814','Landkern',1),(9666,'56814','Ernst',1),(9667,'56814','Illerich',1),(9668,'56814','Beilstein',1),(9669,'56814','Faid',1),(9670,'56818','Klotten',1),(9671,'56820','Senheim-Senhals',1),(9672,'56820','Briedern',1),(9673,'56820','Mesenich',1),(9674,'56820','Nehren',1),(9675,'56821','Ellenz-Poltersdorf',1),(9676,'56823','Büchel',1),(9677,'56825','Urschmitt',1),(9678,'56825','Gevenich',1),(9679,'56825','Schmitt',1),(9680,'56825','Gillenbeuren',1),(9681,'56825','Weiler',1),(9682,'56825','Kliding',1),(9683,'56825','Beuren',1),(9684,'56826','Lutzerath',1),(9685,'56826','Wollmerath',1),(9686,'56826','Wagenhausen',1),(9687,'56828','Alflen',1),(9688,'56829','Pommern',1),(9689,'56829','Brieden',1),(9690,'56829','Kail',1),(9691,'56841','Traben-Trarbach',1),(9692,'56843','Starkenburg',1),(9693,'56843','Lötzbeuren',1),(9694,'56843','Irmenach',1),(9695,'56843','Burg (Mosel)',1),(9696,'56850','Enkirch',1),(9697,'56850','Raversbeuren',1),(9698,'56850','Hahn',1),(9699,'56856','Zell',1),(9700,'56858','Peterswald-Löffelscheid',1),(9701,'56858','Rödelhausen',1),(9702,'56858','Würrich',1),(9703,'56858','Altlay',1),(9704,'56858','Liesenich',1),(9705,'56858','Grenderich',1),(9706,'56858','Mittelstrimmig',1),(9707,'56858','Neef',1),(9708,'56858','Sosberg',1),(9709,'56858','Tellig',1),(9710,'56858','Altstrimmig',1),(9711,'56858','Sankt Aldegund',1),(9712,'56858','Forst (Hunsrück)',1),(9713,'56858','Belg',1),(9714,'56858','Haserich',1),(9715,'56859','Alf',1),(9716,'56859','Bullay',1),(9717,'56861','Reil',1),(9718,'56862','Pünderich',1),(9719,'56864','Bad Bertrich',1),(9720,'56865','Schauren',1),(9721,'56865','Moritzheim',1),(9722,'56865','Panzweiler',1),(9723,'56865','Blankenrath',1),(9724,'56865','Hesweiler',1),(9725,'56865','Walhausen',1),(9726,'56865','Reidenhausen',1),(9727,'56867','Briedel',1),(9728,'56869','Mastershausen',1),(9729,'57072','Siegen',1),(9730,'57074','Siegen',1),(9731,'57076','Siegen',1),(9732,'57078','Siegen',1),(9733,'57080','Siegen',1),(9734,'57223','Kreuztal',1),(9735,'57234','Wilnsdorf',1),(9736,'57250','Netphen',1),(9737,'57258','Freudenberg',1),(9738,'57271','Hilchenbach',1),(9739,'57290','Neunkirchen',1),(9740,'57299','Burbach',1),(9741,'57319','Bad Berleburg',1),(9742,'57334','Bad Laasphe',1),(9743,'57339','Erndtebrück',1),(9744,'57368','Lennestadt',1),(9745,'57392','Schmallenberg',1),(9746,'57399','Kirchhundem',1),(9747,'57413','Finnentrop',1),(9748,'57439','Attendorn',1),(9749,'57462','Olpe',1),(9750,'57482','Wenden',1),(9751,'57489','Drolshagen',1),(9752,'57518','Steineroth',1),(9753,'57518','Alsdorf',1),(9754,'57518','Betzdorf',1),(9755,'57520','Derschen',1),(9756,'57520','Molzhain',1),(9757,'57520','Mauden',1),(9758,'57520','Friedewald',1),(9759,'57520','Schutzbach',1),(9760,'57520','Kausen',1),(9761,'57520','Dickendorf',1),(9762,'57520','Langenbach bei Kirburg',1),(9763,'57520','Niederdreisbach',1),(9764,'57520','Steinebach/Sieg',1),(9765,'57520','Emmerzhausen',1),(9766,'57520','Neunkhausen',1),(9767,'57520','Rosenheim',1),(9768,'57520','Grünebach',1),(9769,'57537','Mittelhof',1),(9770,'57537','Wissen',1),(9771,'57537','Forst',1),(9772,'57539','Bitzen',1),(9773,'57539','Bruchertseifen',1),(9774,'57539','Selbach',1),(9775,'57539','Etzbach',1),(9776,'57539','Hövels',1),(9777,'57539','Roth',1),(9778,'57539','Breitscheidt',1),(9779,'57539','Fürthen',1),(9780,'57548','Kirchen',1),(9781,'57555','Mudersbach',1),(9782,'57555','Brachbach',1),(9783,'57562','Herdorf',1),(9784,'57567','Daaden',1),(9785,'57572','Niederfischbach',1),(9786,'57572','Harbach',1),(9787,'57577','Seelbach',1),(9788,'57577','Hamm',1),(9789,'57578','Elkenroth',1),(9790,'57580','Elben',1),(9791,'57580','Fensdorf',1),(9792,'57580','Gebhardshain',1),(9793,'57581','Katzwinkel',1),(9794,'57583','Mörlen',1),(9795,'57583','Nauroth',1),(9796,'57584','Wallmenroth',1),(9797,'57584','Scheuerfeld',1),(9798,'57586','Weitefeld',1),(9799,'57587','Birken-Honigsessen',1),(9800,'57589','Niederirsen',1),(9801,'57589','Birkenbeul',1),(9802,'57589','Pracht',1),(9803,'57610','Altenkirchen',1),(9804,'57610','Ingelbach',1),(9805,'57610','Michelbach',1),(9806,'57610','Bachenberg',1),(9807,'57610','Gieleroth',1),(9808,'57610','Almersbach',1),(9809,'57612','Kroppach',1),(9810,'57612','Hilgenroth',1),(9811,'57612','Volkerzen',1),(9812,'57612','Racksen',1),(9813,'57612','Isert',1),(9814,'57612','Hemmelzen',1),(9815,'57612','Eichelhardt',1),(9816,'57612','Obererbach',1),(9817,'57612','Ölsen',1),(9818,'57612','Birnbach',1),(9819,'57612','Helmenzen',1),(9820,'57612','Helmeroth',1),(9821,'57612','Kettenhausen',1),(9822,'57612','Idelberg',1),(9823,'57612','Giesenhausen',1),(9824,'57612','Heupelzen',1),(9825,'57612','Busenhausen',1),(9826,'57614','Steimel',1),(9827,'57614','Ratzert',1),(9828,'57614','Woldert',1),(9829,'57614','Fluterschen',1),(9830,'57614','Berod bei Höchstenbach',1),(9831,'57614','Niederwambach',1),(9832,'57614','Wahlrod',1),(9833,'57614','Borod',1),(9834,'57614','Mudenbach',1),(9835,'57614','Oberwambach',1),(9836,'57614','Stürzelbach',1),(9837,'57627','Gehlert',1),(9838,'57627','Heuzert',1),(9839,'57627','Marzhausen',1),(9840,'57627','Astert',1),(9841,'57627','Hachenburg',1),(9842,'57629','Limbach',1),(9843,'57629','Linden',1),(9844,'57629','Steinebach an der Wied',1),(9845,'57629','Dreifelden',1),(9846,'57629','Heimborn',1),(9847,'57629','Kirburg',1),(9848,'57629','Streithausen',1),(9849,'57629','Norken',1),(9850,'57629','Atzelgift',1),(9851,'57629','Merkelbach',1),(9852,'57629','Luckenbach',1),(9853,'57629','Wied',1),(9854,'57629','Malberg',1),(9855,'57629','Lochum',1),(9856,'57629','Mörsbach',1),(9857,'57629','Stein-Wingert',1),(9858,'57629','Kundert',1),(9859,'57629','Müschenbach',1),(9860,'57629','Höchstenbach',1),(9861,'57632','Schürdt',1),(9862,'57632','Flammersfeld',1),(9863,'57632','Ziegenhain',1),(9864,'57632','Burglahr',1),(9865,'57632','Rott',1),(9866,'57632','Reiferscheid',1),(9867,'57632','Seelbach',1),(9868,'57632','Eichen',1),(9869,'57632','Giershausen',1),(9870,'57632','Seifen',1),(9871,'57632','Walterschen',1),(9872,'57632','Eulenberg',1),(9873,'57632','Orfgen',1),(9874,'57632','Kescheid',1),(9875,'57632','Berzhausen',1),(9876,'57632','Peterslahr',1),(9877,'57635','Rettersen',1),(9878,'57635','Hirz-Maulsbach',1),(9879,'57635','Ersfeld',1),(9880,'57635','Kircheib',1),(9881,'57635','Werkhausen',1),(9882,'57635','Kraam',1),(9883,'57635','Weyerbusch',1),(9884,'57635','Mehren',1),(9885,'57635','Hasselbach',1),(9886,'57635','Fiersbach',1),(9887,'57635','Oberirsen',1),(9888,'57635','Forstmehren',1),(9889,'57635','Wölmersen',1),(9890,'57636','Sörth',1),(9891,'57636','Mammelzen',1),(9892,'57638','Neitersen',1),(9893,'57638','Obernau',1),(9894,'57638','Schöneberg',1),(9895,'57639','Oberdreis',1),(9896,'57639','Rodenbach',1),(9897,'57641','Oberlahr',1),(9898,'57642','Alpenrod',1),(9899,'57644','Winkelbach',1),(9900,'57644','Hattert',1),(9901,'57644','Welkenbach',1),(9902,'57645','Nister',1),(9903,'57647','Nistertal',1),(9904,'57647','Enspel',1),(9905,'57648','Unnau',1),(9906,'57648','Bölsberg',1),(9907,'58089','Hagen',1),(9908,'58091','Hagen',1),(9909,'58093','Hagen',1),(9910,'58095','Hagen',1),(9911,'58097','Hagen',1),(9912,'58099','Hagen',1),(9913,'58119','Hagen',1),(9914,'58135','Hagen',1),(9915,'58239','Schwerte',1),(9916,'58256','Ennepetal',1),(9917,'58285','Gevelsberg',1),(9918,'58300','Wetter (Ruhr)',1),(9919,'58313','Herdecke',1),(9920,'58332','Schwelm',1),(9921,'58339','Breckerfeld',1),(9922,'58452','Witten',1),(9923,'58453','Witten',1),(9924,'58454','Witten',1),(9925,'58455','Witten',1),(9926,'58456','Witten',1),(9927,'58507','Lüdenscheid',1),(9928,'58509','Lüdenscheid',1),(9929,'58511','Lüdenscheid',1),(9930,'58513','Lüdenscheid',1),(9931,'58515','Lüdenscheid',1),(9932,'58540','Meinerzhagen',1),(9933,'58553','Halver',1),(9934,'58566','Kierspe',1),(9935,'58579','Schalksmühle',1),(9936,'58636','Iserlohn',1),(9937,'58638','Iserlohn',1),(9938,'58640','Iserlohn',1),(9939,'58642','Iserlohn',1),(9940,'58644','Iserlohn',1),(9941,'58675','Hemer',1),(9942,'58706','Menden',1),(9943,'58708','Menden',1),(9944,'58710','Menden',1),(9945,'58730','Fröndenberg',1),(9946,'58739','Wickede',1),(9947,'58762','Altena',1),(9948,'58769','Nachrodt-Wiblingwerde',1),(9949,'58791','Werdohl',1),(9950,'58802','Balve',1),(9951,'58809','Neuenrade',1),(9952,'58840','Plettenberg',1),(9953,'58849','Herscheid',1),(9954,'59063','Hamm',1),(9955,'59065','Hamm',1),(9956,'59067','Hamm',1),(9957,'59069','Hamm',1),(9958,'59071','Hamm',1),(9959,'59073','Hamm',1),(9960,'59075','Hamm',1),(9961,'59077','Hamm',1),(9962,'59174','Kamen',1),(9963,'59192','Bergkamen',1),(9964,'59199','Bönen',1),(9965,'59227','Ahlen',1),(9966,'59229','Ahlen',1),(9967,'59269','Beckum',1),(9968,'59302','Oelde',1),(9969,'59320','Ennigerloh',1),(9970,'59329','Wadersloh',1),(9971,'59348','Lüdinghausen',1),(9972,'59368','Werne',1),(9973,'59379','Selm',1),(9974,'59387','Ascheberg',1),(9975,'59394','Nordkirchen',1),(9976,'59399','Olfen',1),(9977,'59423','Unna',1),(9978,'59425','Unna',1),(9979,'59427','Unna',1),(9980,'59439','Holzwickede',1),(9981,'59457','Werl',1),(9982,'59469','Ense',1),(9983,'59494','Soest',1),(9984,'59505','Bad Sassendorf',1),(9985,'59510','Lippetal',1),(9986,'59514','Welver',1),(9987,'59519','Möhnesee',1),(9988,'59555','Lippstadt',1),(9989,'59556','Lippstadt',1),(9990,'59557','Lippstadt',1),(9991,'59558','Lippstadt',1),(9992,'59581','Warstein',1),(9993,'59590','Geseke',1),(9994,'59597','Erwitte',1),(9995,'59602','Rüthen',1),(9996,'59609','Anröchte',1),(9997,'59755','Arnsberg',1),(9998,'59757','Arnsberg',1),(9999,'59759','Arnsberg',1),(10000,'59821','Arnsberg',1),(10001,'59823','Arnsberg',1),(10002,'59846','Sundern',1),(10003,'59872','Meschede',1),(10004,'59889','Eslohe',1),(10005,'59909','Bestwig',1),(10006,'59929','Brilon',1),(10007,'59939','Olsberg',1),(10008,'59955','Winterberg',1),(10009,'59964','Medebach',1),(10010,'59969','Hallenberg',1),(10011,'59969','Bromskirchen',1),(10012,'60311','Frankfurt am Main',1),(10013,'60313','Frankfurt am Main',1),(10014,'60314','Frankfurt am Main',1),(10015,'60316','Frankfurt am Main',1),(10016,'60318','Frankfurt am Main',1),(10017,'60320','Frankfurt am Main',1),(10018,'60322','Frankfurt am Main',1),(10019,'60323','Frankfurt am Main',1),(10020,'60325','Frankfurt am Main',1),(10021,'60326','Frankfurt am Main',1),(10022,'60327','Frankfurt am Main',1),(10023,'60329','Frankfurt am Main',1),(10024,'60385','Frankfurt am Main',1),(10025,'60386','Frankfurt am Main',1),(10026,'60388','Frankfurt am Main',1),(10027,'60389','Frankfurt am Main',1),(10028,'60431','Frankfurt am Main',1),(10029,'60433','Frankfurt am Main',1),(10030,'60435','Frankfurt am Main',1),(10031,'60437','Frankfurt am Main',1),(10032,'60439','Frankfurt am Main',1),(10033,'60486','Frankfurt am Main',1),(10034,'60487','Frankfurt am Main',1),(10035,'60488','Frankfurt am Main',1),(10036,'60489','Frankfurt am Main',1),(10037,'60528','Frankfurt am Main',1),(10038,'60529','Frankfurt am Main',1),(10039,'60549','Frankfurt am Main',1),(10040,'60594','Frankfurt am Main',1),(10041,'60596','Frankfurt am Main',1),(10042,'60598','Frankfurt am Main',1),(10043,'60599','Frankfurt am Main',1),(10044,'61118','Bad Vilbel',1),(10045,'61130','Nidderau',1),(10046,'61137','Schöneck',1),(10047,'61138','Niederdorfelden',1),(10048,'61169','Friedberg',1),(10049,'61184','Karben',1),(10050,'61191','Rosbach vor der Höhe',1),(10051,'61194','Niddatal',1),(10052,'61197','Florstadt',1),(10053,'61200','Wölfersheim',1),(10054,'61203','Reichelsheim',1),(10055,'61206','Wöllstadt',1),(10056,'61209','Echzell',1),(10057,'61231','Bad Nauheim',1),(10058,'61239','Ober-Mörlen',1),(10059,'61250','Usingen',1),(10060,'61267','Neu-Anspach',1),(10061,'61273','Wehrheim',1),(10062,'61276','Weilrod',1),(10063,'61279','Grävenwiesbach',1),(10064,'61348','Bad Homburg vor der Höhe',1),(10065,'61350','Bad Homburg vor der Höhe',1),(10066,'61352','Bad Homburg vor der Höhe',1),(10067,'61381','Friedrichsdorf',1),(10068,'61389','Schmitten',1),(10069,'61440','Oberursel',1),(10070,'61449','Steinbach (Taunus)',1),(10071,'61462','Königstein im Taunus',1),(10072,'61476','Kronberg im Taunus',1),(10073,'61479','Glashütten',1),(10074,'63065','Offenbach',1),(10075,'63067','Offenbach',1),(10076,'63069','Offenbach',1),(10077,'63071','Offenbach',1),(10078,'63073','Offenbach',1),(10079,'63075','Offenbach',1),(10080,'63110','Rodgau',1),(10081,'63128','Dietzenbach',1),(10082,'63150','Heusenstamm',1),(10083,'63165','Mühlheim',1),(10084,'63179','Obertshausen',1),(10085,'63225','Langen',1),(10086,'63263','Neu-Isenburg',1),(10087,'63303','Dreieich',1),(10088,'63322','Rödermark',1),(10089,'63329','Egelsbach',1),(10090,'63450','Hanau',1),(10091,'63452','Hanau',1),(10092,'63454','Hanau',1),(10093,'63456','Hanau',1),(10094,'63457','Hanau',1),(10095,'63477','Maintal',1),(10096,'63486','Bruchköbel',1),(10097,'63500','Seligenstadt',1),(10098,'63505','Langenselbold',1),(10099,'63512','Hainburg',1),(10100,'63517','Rodenbach',1),(10101,'63526','Erlensee',1),(10102,'63533','Mainhausen',1),(10103,'63538','Großkrotzenburg',1),(10104,'63543','Neuberg',1),(10105,'63546','Hammersbach',1),(10106,'63549','Ronneburg',1),(10107,'63571','Gelnhausen',1),(10108,'63579','Freigericht',1),(10109,'63584','Gründau',1),(10110,'63589','Linsengericht',1),(10111,'63594','Hasselroth',1),(10112,'63599','Biebergemünd',1),(10113,'63607','Wächtersbach',1),(10114,'63619','Bad Orb',1),(10115,'63628','Bad Soden-Salmünster',1),(10116,'63633','Birstein',1),(10117,'63636','Brachttal',1),(10118,'63637','Jossgrund',1),(10119,'63639','Flörsbachtal',1),(10120,'63654','Büdingen',1),(10121,'63667','Nidda',1),(10122,'63674','Altenstadt',1),(10123,'63679','Schotten',1),(10124,'63683','Ortenberg',1),(10125,'63688','Gedern',1),(10126,'63691','Ranstadt',1),(10127,'63694','Limeshain',1),(10128,'63695','Glauburg',1),(10129,'63697','Hirzenhain',1),(10130,'63699','Kefenrod',1),(10131,'63739','Aschaffenburg',1),(10132,'63741','Aschaffenburg',1),(10133,'63743','Aschaffenburg',1),(10134,'63755','Alzenau in Unterfranken',1),(10135,'63762','Großostheim',1),(10136,'63768','Hösbach',1),(10137,'63773','Goldbach',1),(10138,'63776','Mömbris',1),(10139,'63785','Obernburg am Main',1),(10140,'63791','Karlstein am Main',1),(10141,'63796','Kahl am Main',1),(10142,'63801','Kleinostheim',1),(10143,'63808','Haibach',1),(10144,'63811','Stockstadt am Main',1),(10145,'63814','Mainaschaff',1),(10146,'63820','Elsenfeld',1),(10147,'63825','Westerngrund',1),(10148,'63825','Sommerkahl',1),(10149,'63825','Blankenbach',1),(10150,'63825','Schöllkrippen',1),(10151,'63826','Geiselbach',1),(10152,'63828','Kleinkahl',1),(10153,'63829','Krombach',1),(10154,'63831','Wiesen',1),(10155,'63834','Sulzbach am Main',1),(10156,'63839','Kleinwallstadt',1),(10157,'63840','Hausen',1),(10158,'63843','Niedernberg',1),(10159,'63846','Laufach',1),(10160,'63849','Leidersbach',1),(10161,'63853','Mömlingen',1),(10162,'63856','Bessenbach',1),(10163,'63857','Waldaschaff',1),(10164,'63860','Rothenbuch',1),(10165,'63863','Eschau',1),(10166,'63864','Glattbach',1),(10167,'63867','Johannesberg',1),(10168,'63868','Großwallstadt',1),(10169,'63869','Heigenbrücken',1),(10170,'63871','Heinrichsthal',1),(10171,'63872','Heimbuchenthal',1),(10172,'63874','Dammbach',1),(10173,'63875','Mespelbrunn',1),(10174,'63877','Sailauf',1),(10175,'63879','Weibersbrunn',1),(10176,'63897','Miltenberg',1),(10177,'63906','Erlenbach am Main',1),(10178,'63911','Klingenberg am Main',1),(10179,'63916','Amorbach',1),(10180,'63920','Großheubach',1),(10181,'63924','Kleinheubach',1),(10182,'63924','Rüdenau',1),(10183,'63925','Laudenbach',1),(10184,'63927','Bürgstadt',1),(10185,'63928','Eichenbühl',1),(10186,'63930','Neunkirchen',1),(10187,'63931','Kirchzell',1),(10188,'63933','Mönchberg',1),(10189,'63934','Röllbach',1),(10190,'63936','Schneeberg',1),(10191,'63937','Weilbach',1),(10192,'63939','Wörth am Main',1),(10193,'64283','Darmstadt',1),(10194,'64285','Darmstadt',1),(10195,'64287','Darmstadt',1),(10196,'64289','Darmstadt',1),(10197,'64291','Darmstadt',1),(10198,'64293','Darmstadt',1),(10199,'64295','Darmstadt',1),(10200,'64297','Darmstadt',1),(10201,'64319','Pfungstadt',1),(10202,'64331','Weiterstadt',1),(10203,'64342','Seeheim-Jugenheim',1),(10204,'64347','Griesheim',1),(10205,'64354','Reinheim',1),(10206,'64367','Mühltal',1),(10207,'64372','Ober-Ramstadt',1),(10208,'64380','Roßdorf',1),(10209,'64385','Reichelsheim',1),(10210,'64390','Erzhausen',1),(10211,'64395','Brensbach',1),(10212,'64397','Modautal',1),(10213,'64401','Groß-Bieberau',1),(10214,'64404','Bickenbach',1),(10215,'64405','Fischbachtal',1),(10216,'64407','Fränkisch-Crumbach',1),(10217,'64409','Messel',1),(10218,'64521','Groß-Gerau',1),(10219,'64546','Mörfelden-Walldorf',1),(10220,'64560','Riedstadt',1),(10221,'64569','Nauheim',1),(10222,'64572','Büttelborn',1),(10223,'64579','Gernsheim',1),(10224,'64584','Biebesheim am Rhein',1),(10225,'64589','Stockstadt am Rhein',1),(10226,'64625','Bensheim',1),(10227,'64646','Heppenheim (Bergstraße)',1),(10228,'64653','Lorsch',1),(10229,'64658','Fürth',1),(10230,'64665','Alsbach-Hähnlein',1),(10231,'64668','Rimbach',1),(10232,'64673','Zwingenberg',1),(10233,'64678','Lindenfels',1),(10234,'64683','Einhausen',1),(10235,'64686','Lautertal',1),(10236,'64689','Grasellenbach',1),(10237,'64711','Erbach',1),(10238,'64720','Michelstadt',1),(10239,'64732','Bad König',1),(10240,'64739','Höchst im Odenwald',1),(10241,'64743','Beerfelden',1),(10242,'64747','Breuberg',1),(10243,'64750','Lützelbach',1),(10244,'64753','Brombachtal',1),(10245,'64754','Hesseneck',1),(10246,'64756','Mossautal',1),(10247,'64757','Rothenberg',1),(10248,'64759','Sensbachtal',1),(10249,'64807','Dieburg',1),(10250,'64823','Groß-Umstadt',1),(10251,'64832','Babenhausen',1),(10252,'64839','Münster',1),(10253,'64846','Groß-Zimmern',1),(10254,'64850','Schaafheim',1),(10255,'64853','Otzberg',1),(10256,'64859','Eppertshausen',1),(10257,'65183','Wiesbaden',1),(10258,'65185','Wiesbaden',1),(10259,'65187','Wiesbaden',1),(10260,'65189','Wiesbaden',1),(10261,'65191','Wiesbaden',1),(10262,'65193','Wiesbaden',1),(10263,'65195','Wiesbaden',1),(10264,'65197','Wiesbaden',1),(10265,'65199','Wiesbaden',1),(10266,'65201','Wiesbaden',1),(10267,'65203','Wiesbaden',1),(10268,'65205','Wiesbaden',1),(10269,'65207','Wiesbaden',1),(10270,'65232','Taunusstein',1),(10271,'65239','Hochheim am Main',1),(10272,'65307','Bad Schwalbach',1),(10273,'65321','Heidenrod',1),(10274,'65326','Aarbergen',1),(10275,'65329','Hohenstein',1),(10276,'65343','Eltville am Rhein',1),(10277,'65344','Eltville am Rhein',1),(10278,'65345','Eltville am Rhein',1),(10279,'65346','Eltville am Rhein',1),(10280,'65347','Eltville am Rhein',1),(10281,'65366','Geisenheim',1),(10282,'65375','Oestrich-Winkel',1),(10283,'65385','Rüdesheim am Rhein',1),(10284,'65388','Schlangenbad',1),(10285,'65391','Lorch',1),(10286,'65391','Sauerthal',1),(10287,'65396','Walluf',1),(10288,'65399','Kiedrich',1),(10289,'65428','Rüsselsheim',1),(10290,'65439','Flörsheim',1),(10291,'65451','Kelsterbach',1),(10292,'65462','Ginsheim-Gustavsburg',1),(10293,'65468','Trebur',1),(10294,'65474','Bischofsheim',1),(10295,'65479','Raunheim',1),(10296,'65510','Idstein',1),(10297,'65510','Hünstetten',1),(10298,'65520','Bad Camberg',1),(10299,'65527','Niedernhausen',1),(10300,'65529','Waldems',1),(10301,'65549','Limburg an der Lahn',1),(10302,'65550','Limburg an der Lahn',1),(10303,'65551','Limburg an der Lahn',1),(10304,'65552','Limburg an der Lahn',1),(10305,'65553','Limburg an der Lahn',1),(10306,'65554','Limburg an der Lahn',1),(10307,'65555','Limburg an der Lahn',1),(10308,'65556','Limburg an der Lahn',1),(10309,'65558','Cramberg',1),(10310,'65558','Balduinstein',1),(10311,'65558','Hirschberg',1),(10312,'65558','Gückingen',1),(10313,'65558','Holzheim',1),(10314,'65558','Langenscheid',1),(10315,'65558','Flacht',1),(10316,'65558','Heistenbach',1),(10317,'65558','Eppenrod',1),(10318,'65558','Lohrheim',1),(10319,'65558','Oberneisen',1),(10320,'65558','Isselbach',1),(10321,'65558','Burgschwalbach',1),(10322,'65558','Kaltenholzhausen',1),(10323,'65582','Hambach',1),(10324,'65582','Aull',1),(10325,'65582','Diez',1),(10326,'65589','Hadamar',1),(10327,'65594','Runkel',1),(10328,'65597','Hünfelden',1),(10329,'65599','Dornburg',1),(10330,'65604','Elz',1),(10331,'65606','Villmar',1),(10332,'65611','Brechen',1),(10333,'65614','Beselich',1),(10334,'65618','Selters (Taunus)',1),(10335,'65620','Waldbrunn (Westerwald)',1),(10336,'65623','Mudershausen',1),(10337,'65623','Schiesheim',1),(10338,'65623','Netzbach',1),(10339,'65623','Hahnstätten',1),(10340,'65624','Altendiez',1),(10341,'65626','Birlenbach',1),(10342,'65627','Elbtal',1),(10343,'65629','Niederneisen',1),(10344,'65719','Hofheim am Taunus',1),(10345,'65760','Eschborn',1),(10346,'65779','Kelkheim (Taunus)',1),(10347,'65795','Hattersheim',1),(10348,'65812','Bad Soden am Taunus',1),(10349,'65817','Eppstein',1),(10350,'65824','Schwalbach am Taunus',1),(10351,'65830','Kriftel',1),(10352,'65835','Liederbach am Taunus',1),(10353,'65843','Sulzbach',1),(10354,'65929','Frankfurt am Main',1),(10355,'65931','Frankfurt am Main',1),(10356,'65933','Frankfurt am Main',1),(10357,'65934','Frankfurt am Main',1),(10358,'65936','Frankfurt am Main',1),(10359,'66111','Saarbrücken',1),(10360,'66113','Saarbrücken',1),(10361,'66115','Saarbrücken',1),(10362,'66117','Saarbrücken',1),(10363,'66119','Saarbrücken',1),(10364,'66121','Saarbrücken',1),(10365,'66123','Saarbrücken',1),(10366,'66125','Saarbrücken',1),(10367,'66126','Saarbrücken',1),(10368,'66127','Saarbrücken',1),(10369,'66128','Saarbrücken',1),(10370,'66129','Saarbrücken',1),(10371,'66130','Saarbrücken',1),(10372,'66131','Saarbrücken',1),(10373,'66132','Saarbrücken',1),(10374,'66133','Saarbrücken',1),(10375,'66265','Heusweiler',1),(10376,'66271','Kleinblittersdorf',1),(10377,'66280','Sulzbach/Saar',1),(10378,'66287','Quierschied',1),(10379,'66292','Riegelsberg',1),(10380,'66299','Friedrichsthal',1),(10381,'66333','Völklingen',1),(10382,'66346','Püttlingen',1),(10383,'66352','Großrosseln',1),(10384,'66359','Bous',1),(10385,'66386','Sankt Ingbert',1),(10386,'66399','Mandelbachtal',1),(10387,'66424','Homburg',1),(10388,'66440','Blieskastel',1),(10389,'66450','Bexbach',1),(10390,'66453','Gersheim',1),(10391,'66459','Kirkel',1),(10392,'66482','Zweibrücken',1),(10393,'66484','Battweiler',1),(10394,'66484','Kleinsteinhausen',1),(10395,'66484','Dietrichingen',1),(10396,'66484','Großsteinhausen',1),(10397,'66484','Winterbach',1),(10398,'66484','Riedelberg',1),(10399,'66484','Schmitshausen',1),(10400,'66484','Walshausen',1),(10401,'66484','Althornbach',1),(10402,'66497','Contwig',1),(10403,'66500','Hornbach',1),(10404,'66500','Mauschbach',1),(10405,'66501','Großbundenbach',1),(10406,'66501','Kleinbundenbach',1),(10407,'66503','Dellfeld',1),(10408,'66504','Bottenbach',1),(10409,'66506','Maßweiler',1),(10410,'66507','Reifenberg',1),(10411,'66509','Rieschweiler-Mühlbach',1),(10412,'66538','Neunkirchen/Saar',1),(10413,'66539','Neunkirchen/Saar',1),(10414,'66540','Neunkirchen/Saar',1),(10415,'66557','Illingen',1),(10416,'66564','Ottweiler',1),(10417,'66571','Eppelborn',1),(10418,'66578','Schiffweiler',1),(10419,'66583','Spiesen-Elversberg',1),(10420,'66589','Merchweiler',1),(10421,'66606','Sankt Wendel',1),(10422,'66620','Nonnweiler',1),(10423,'66625','Nohfelden',1),(10424,'66629','Freisen',1),(10425,'66636','Tholey',1),(10426,'66640','Namborn',1),(10427,'66646','Marpingen',1),(10428,'66649','Oberthal',1),(10429,'66663','Merzig',1),(10430,'66679','Losheim am See',1),(10431,'66687','Wadern',1),(10432,'66693','Mettlach',1),(10433,'66701','Beckingen',1),(10434,'66706','Perl',1),(10435,'66709','Weiskirchen',1),(10436,'66740','Saarlouis',1),(10437,'66763','Dillingen',1),(10438,'66773','Schwalbach',1),(10439,'66780','Rehlingen-Siersburg',1),(10440,'66787','Wadgassen',1),(10441,'66793','Saarwellingen',1),(10442,'66798','Wallerfangen',1),(10443,'66802','Überherrn',1),(10444,'66806','Ensdorf',1),(10445,'66809','Nalbach',1),(10446,'66822','Lebach',1),(10447,'66839','Schmelz',1),(10448,'66849','Landstuhl',1),(10449,'66851','Mittelbrunn',1),(10450,'66851','Bann',1),(10451,'66851','Oberarnbach',1),(10452,'66851','Steinalben',1),(10453,'66851','Queidersbach',1),(10454,'66851','Hauptstuhl',1),(10455,'66851','Linden',1),(10456,'66851','Horbach',1),(10457,'66862','Kindsbach',1),(10458,'66869','Schellweiler',1),(10459,'66869','Kusel',1),(10460,'66869','Blaubach',1),(10461,'66869','Ruthweiler',1),(10462,'66871','Körborn',1),(10463,'66871','Pfeffelbach',1),(10464,'66871','Konken',1),(10465,'66871','Theisbergstegen',1),(10466,'66871','Ehweiler',1),(10467,'66871','Haschbach am Remigiusberg',1),(10468,'66871','Reichweiler',1),(10469,'66871','Etschberg',1),(10470,'66871','Albessen',1),(10471,'66871','Oberalben',1),(10472,'66871','Thallichtenberg',1),(10473,'66871','Selchenbach',1),(10474,'66871','Dennweiler-Frohnbach',1),(10475,'66871','Herchweiler',1),(10476,'66877','Ramstein-Miesenbach',1),(10477,'66879','Kottweiler-Schwanden',1),(10478,'66879','Steinwenden',1),(10479,'66879','Niederstaufenbach',1),(10480,'66879','Kollweiler',1),(10481,'66879','Reichenbach-Steegen',1),(10482,'66879','Oberstaufenbach',1),(10483,'66879','Niedermohr',1),(10484,'66882','Hütschenhausen',1),(10485,'66885','Bedesbach',1),(10486,'66885','Altenglan',1),(10487,'66887','Ulmet',1),(10488,'66887','Neunkirchen am Potzberg',1),(10489,'66887','Föckelberg',1),(10490,'66887','Jettenbach',1),(10491,'66887','Welchweiler',1),(10492,'66887','Rutsweiler am Glan',1),(10493,'66887','Rammelsbach',1),(10494,'66887','Elzweiler',1),(10495,'66887','Horschbach',1),(10496,'66887','Erdesbach',1),(10497,'66887','Glanbrücken',1),(10498,'66887','Bosenbach',1),(10499,'66887','Rathsweiler',1),(10500,'66887','Sankt Julian',1),(10501,'66887','Niederalben',1),(10502,'66892','Bruchmühlbach-Miesau',1),(10503,'66894','Martinshöhe',1),(10504,'66894','Krähenberg',1),(10505,'66894','Bechhofen',1),(10506,'66894','Wiesbach',1),(10507,'66894','Gerhardsbrunn',1),(10508,'66894','Langwieden',1),(10509,'66894','Rosenkopf',1),(10510,'66894','Lambsborn',1),(10511,'66894','Käshofen',1),(10512,'66901','Schönenberg-Kübelberg',1),(10513,'66903','Ohmbach',1),(10514,'66903','Gries',1),(10515,'66903','Dittweiler',1),(10516,'66903','Altenkirchen',1),(10517,'66903','Frohnhofen',1),(10518,'66904','Brücken',1),(10519,'66904','Börsborn',1),(10520,'66907','Glan-Münchweiler',1),(10521,'66907','Rehweiler',1),(10522,'66909','Quirnbach',1),(10523,'66909','Henschtal',1),(10524,'66909','Steinbach am Glan',1),(10525,'66909','Wahnwegen',1),(10526,'66909','Hüffler',1),(10527,'66909','Herschweiler-Pettersheim',1),(10528,'66909','Langenbach',1),(10529,'66909','Krottelbach',1),(10530,'66909','Nanzdietschweiler',1),(10531,'66909','Matzenbach',1),(10532,'66914','Waldmohr',1),(10533,'66916','Breitenbach',1),(10534,'66916','Dunzweiler',1),(10535,'66917','Knopp-Labach',1),(10536,'66917','Wallhalben',1),(10537,'66917','Biedershausen',1),(10538,'66919','Hermersberg',1),(10539,'66919','Schauerberg',1),(10540,'66919','Hettenhausen',1),(10541,'66919','Obernheim-Kirchenarnbach',1),(10542,'66919','Herschberg',1),(10543,'66919','Saalstadt',1),(10544,'66919','Weselberg',1),(10545,'66953','Pirmasens',1),(10546,'66954','Pirmasens',1),(10547,'66955','Pirmasens',1),(10548,'66957','Obersimten',1),(10549,'66957','Vinningen',1),(10550,'66957','Ruppertsweiler',1),(10551,'66957','Schweix',1),(10552,'66957','Kröppen',1),(10553,'66957','Eppenbrunn',1),(10554,'66957','Hilst',1),(10555,'66957','Trulben',1),(10556,'66969','Lemberg',1),(10557,'66976','Rodalben',1),(10558,'66978','Leimen',1),(10559,'66978','Clausen',1),(10560,'66978','Donsieders',1),(10561,'66978','Merzalben',1),(10562,'66981','Münchweiler an der Rodalb',1),(10563,'66987','Thaleischweiler-Fröschen',1),(10564,'66989','Nünschweiler',1),(10565,'66989','Höheinöd',1),(10566,'66989','Höhfröschen',1),(10567,'66989','Petersberg',1),(10568,'66989','Höheischweiler',1),(10569,'66994','Dahn',1),(10570,'66996','Schindhard',1),(10571,'66996','Erfweiler',1),(10572,'66996','Hirschthal',1),(10573,'66996','Fischbach bei Dahn',1),(10574,'66996','Schönau',1),(10575,'66996','Ludwigswinkel',1),(10576,'66999','Hinterweidenthal',1),(10577,'67059','Ludwigshafen am Rhein',1),(10578,'67061','Ludwigshafen am Rhein',1),(10579,'67063','Ludwigshafen am Rhein',1),(10580,'67065','Ludwigshafen am Rhein',1),(10581,'67067','Ludwigshafen am Rhein',1),(10582,'67069','Ludwigshafen am Rhein',1),(10583,'67071','Ludwigshafen am Rhein',1),(10584,'67098','Bad Dürkheim',1),(10585,'67105','Schifferstadt',1),(10586,'67112','Mutterstadt',1),(10587,'67117','Limburgerhof',1),(10588,'67122','Altrip',1),(10589,'67125','Dannstadt-Schauernheim',1),(10590,'67126','Hochdorf-Assenheim',1),(10591,'67127','Rödersheim-Gronau',1),(10592,'67133','Maxdorf',1),(10593,'67134','Birkenheide',1),(10594,'67136','Fußgönheim',1),(10595,'67141','Neuhofen',1),(10596,'67146','Deidesheim',1),(10597,'67147','Forst an der Weinstraße',1),(10598,'67149','Meckenheim',1),(10599,'67150','Niederkirchen bei Deidesheim',1),(10600,'67152','Ruppertsberg',1),(10601,'67157','Wachenheim an der Weinstraße',1),(10602,'67158','Ellerstadt',1),(10603,'67159','Friedelsheim',1),(10604,'67161','Gönnheim',1),(10605,'67165','Waldsee',1),(10606,'67166','Otterstadt',1),(10607,'67167','Erpolzheim',1),(10608,'67169','Kallstadt',1),(10609,'67227','Frankenthal (Pfalz)',1),(10610,'67229','Großkarlbach',1),(10611,'67229','Laumersheim',1),(10612,'67229','Gerolsheim',1),(10613,'67240','Bobenheim-Roxheim',1),(10614,'67245','Lambsheim',1),(10615,'67246','Dirmstein',1),(10616,'67251','Freinsheim',1),(10617,'67256','Weisenheim am Sand',1),(10618,'67258','Heßheim',1),(10619,'67259','Kleinniedesheim',1),(10620,'67259','Beindersheim',1),(10621,'67259','Großniedesheim',1),(10622,'67259','Heuchelheim bei Frankenthal',1),(10623,'67269','Grünstadt',1),(10624,'67271','Kleinkarlbach',1),(10625,'67271','Neuleiningen',1),(10626,'67271','Obersülzen',1),(10627,'67271','Mertesheim',1),(10628,'67271','Kindenheim',1),(10629,'67271','Battenberg (Pfalz)',1),(10630,'67273','Weisenheim am Berg',1),(10631,'67273','Herxheim am Berg',1),(10632,'67273','Dackenheim',1),(10633,'67273','Bobenheim am Berg',1),(10634,'67278','Bockenheim',1),(10635,'67280','Quirnheim',1),(10636,'67280','Ebertsheim',1),(10637,'67281','Kirchheim an der Weinstraße',1),(10638,'67281','Bissersheim',1),(10639,'67283','Obrigheim',1),(10640,'67292','Kirchheimbolanden',1),(10641,'67294','Gauersheim',1),(10642,'67294','Bischheim',1),(10643,'67294','Oberwiesen',1),(10644,'67294','Morschheim',1),(10645,'67294','Stetten',1),(10646,'67294','Orbis',1),(10647,'67294','Mauchenheim',1),(10648,'67294','Rittersheim',1),(10649,'67294','Ilbesheim',1),(10650,'67295','Bolanden',1),(10651,'67297','Marnheim',1),(10652,'67304','Kerzenheim',1),(10653,'67304','Eisenberg',1),(10654,'67305','Ramsen',1),(10655,'67307','Göllheim',1),(10656,'67308','Biedesheim',1),(10657,'67308','Niefernheim-Zellertal',1),(10658,'67308','Einselthum',1),(10659,'67308','Harxheim-Zellertal',1),(10660,'67308','Rüssingen',1),(10661,'67308','Ottersheim',1),(10662,'67308','Bubenheim',1),(10663,'67308','Lautersheim',1),(10664,'67308','Immesheim',1),(10665,'67308','Albisheim (Pfrimm)',1),(10666,'67308','Zell-Zellertal',1),(10667,'67310','Hettenleidelheim',1),(10668,'67311','Tiefenthal',1),(10669,'67316','Carlsberg',1),(10670,'67317','Altleiningen',1),(10671,'67319','Wattenheim',1),(10672,'67346','Speyer',1),(10673,'67354','Römerberg',1),(10674,'67360','Lingenfeld',1),(10675,'67361','Freisbach',1),(10676,'67363','Lustadt',1),(10677,'67365','Schwegenheim',1),(10678,'67366','Weingarten',1),(10679,'67368','Westheim',1),(10680,'67373','Dudenhofen',1),(10681,'67374','Hanhofen',1),(10682,'67376','Harthausen',1),(10683,'67377','Gommersheim',1),(10684,'67378','Zeiskam',1),(10685,'67433','Neustadt an der Weinstraße',1),(10686,'67434','Neustadt an der Weinstraße',1),(10687,'67435','Neustadt an der Weinstraße',1),(10688,'67454','Haßloch',1),(10689,'67459','Böhl-Iggelheim',1),(10690,'67466','Lambrecht',1),(10691,'67468','Frankenstein',1),(10692,'67468','Frankeneck',1),(10693,'67468','Neidenfels',1),(10694,'67471','Elmstein',1),(10695,'67472','Esthal',1),(10696,'67473','Lindenberg',1),(10697,'67475','Weidenthal',1),(10698,'67480','Edenkoben',1),(10699,'67482','Freimersheim',1),(10700,'67482','Venningen',1),(10701,'67482','Böbingen',1),(10702,'67482','Altdorf',1),(10703,'67483','Edesheim',1),(10704,'67483','Kleinfischlingen',1),(10705,'67483','Großfischlingen',1),(10706,'67487','Maikammer',1),(10707,'67487','Sankt Martin',1),(10708,'67489','Kirrweiler (Pfalz)',1),(10709,'67547','Worms',1),(10710,'67549','Worms',1),(10711,'67550','Worms',1),(10712,'67551','Worms',1),(10713,'67574','Osthofen',1),(10714,'67575','Eich',1),(10715,'67577','Alsheim',1),(10716,'67578','Gimbsheim',1),(10717,'67580','Hamm',1),(10718,'67582','Mettenheim',1),(10719,'67583','Guntersblum',1),(10720,'67585','Dorn-Dürkheim',1),(10721,'67586','Hillesheim',1),(10722,'67587','Wintersheim',1),(10723,'67590','Monsheim',1),(10724,'67591','Mörstadt',1),(10725,'67591','Mölsheim',1),(10726,'67591','Offstein',1),(10727,'67591','Hohen-Sülzen',1),(10728,'67591','Wachenheim',1),(10729,'67592','Flörsheim-Dalsheim',1),(10730,'67593','Bermersheim',1),(10731,'67593','Westhofen',1),(10732,'67595','Bechtheim',1),(10733,'67596','Frettenheim',1),(10734,'67596','Dittelsheim-Heßloch',1),(10735,'67598','Gundersheim',1),(10736,'67599','Gundheim',1),(10737,'67655','Kaiserslautern',1),(10738,'67657','Kaiserslautern',1),(10739,'67659','Kaiserslautern',1),(10740,'67661','Kaiserslautern',1),(10741,'67663','Kaiserslautern',1),(10742,'67677','Enkenbach-Alsenborn',1),(10743,'67678','Mehlingen',1),(10744,'67680','Neuhemsbach',1),(10745,'67681','Sembach',1),(10746,'67681','Wartenberg-Rohrbach',1),(10747,'67685','Weilerbach',1),(10748,'67685','Erzenhausen',1),(10749,'67685','Eulenbis',1),(10750,'67685','Schwedelbach',1),(10751,'67686','Mackenbach',1),(10752,'67688','Rodenbach',1),(10753,'67691','Hochspeyer',1),(10754,'67693','Fischbach',1),(10755,'67693','Waldleiningen',1),(10756,'67697','Otterberg',1),(10757,'67699','Schneckenhausen',1),(10758,'67699','Heiligenmoschel',1),(10759,'67700','Niederkirchen',1),(10760,'67701','Schallodenbach',1),(10761,'67705','Stelzenberg',1),(10762,'67705','Trippstadt',1),(10763,'67706','Krickenbach',1),(10764,'67707','Schopp',1),(10765,'67714','Waldfischbach-Burgalben',1),(10766,'67715','Geiselberg',1),(10767,'67716','Heltersberg',1),(10768,'67718','Schmalenberg',1),(10769,'67722','Winnweiler',1),(10770,'67722','Hochstein',1),(10771,'67722','Potzbach',1),(10772,'67722','Alsenbrück-Langmeil',1),(10773,'67724','Gonbach',1),(10774,'67724','Gehrweiler',1),(10775,'67724','Höringen',1),(10776,'67724','Gundersweiler',1),(10777,'67725','Börrstadt',1),(10778,'67725','Breunigweiler',1),(10779,'67727','Lohnsfeld',1),(10780,'67728','Münchweiler an der Alsenz',1),(10781,'67729','Sippersfeld',1),(10782,'67731','Otterbach',1),(10783,'67732','Hirschhorn',1),(10784,'67734','Katzweiler',1),(10785,'67734','Sulzbachtal',1),(10786,'67735','Mehlbach',1),(10787,'67737','Olsbrücken',1),(10788,'67737','Frankelbach',1),(10789,'67742','Deimberg',1),(10790,'67742','Adenbach',1),(10791,'67742','Herren-Sulzbach',1),(10792,'67742','Lauterecken',1),(10793,'67742','Buborn',1),(10794,'67742','Heinzenhausen',1),(10795,'67742','Hausweiler',1),(10796,'67742','Ginsweiler',1),(10797,'67744','Lohnweiler',1),(10798,'67744','Löllbach',1),(10799,'67744','Hoppstädten',1),(10800,'67744','Wiesweiler',1),(10801,'67744','Hohenöllen',1),(10802,'67744','Medard',1),(10803,'67744','Seelen',1),(10804,'67744','Kirrweiler',1),(10805,'67744','Cronenberg',1),(10806,'67744','Kappeln',1),(10807,'67744','Schweinschied',1),(10808,'67744','Rathskirchen',1),(10809,'67744','Homberg',1),(10810,'67745','Grumbach',1),(10811,'67746','Langweiler',1),(10812,'67746','Unterjeckenbach',1),(10813,'67746','Merzweiler',1),(10814,'67748','Odenbach',1),(10815,'67749','Offenbach-Hundheim',1),(10816,'67749','Nerzweiler',1),(10817,'67752','Rutsweiler an der Lauter',1),(10818,'67752','Wolfstein',1),(10819,'67752','Oberweiler-Tiefenbach',1),(10820,'67753','Einöllen',1),(10821,'67753','Aschbach',1),(10822,'67753','Hefersweiler',1),(10823,'67753','Rothselberg',1),(10824,'67753','Reipoltskirchen',1),(10825,'67754','Eßweiler',1),(10826,'67756','Oberweiler im Tal',1),(10827,'67756','Hinzweiler',1),(10828,'67756','Relsberg',1),(10829,'67757','Kreimbach-Kaulbach',1),(10830,'67759','Reichsthal',1),(10831,'67759','Nußbach',1),(10832,'67806','Bisterschied',1),(10833,'67806','Teschenmoschel',1),(10834,'67806','Katzenbach',1),(10835,'67806','Rockenhausen',1),(10836,'67806','Dörnbach',1),(10837,'67806','Dörrmoschel',1),(10838,'67806','Marienthal',1),(10839,'67808','Ransweiler',1),(10840,'67808','Schweisweiler',1),(10841,'67808','Bennhausen',1),(10842,'67808','Falkenstein',1),(10843,'67808','Würzweiler',1),(10844,'67808','Steinbach am Donnersberg',1),(10845,'67808','Ruppertsecken',1),(10846,'67808','Imsweiler',1),(10847,'67808','Mörsfeld',1),(10848,'67808','Stahlberg',1),(10849,'67808','Schönborn',1),(10850,'67808','Bayerfeld-Steckweiler',1),(10851,'67808','Weitersweiler',1),(10852,'67811','Dielkirchen',1),(10853,'67813','Gerbach',1),(10854,'67813','Sankt Alban',1),(10855,'67814','Jakobsweiler',1),(10856,'67814','Dannenfels',1),(10857,'67816','Dreisen',1),(10858,'67816','Standenbühl',1),(10859,'67817','Imsbach',1),(10860,'67819','Kriegsfeld',1),(10861,'67821','Oberndorf',1),(10862,'67821','Alsenz',1),(10863,'67822','Finkenbach-Gersweiler',1),(10864,'67822','Winterborn',1),(10865,'67822','Mannweiler-Cölln',1),(10866,'67822','Waldgrehweiler',1),(10867,'67822','Oberhausen an der Appel',1),(10868,'67822','Münsterappel',1),(10869,'67822','Niederhausen an der Appel',1),(10870,'67822','Niedermoschel',1),(10871,'67822','Gaugrehweiler',1),(10872,'67822','Kalkofen',1),(10873,'67823','Sitters',1),(10874,'67823','Obermoschel',1),(10875,'67823','Lettweiler',1),(10876,'67823','Schiersfeld',1),(10877,'67823','Unkenbach',1),(10878,'67824','Feilbingert',1),(10879,'67826','Hallgarten',1),(10880,'67827','Becherbach',1),(10881,'67829','Schmittweiler',1),(10882,'67829','Callbach',1),(10883,'67829','Reiffelbach',1),(10884,'68159','Mannheim',1),(10885,'68161','Mannheim',1),(10886,'68163','Mannheim',1),(10887,'68165','Mannheim',1),(10888,'68167','Mannheim',1),(10889,'68169','Mannheim',1),(10890,'68199','Mannheim',1),(10891,'68219','Mannheim',1),(10892,'68229','Mannheim',1),(10893,'68239','Mannheim',1),(10894,'68259','Mannheim',1),(10895,'68305','Mannheim',1),(10896,'68307','Mannheim',1),(10897,'68309','Mannheim',1),(10898,'68519','Viernheim',1),(10899,'68526','Ladenburg',1),(10900,'68535','Edingen-Neckarhausen',1),(10901,'68542','Heddesheim',1),(10902,'68549','Ilvesheim',1),(10903,'68623','Lampertheim',1),(10904,'68642','Bürstadt',1),(10905,'68647','Biblis',1),(10906,'68649','Groß-Rohrheim',1),(10907,'68723','Plankstadt',1),(10908,'68723','Oftersheim',1),(10909,'68723','Schwetzingen',1),(10910,'68753','Waghäusel',1),(10911,'68766','Hockenheim',1),(10912,'68775','Ketsch',1),(10913,'68782','Brühl',1),(10914,'68789','Sankt Leon-Rot',1),(10915,'68794','Oberhausen-Rheinhausen',1),(10916,'68799','Reilingen',1),(10917,'68804','Altlußheim',1),(10918,'68809','Neulußheim',1),(10919,'69115','Heidelberg',1),(10920,'69117','Heidelberg',1),(10921,'69118','Heidelberg',1),(10922,'69120','Heidelberg',1),(10923,'69121','Heidelberg',1),(10924,'69123','Heidelberg',1),(10925,'69124','Heidelberg',1),(10926,'69126','Heidelberg',1),(10927,'69151','Neckargemünd',1),(10928,'69168','Wiesloch',1),(10929,'69181','Leimen',1),(10930,'69190','Walldorf',1),(10931,'69198','Schriesheim',1),(10932,'69207','Sandhausen',1),(10933,'69214','Eppelheim',1),(10934,'69221','Dossenheim',1),(10935,'69226','Nußloch',1),(10936,'69231','Rauenberg',1),(10937,'69234','Dielheim',1),(10938,'69239','Neckarsteinach',1),(10939,'69242','Mühlhausen',1),(10940,'69245','Bammental',1),(10941,'69250','Schönau',1),(10942,'69251','Gaiberg',1),(10943,'69253','Heiligkreuzsteinach',1),(10944,'69254','Malsch',1),(10945,'69256','Mauer',1),(10946,'69257','Wiesenbach',1),(10947,'69259','Wilhelmsfeld',1),(10948,'69412','Eberbach',1),(10949,'69427','Mudau',1),(10950,'69429','Waldbrunn',1),(10951,'69434','Hirschhorn',1),(10952,'69434','Heddesbach',1),(10953,'69436','Schönbrunn',1),(10954,'69437','Neckargerach',1),(10955,'69439','Zwingenberg',1),(10956,'69469','Weinheim',1),(10957,'69483','Wald-Michelbach',1),(10958,'69488','Birkenau',1),(10959,'69493','Hirschberg an der Bergstraße',1),(10960,'69502','Hemsbach',1),(10961,'69509','Mörlenbach',1),(10962,'69514','Laudenbach',1),(10963,'69517','Gorxheimertal',1),(10964,'69518','Abtsteinach',1),(10965,'70173','Stuttgart',1),(10966,'70174','Stuttgart',1),(10967,'70176','Stuttgart',1),(10968,'70178','Stuttgart',1),(10969,'70180','Stuttgart',1),(10970,'70182','Stuttgart',1),(10971,'70184','Stuttgart',1),(10972,'70186','Stuttgart',1),(10973,'70188','Stuttgart',1),(10974,'70190','Stuttgart',1),(10975,'70191','Stuttgart',1),(10976,'70192','Stuttgart',1),(10977,'70193','Stuttgart',1),(10978,'70195','Stuttgart',1),(10979,'70197','Stuttgart',1),(10980,'70199','Stuttgart',1),(10981,'70327','Stuttgart',1),(10982,'70329','Stuttgart',1),(10983,'70372','Stuttgart',1),(10984,'70374','Stuttgart',1),(10985,'70376','Stuttgart',1),(10986,'70378','Stuttgart',1),(10987,'70435','Stuttgart',1),(10988,'70437','Stuttgart',1),(10989,'70439','Stuttgart',1),(10990,'70469','Stuttgart',1),(10991,'70499','Stuttgart',1),(10992,'70563','Stuttgart',1),(10993,'70565','Stuttgart',1),(10994,'70567','Stuttgart',1),(10995,'70569','Stuttgart',1),(10996,'70597','Stuttgart',1),(10997,'70599','Stuttgart',1),(10998,'70619','Stuttgart',1),(10999,'70629','Stuttgart',1),(11000,'70734','Fellbach',1),(11001,'70736','Fellbach',1),(11002,'70771','Leinfelden-Echterdingen',1),(11003,'70794','Filderstadt',1),(11004,'70806','Kornwestheim',1),(11005,'70825','Korntal-Münchingen',1),(11006,'70839','Gerlingen',1),(11007,'71032','Böblingen',1),(11008,'71034','Böblingen',1),(11009,'71063','Sindelfingen',1),(11010,'71065','Sindelfingen',1),(11011,'71067','Sindelfingen',1),(11012,'71069','Sindelfingen',1),(11013,'71083','Herrenberg',1),(11014,'71088','Holzgerlingen',1),(11015,'71093','Weil im Schönbuch',1),(11016,'71101','Schönaich',1),(11017,'71106','Magstadt',1),(11018,'71111','Waldenbuch',1),(11019,'71116','Gärtringen',1),(11020,'71120','Grafenau',1),(11021,'71126','Gäufelden',1),(11022,'71131','Jettingen',1),(11023,'71134','Aidlingen',1),(11024,'71139','Ehningen',1),(11025,'71144','Steinenbronn',1),(11026,'71149','Bondorf',1),(11027,'71154','Nufringen',1),(11028,'71155','Altdorf',1),(11029,'71157','Hildrizhausen',1),(11030,'71159','Mötzingen',1),(11031,'71229','Leonberg',1),(11032,'71254','Ditzingen',1),(11033,'71263','Weil der Stadt',1),(11034,'71272','Renningen',1),(11035,'71277','Rutesheim',1),(11036,'71282','Hemmingen',1),(11037,'71287','Weissach',1),(11038,'71292','Friolzheim',1),(11039,'71296','Heimsheim',1),(11040,'71297','Mönsheim',1),(11041,'71299','Wimsheim',1),(11042,'71332','Waiblingen',1),(11043,'71334','Waiblingen',1),(11044,'71336','Waiblingen',1),(11045,'71364','Winnenden',1),(11046,'71384','Weinstadt',1),(11047,'71394','Kernen im Remstal',1),(11048,'71397','Leutenbach',1),(11049,'71404','Korb',1),(11050,'71409','Schwaikheim',1),(11051,'71522','Backnang',1),(11052,'71540','Murrhardt',1),(11053,'71543','Wüstenrot',1),(11054,'71543','Beilstein',1),(11055,'71546','Aspach',1),(11056,'71549','Auenwald',1),(11057,'71554','Weissach im Tal',1),(11058,'71560','Sulzbach an der Murr',1),(11059,'71563','Affalterbach',1),(11060,'71566','Althütte',1),(11061,'71570','Oppenweiler',1),(11062,'71573','Allmersbach im Tal',1),(11063,'71576','Burgstetten',1),(11064,'71577','Großerlach',1),(11065,'71579','Spiegelberg',1),(11066,'71634','Ludwigsburg',1),(11067,'71636','Ludwigsburg',1),(11068,'71638','Ludwigsburg',1),(11069,'71640','Ludwigsburg',1),(11070,'71642','Ludwigsburg',1),(11071,'71665','Vaihingen an der Enz',1),(11072,'71672','Marbach am Neckar',1),(11073,'71679','Asperg',1),(11074,'71686','Remseck am Neckar',1),(11075,'71691','Freiberg am Neckar',1),(11076,'71696','Möglingen',1),(11077,'71701','Schwieberdingen',1),(11078,'71706','Markgröningen',1),(11079,'71711','Steinheim an der Murr',1),(11080,'71711','Murr',1),(11081,'71717','Beilstein',1),(11082,'71720','Oberstenfeld',1),(11083,'71723','Großbottwar',1),(11084,'71726','Benningen am Neckar',1),(11085,'71729','Erdmannhausen',1),(11086,'71732','Tamm',1),(11087,'71735','Eberdingen',1),(11088,'71737','Kirchberg an der Murr',1),(11089,'71739','Oberriexingen',1),(11090,'72070','Tübingen',1),(11091,'72072','Tübingen',1),(11092,'72074','Tübingen',1),(11093,'72076','Tübingen',1),(11094,'72108','Rottenburg am Neckar',1),(11095,'72116','Mössingen',1),(11096,'72119','Ammerbuch',1),(11097,'72124','Pliezhausen',1),(11098,'72127','Kusterdingen',1),(11099,'72131','Ofterdingen',1),(11100,'72135','Dettenhausen',1),(11101,'72138','Kirchentellinsfurt',1),(11102,'72141','Walddorfhäslach',1),(11103,'72144','Dußlingen',1),(11104,'72145','Hirrlingen',1),(11105,'72147','Nehren',1),(11106,'72149','Neustetten',1),(11107,'72160','Horb am Neckar',1),(11108,'72172','Sulz am Neckar',1),(11109,'72175','Dornhan',1),(11110,'72178','Waldachtal',1),(11111,'72181','Starzach',1),(11112,'72184','Eutingen im Gäu',1),(11113,'72186','Empfingen',1),(11114,'72189','Vöhringen',1),(11115,'72202','Nagold',1),(11116,'72213','Altensteig',1),(11117,'72218','Wildberg',1),(11118,'72221','Haiterbach',1),(11119,'72224','Ebhausen',1),(11120,'72226','Simmersfeld',1),(11121,'72227','Egenhausen',1),(11122,'72229','Rohrdorf',1),(11123,'72250','Freudenstadt',1),(11124,'72270','Baiersbronn',1),(11125,'72275','Alpirsbach',1),(11126,'72280','Dornstetten',1),(11127,'72285','Pfalzgrafenweiler',1),(11128,'72290','Loßburg',1),(11129,'72291','Betzweiler-Wälde',1),(11130,'72293','Glatten',1),(11131,'72294','Grömbach',1),(11132,'72296','Schopfloch',1),(11133,'72297','Seewald',1),(11134,'72299','Wörnersberg',1),(11135,'72336','Balingen',1),(11136,'72348','Rosenfeld',1),(11137,'72351','Geislingen',1),(11138,'72355','Schömberg',1),(11139,'72356','Dautmergen',1),(11140,'72358','Dormettingen',1),(11141,'72359','Dotternhausen',1),(11142,'72361','Hausen am Tann',1),(11143,'72362','Nusplingen',1),(11144,'72364','Obernheim',1),(11145,'72365','Ratshausen',1),(11146,'72367','Weilen unter den Rinnen',1),(11147,'72369','Zimmern unter der Burg',1),(11148,'72379','Hechingen',1),(11149,'72393','Burladingen',1),(11150,'72401','Haigerloch',1),(11151,'72406','Bisingen',1),(11152,'72411','Bodelshausen',1),(11153,'72414','Rangendingen',1),(11154,'72415','Grosselfingen',1),(11155,'72417','Jungingen',1),(11156,'72419','Neufra',1),(11157,'72458','Albstadt',1),(11158,'72459','Albstadt',1),(11159,'72461','Albstadt',1),(11160,'72469','Meßstetten',1),(11161,'72474','Winterlingen',1),(11162,'72475','Bitz',1),(11163,'72477','Schwenningen',1),(11164,'72479','Straßberg',1),(11165,'72488','Sigmaringen',1),(11166,'72501','Gammertingen',1),(11167,'72505','Krauchenwies',1),(11168,'72510','Stetten am kalten Markt',1),(11169,'72511','Bingen',1),(11170,'72513','Hettingen',1),(11171,'72514','Inzigkofen',1),(11172,'72516','Scheer',1),(11173,'72517','Sigmaringendorf',1),(11174,'72519','Veringenstadt',1),(11175,'72525','Münsingen',1),(11176,'72531','Hohenstein',1),(11177,'72532','Gomadingen',1),(11178,'72534','Hayingen',1),(11179,'72535','Heroldstatt',1),(11180,'72537','Mehrstetten',1),(11181,'72539','Pfronstetten',1),(11182,'72555','Metzingen',1),(11183,'72574','Bad Urach',1),(11184,'72581','Dettingen an der Erms',1),(11185,'72582','Grabenstetten',1),(11186,'72584','Hülben',1),(11187,'72585','Riederich',1),(11188,'72587','Römerstein',1),(11189,'72589','Westerheim',1),(11190,'72622','Nürtingen',1),(11191,'72631','Aichtal',1),(11192,'72636','Frickenhausen',1),(11193,'72639','Neuffen',1),(11194,'72644','Oberboihingen',1),(11195,'72649','Wolfschlugen',1),(11196,'72654','Neckartenzlingen',1),(11197,'72655','Altdorf',1),(11198,'72657','Altenriet',1),(11199,'72658','Bempflingen',1),(11200,'72660','Beuren',1),(11201,'72661','Grafenberg',1),(11202,'72663','Großbettlingen',1),(11203,'72664','Kohlberg',1),(11204,'72666','Neckartailfingen',1),(11205,'72667','Schlaitdorf',1),(11206,'72669','Unterensingen',1),(11207,'72760','Reutlingen',1),(11208,'72762','Reutlingen',1),(11209,'72764','Reutlingen',1),(11210,'72766','Reutlingen',1),(11211,'72768','Reutlingen',1),(11212,'72770','Reutlingen',1),(11213,'72793','Pfullingen',1),(11214,'72800','Eningen unter Achalm',1),(11215,'72805','Lichtenstein',1),(11216,'72810','Gomaringen',1),(11217,'72813','Sankt Johann',1),(11218,'72818','Trochtelfingen',1),(11219,'72820','Sonnenbühl',1),(11220,'72827','Wannweil',1),(11221,'72829','Engstingen',1),(11222,'73033','Göppingen',1),(11223,'73035','Göppingen',1),(11224,'73037','Göppingen',1),(11225,'73054','Eislingen/Fils',1),(11226,'73061','Ebersbach an der Fils',1),(11227,'73066','Uhingen',1),(11228,'73072','Donzdorf',1),(11229,'73079','Süßen',1),(11230,'73084','Salach',1),(11231,'73087','Boll',1),(11232,'73092','Heiningen',1),(11233,'73095','Albershausen',1),(11234,'73098','Rechberghausen',1),(11235,'73099','Adelberg',1),(11236,'73101','Aichelberg',1),(11237,'73102','Birenbach',1),(11238,'73104','Börtlingen',1),(11239,'73105','Dürnau',1),(11240,'73107','Eschenbach',1),(11241,'73108','Gammelshausen',1),(11242,'73110','Hattenhofen',1),(11243,'73111','Lauterstein',1),(11244,'73113','Ottenbach',1),(11245,'73114','Schlat',1),(11246,'73116','Wäschenbeuren',1),(11247,'73117','Wangen',1),(11248,'73119','Zell unter Aichelberg',1),(11249,'73207','Plochingen',1),(11250,'73230','Kirchheim unter Teck',1),(11251,'73235','Weilheim an der Teck',1),(11252,'73240','Wendlingen am Neckar',1),(11253,'73249','Wernau',1),(11254,'73252','Lenningen',1),(11255,'73257','Köngen',1),(11256,'73262','Reichenbach an der Fils',1),(11257,'73265','Dettingen unter Teck',1),(11258,'73266','Bissingen an der Teck',1),(11259,'73268','Erkenbrechtsweiler',1),(11260,'73269','Hochdorf',1),(11261,'73271','Holzmaden',1),(11262,'73272','Neidlingen',1),(11263,'73274','Notzingen',1),(11264,'73275','Ohmden',1),(11265,'73277','Owen',1),(11266,'73278','Schlierbach',1),(11267,'73312','Geislingen an der Steige',1),(11268,'73326','Deggingen',1),(11269,'73329','Kuchen',1),(11270,'73333','Gingen an der Fils',1),(11271,'73337','Bad Überkingen',1),(11272,'73340','Amstetten',1),(11273,'73342','Bad Ditzenbach',1),(11274,'73344','Gruibingen',1),(11275,'73345','Hohenstadt',1),(11276,'73345','Drackenstein',1),(11277,'73347','Mühlhausen im Täle',1),(11278,'73349','Wiesensteig',1),(11279,'73430','Aalen',1),(11280,'73431','Aalen',1),(11281,'73432','Aalen',1),(11282,'73433','Aalen',1),(11283,'73434','Aalen',1),(11284,'73441','Bopfingen',1),(11285,'73447','Oberkochen',1),(11286,'73450','Neresheim',1),(11287,'73453','Abtsgmünd',1),(11288,'73457','Essingen',1),(11289,'73460','Hüttlingen',1),(11290,'73463','Westhausen',1),(11291,'73466','Lauchheim',1),(11292,'73467','Kirchheim am Ries',1),(11293,'73469','Riesbürg',1),(11294,'73479','Ellwangen (Jagst)',1),(11295,'73485','Unterschneidheim',1),(11296,'73486','Adelmannsfelden',1),(11297,'73488','Ellenberg',1),(11298,'73489','Jagstzell',1),(11299,'73491','Neuler',1),(11300,'73492','Rainau',1),(11301,'73494','Rosenberg',1),(11302,'73495','Stödtlen',1),(11303,'73497','Tannhausen',1),(11304,'73499','Wört',1),(11305,'73525','Schwäbisch Gmünd',1),(11306,'73527','Täferrot',1),(11307,'73527','Schwäbisch Gmünd',1),(11308,'73529','Schwäbisch Gmünd',1),(11309,'73540','Heubach',1),(11310,'73547','Lorch',1),(11311,'73550','Waldstetten',1),(11312,'73553','Alfdorf',1),(11313,'73557','Mutlangen',1),(11314,'73560','Böbingen an der Rems',1),(11315,'73563','Mögglingen',1),(11316,'73565','Spraitbach',1),(11317,'73566','Bartholomä',1),(11318,'73568','Durlangen',1),(11319,'73569','Eschach',1),(11320,'73569','Obergröningen',1),(11321,'73571','Göggingen',1),(11322,'73572','Heuchlingen',1),(11323,'73574','Iggingen',1),(11324,'73575','Leinzell',1),(11325,'73577','Ruppertshofen',1),(11326,'73579','Schechingen',1),(11327,'73614','Schorndorf',1),(11328,'73630','Remshalden',1),(11329,'73635','Rudersberg',1),(11330,'73642','Welzheim',1),(11331,'73650','Winterbach',1),(11332,'73655','Plüderhausen',1),(11333,'73660','Urbach',1),(11334,'73663','Berglen',1),(11335,'73666','Baltmannsweiler',1),(11336,'73667','Kaisersbach',1),(11337,'73669','Lichtenwald',1),(11338,'73728','Esslingen am Neckar',1),(11339,'73730','Esslingen am Neckar',1),(11340,'73732','Esslingen am Neckar',1),(11341,'73733','Esslingen am Neckar',1),(11342,'73734','Esslingen am Neckar',1),(11343,'73760','Ostfildern',1),(11344,'73765','Neuhausen auf den Fildern',1),(11345,'73770','Denkendorf',1),(11346,'73773','Aichwald',1),(11347,'73776','Altbach',1),(11348,'73779','Deizisau',1),(11349,'74072','Heilbronn',1),(11350,'74074','Heilbronn',1),(11351,'74076','Heilbronn',1),(11352,'74078','Heilbronn',1),(11353,'74080','Heilbronn',1),(11354,'74081','Heilbronn',1),(11355,'74172','Neckarsulm',1),(11356,'74177','Bad Friedrichshall',1),(11357,'74182','Obersulm',1),(11358,'74189','Weinsberg',1),(11359,'74193','Schwaigern',1),(11360,'74196','Neuenstadt am Kocher',1),(11361,'74199','Untergruppenbach',1),(11362,'74206','Bad Wimpfen',1),(11363,'74211','Leingarten',1),(11364,'74214','Schöntal',1),(11365,'74219','Möckmühl',1),(11366,'74223','Flein',1),(11367,'74226','Nordheim',1),(11368,'74229','Oedheim',1),(11369,'74232','Abstatt',1),(11370,'74235','Erlenbach',1),(11371,'74238','Krautheim',1),(11372,'74239','Hardthausen am Kocher',1),(11373,'74243','Langenbrettach',1),(11374,'74245','Löwenstein',1),(11375,'74246','Eberstadt',1),(11376,'74248','Ellhofen',1),(11377,'74249','Jagsthausen',1),(11378,'74251','Lehrensteinsfeld',1),(11379,'74252','Massenbachhausen',1),(11380,'74254','Offenau',1),(11381,'74255','Roigheim',1),(11382,'74257','Untereisesheim',1),(11383,'74259','Widdern',1),(11384,'74321','Bietigheim-Bissingen',1),(11385,'74336','Brackenheim',1),(11386,'74343','Sachsenheim',1),(11387,'74348','Lauffen am Neckar',1),(11388,'74354','Besigheim',1),(11389,'74357','Bönnigheim',1),(11390,'74360','Ilsfeld',1),(11391,'74363','Güglingen',1),(11392,'74366','Kirchheim am Neckar',1),(11393,'74369','Löchgau',1),(11394,'74372','Sersheim',1),(11395,'74374','Zaberfeld',1),(11396,'74376','Gemmrigheim',1),(11397,'74379','Ingersheim',1),(11398,'74382','Neckarwestheim',1),(11399,'74385','Pleidelsheim',1),(11400,'74388','Talheim',1),(11401,'74389','Cleebronn',1),(11402,'74391','Erligheim',1),(11403,'74392','Freudental',1),(11404,'74394','Hessigheim',1),(11405,'74395','Mundelsheim',1),(11406,'74397','Pfaffenhofen',1),(11407,'74399','Walheim',1),(11408,'74405','Gaildorf',1),(11409,'74417','Gschwend',1),(11410,'74420','Oberrot',1),(11411,'74423','Obersontheim',1),(11412,'74424','Bühlertann',1),(11413,'74426','Bühlerzell',1),(11414,'74427','Fichtenberg',1),(11415,'74429','Sulzbach-Laufen',1),(11416,'74523','Schwäbisch Hall',1),(11417,'74532','Ilshofen',1),(11418,'74535','Mainhardt',1),(11419,'74538','Rosengarten',1),(11420,'74541','Vellberg',1),(11421,'74542','Braunsbach',1),(11422,'74544','Michelbach an der Bilz',1),(11423,'74545','Michelfeld',1),(11424,'74547','Untermünkheim',1),(11425,'74549','Wolpertshausen',1),(11426,'74564','Crailsheim',1),(11427,'74572','Blaufelden',1),(11428,'74575','Schrozberg',1),(11429,'74579','Fichtenau',1),(11430,'74582','Gerabronn',1),(11431,'74585','Rot am See',1),(11432,'74586','Frankenhardt',1),(11433,'74589','Satteldorf',1),(11434,'74592','Kirchberg an der Jagst',1),(11435,'74594','Kreßberg',1),(11436,'74595','Langenburg',1),(11437,'74597','Stimpfach',1),(11438,'74599','Wallhausen',1),(11439,'74613','Öhringen',1),(11440,'74626','Bretzfeld',1),(11441,'74629','Pfedelbach',1),(11442,'74632','Neuenstein',1),(11443,'74635','Kupferzell',1),(11444,'74638','Waldenburg',1),(11445,'74639','Zweiflingen',1),(11446,'74653','Ingelfingen',1),(11447,'74653','Künzelsau',1),(11448,'74670','Forchtenberg',1),(11449,'74673','Mulfingen',1),(11450,'74676','Niedernhall',1),(11451,'74677','Dörzbach',1),(11452,'74679','Weißbach',1),(11453,'74706','Osterburken',1),(11454,'74722','Buchen (Odenwald)',1),(11455,'74731','Walldürn',1),(11456,'74736','Hardheim',1),(11457,'74740','Adelsheim',1),(11458,'74743','Seckach',1),(11459,'74744','Ahorn',1),(11460,'74746','Höpfingen',1),(11461,'74747','Ravenstein',1),(11462,'74749','Rosenberg',1),(11463,'74821','Mosbach',1),(11464,'74831','Gundelsheim',1),(11465,'74834','Elztal',1),(11466,'74838','Limbach',1),(11467,'74842','Billigheim',1),(11468,'74847','Obrigheim',1),(11469,'74850','Schefflenz',1),(11470,'74855','Haßmersheim',1),(11471,'74858','Aglasterhausen',1),(11472,'74861','Neudenau',1),(11473,'74862','Binau',1),(11474,'74864','Fahrenbach',1),(11475,'74865','Neckarzimmern',1),(11476,'74867','Neunkirchen',1),(11477,'74869','Schwarzach',1),(11478,'74889','Sinsheim',1),(11479,'74906','Bad Rappenau',1),(11480,'74909','Meckesheim',1),(11481,'74912','Kirchardt',1),(11482,'74915','Waibstadt',1),(11483,'74918','Angelbachtal',1),(11484,'74921','Helmstadt-Bargen',1),(11485,'74924','Neckarbischofsheim',1),(11486,'74925','Epfenbach',1),(11487,'74927','Eschelbronn',1),(11488,'74928','Hüffenhardt',1),(11489,'74930','Ittlingen',1),(11490,'74931','Lobbach',1),(11491,'74933','Neidenstein',1),(11492,'74934','Reichartshausen',1),(11493,'74936','Siegelsbach',1),(11494,'74937','Spechbach',1),(11495,'74939','Zuzenhausen',1),(11496,'75015','Bretten',1),(11497,'75031','Eppingen',1),(11498,'75038','Oberderdingen',1),(11499,'75045','Walzbachtal',1),(11500,'75050','Gemmingen',1),(11501,'75053','Gondelsheim',1),(11502,'75056','Sulzfeld',1),(11503,'75057','Kürnbach',1),(11504,'75059','Zaisenhausen',1),(11505,'75172','Pforzheim',1),(11506,'75173','Pforzheim',1),(11507,'75175','Pforzheim',1),(11508,'75177','Pforzheim',1),(11509,'75179','Pforzheim',1),(11510,'75180','Pforzheim',1),(11511,'75181','Pforzheim',1),(11512,'75196','Remchingen',1),(11513,'75203','Königsbach-Stein',1),(11514,'75210','Keltern',1),(11515,'75217','Birkenfeld',1),(11516,'75223','Niefern-Öschelbronn',1),(11517,'75228','Ispringen',1),(11518,'75233','Tiefenbronn',1),(11519,'75236','Kämpfelbach',1),(11520,'75239','Eisingen',1),(11521,'75242','Neuhausen',1),(11522,'75245','Neulingen',1),(11523,'75248','Ölbronn-Dürrn',1),(11524,'75249','Kieselbronn',1),(11525,'75305','Neuenbürg',1),(11526,'75323','Bad Wildbad im Schwarzwald',1),(11527,'75328','Schömberg',1),(11528,'75331','Engelsbrand',1),(11529,'75334','Straubenhardt',1),(11530,'75335','Dobel',1),(11531,'75337','Enzklösterle',1),(11532,'75339','Höfen an der Enz',1),(11533,'75365','Calw',1),(11534,'75378','Bad Liebenzell',1),(11535,'75382','Althengstett',1),(11536,'75385','Bad Teinach-Zavelstein',1),(11537,'75387','Neubulach',1),(11538,'75389','Neuweiler',1),(11539,'75391','Gechingen',1),(11540,'75392','Deckenpfronn',1),(11541,'75394','Oberreichenbach',1),(11542,'75395','Ostelsheim',1),(11543,'75397','Simmozheim',1),(11544,'75399','Unterreichenbach',1),(11545,'75417','Mühlacker',1),(11546,'75428','Illingen',1),(11547,'75433','Maulbronn',1),(11548,'75438','Knittlingen',1),(11549,'75443','Ötisheim',1),(11550,'75446','Wiernsheim',1),(11551,'75447','Sternenfels',1),(11552,'75449','Wurmberg',1),(11553,'76131','Karlsruhe',1),(11554,'76133','Karlsruhe',1),(11555,'76135','Karlsruhe',1),(11556,'76137','Karlsruhe',1),(11557,'76139','Karlsruhe',1),(11558,'76149','Karlsruhe',1),(11559,'76185','Karlsruhe',1),(11560,'76187','Karlsruhe',1),(11561,'76189','Karlsruhe',1),(11562,'76199','Karlsruhe',1),(11563,'76227','Karlsruhe',1),(11564,'76228','Karlsruhe',1),(11565,'76229','Karlsruhe',1),(11566,'76275','Ettlingen',1),(11567,'76287','Rheinstetten',1),(11568,'76297','Stutensee',1),(11569,'76307','Karlsbad',1),(11570,'76316','Malsch',1),(11571,'76327','Pfinztal',1),(11572,'76332','Bad Herrenalb',1),(11573,'76337','Waldbronn',1),(11574,'76344','Eggenstein-Leopoldshafen',1),(11575,'76351','Linkenheim-Hochstetten',1),(11576,'76356','Weingarten',1),(11577,'76359','Marxzell',1),(11578,'76437','Rastatt',1),(11579,'76448','Durmersheim',1),(11580,'76456','Kuppenheim',1),(11581,'76461','Muggensturm',1),(11582,'76467','Bietigheim',1),(11583,'76470','Ötigheim',1),(11584,'76473','Iffezheim',1),(11585,'76474','Au am Rhein',1),(11586,'76476','Bischweier',1),(11587,'76477','Elchesheim-Illingen',1),(11588,'76479','Steinmauern',1),(11589,'76530','Baden-Baden',1),(11590,'76532','Baden-Baden',1),(11591,'76534','Baden-Baden',1),(11592,'76547','Sinzheim',1),(11593,'76549','Hügelsheim',1),(11594,'76571','Gaggenau',1),(11595,'76593','Gernsbach',1),(11596,'76596','Forbach',1),(11597,'76597','Loffenau',1),(11598,'76599','Weisenbach',1),(11599,'76646','Bruchsal',1),(11600,'76661','Philippsburg',1),(11601,'76669','Bad Schönborn',1),(11602,'76676','Graben-Neudorf',1),(11603,'76684','Östringen',1),(11604,'76689','Karlsdorf-Neuthard',1),(11605,'76694','Forst',1),(11606,'76698','Ubstadt-Weiher',1),(11607,'76703','Kraichtal',1),(11608,'76706','Dettenheim',1),(11609,'76707','Hambrücken',1),(11610,'76709','Kronau',1),(11611,'76726','Germersheim',1),(11612,'76744','Vollmersweiler',1),(11613,'76744','Wörth am Rhein',1),(11614,'76751','Jockgrim',1),(11615,'76756','Bellheim',1),(11616,'76761','Rülzheim',1),(11617,'76764','Rheinzabern',1),(11618,'76767','Hagenbach',1),(11619,'76768','Berg (Pfalz)',1),(11620,'76770','Hatzenbühl',1),(11621,'76771','Hördt',1),(11622,'76773','Kuhardt',1),(11623,'76774','Leimersheim',1),(11624,'76776','Neuburg am Rhein',1),(11625,'76777','Neupotz',1),(11626,'76779','Scheibenhardt',1),(11627,'76829','Leinsweiler',1),(11628,'76829','Landau in der Pfalz',1),(11629,'76829','Ranschbach',1),(11630,'76831','Göcklingen',1),(11631,'76831','Heuchelheim-Klingen',1),(11632,'76831','Eschbach',1),(11633,'76831','Billigheim-Ingenheim',1),(11634,'76831','Birkweiler',1),(11635,'76831','Impflingen',1),(11636,'76831','Ilbesheim bei Landau in der Pfalz',1),(11637,'76833','Knöringen',1),(11638,'76833','Siebeldingen',1),(11639,'76833','Walsheim',1),(11640,'76833','Frankweiler',1),(11641,'76833','Böchingen',1),(11642,'76835','Hainfeld',1),(11643,'76835','Weyher in der Pfalz',1),(11644,'76835','Gleisweiler',1),(11645,'76835','Burrweiler',1),(11646,'76835','Roschbach',1),(11647,'76835','Flemlingen',1),(11648,'76835','Rhodt unter Rietburg',1),(11649,'76846','Hauenstein',1),(11650,'76848','Dimbach',1),(11651,'76848','Lug',1),(11652,'76848','Darstein',1),(11653,'76848','Schwanheim',1),(11654,'76848','Wilgartswiesen',1),(11655,'76848','Spirkelbach',1),(11656,'76855','Annweiler am Trifels',1),(11657,'76857','Silz',1),(11658,'76857','Eußerthal',1),(11659,'76857','Wernersberg',1),(11660,'76857','Albersweiler',1),(11661,'76857','Dernbach',1),(11662,'76857','Völkersweiler',1),(11663,'76857','Münchweiler am Klingbach',1),(11664,'76857','Ramberg',1),(11665,'76857','Rinnthal',1),(11666,'76857','Waldrohrbach',1),(11667,'76857','Gossersweiler-Stein',1),(11668,'76857','Waldhambach',1),(11669,'76863','Herxheimweyher',1),(11670,'76863','Herxheim bei Landau/Pfalz',1),(11671,'76865','Rohrbach',1),(11672,'76865','Insheim',1),(11673,'76870','Kandel',1),(11674,'76872','Steinweiler',1),(11675,'76872','Erlenbach',1),(11676,'76872','Hergersweiler',1),(11677,'76872','Winden',1),(11678,'76872','Minfeld',1),(11679,'76872','Freckenfeld',1),(11680,'76877','Offenbach an der Queich',1),(11681,'76879','Essingen',1),(11682,'76879','Ottersheim',1),(11683,'76879','Bornheim',1),(11684,'76879','Knittelsheim',1),(11685,'76879','Hochstadt',1),(11686,'76887','Oberhausen',1),(11687,'76887','Böllenborn',1),(11688,'76887','Bad Bergzabern',1),(11689,'76889','Pleisweiler-Oberhofen',1),(11690,'76889','Kapellen-Drusweiler',1),(11691,'76889','Steinfeld',1),(11692,'76889','Schweigen-Rechtenbach',1),(11693,'76889','Oberotterbach',1),(11694,'76889','Schweighofen',1),(11695,'76889','Oberschlettenbach',1),(11696,'76889','Niederotterbach',1),(11697,'76889','Barbelroth',1),(11698,'76889','Kapsweyer',1),(11699,'76889','Vorderweidenthal',1),(11700,'76889','Dierbach',1),(11701,'76889','Gleiszellen-Gleishorbach',1),(11702,'76889','Niederhorbach',1),(11703,'76889','Birkenhördt',1),(11704,'76889','Dörrenbach',1),(11705,'76889','Klingenmünster',1),(11706,'76891','Bundenthal',1),(11707,'76891','Bobenthal',1),(11708,'76891','Erlenbach',1),(11709,'76891','Nothweiler',1),(11710,'76891','Bruchweiler-Bärenbach',1),(11711,'76891','Niederschlettenbach',1),(11712,'76891','Busenberg',1),(11713,'76891','Rumbach',1),(11714,'77652','Offenburg',1),(11715,'77654','Offenburg',1),(11716,'77656','Offenburg',1),(11717,'77694','Kehl',1),(11718,'77704','Oberkirch',1),(11719,'77709','Wolfach',1),(11720,'77709','Oberwolfach',1),(11721,'77716','Hofstetten',1),(11722,'77716','Haslach im Kinzigtal',1),(11723,'77716','Fischerbach',1),(11724,'77723','Gengenbach',1),(11725,'77728','Oppenau',1),(11726,'77731','Willstätt',1),(11727,'77736','Zell am Harmersbach',1),(11728,'77740','Bad Peterstal-Griesbach',1),(11729,'77743','Neuried',1),(11730,'77746','Schutterwald',1),(11731,'77749','Hohberg',1),(11732,'77756','Hausach',1),(11733,'77761','Schiltach',1),(11734,'77767','Appenweier',1),(11735,'77770','Durbach',1),(11736,'77773','Schenkenzell',1),(11737,'77776','Bad Rippoldsau-Schapbach',1),(11738,'77781','Biberach',1),(11739,'77784','Oberharmersbach',1),(11740,'77787','Nordrach',1),(11741,'77790','Steinach',1),(11742,'77791','Berghaupten',1),(11743,'77793','Gutach (Schwarzwaldbahn)',1),(11744,'77794','Lautenbach',1),(11745,'77796','Mühlenbach',1),(11746,'77797','Ohlsbach',1),(11747,'77799','Ortenberg',1),(11748,'77815','Bühl',1),(11749,'77830','Bühlertal',1),(11750,'77833','Ottersweier',1),(11751,'77836','Rheinmünster',1),(11752,'77839','Lichtenau',1),(11753,'77855','Achern',1),(11754,'77866','Rheinau',1),(11755,'77871','Renchen',1),(11756,'77876','Kappelrodeck',1),(11757,'77880','Sasbach',1),(11758,'77883','Ottenhöfen im Schwarzwald',1),(11759,'77886','Lauf',1),(11760,'77887','Sasbachwalden',1),(11761,'77889','Seebach',1),(11762,'77933','Lahr/Schwarzwald',1),(11763,'77948','Friesenheim',1),(11764,'77955','Ettenheim',1),(11765,'77960','Seelbach',1),(11766,'77963','Schwanau',1),(11767,'77966','Kappel-Grafenhausen',1),(11768,'77971','Kippenheim',1),(11769,'77972','Mahlberg',1),(11770,'77974','Meißenheim',1),(11771,'77975','Ringsheim',1),(11772,'77977','Rust',1),(11773,'77978','Schuttertal',1),(11774,'78048','Villingen-Schwenningen',1),(11775,'78050','Villingen-Schwenningen',1),(11776,'78052','Villingen-Schwenningen',1),(11777,'78054','Villingen-Schwenningen',1),(11778,'78056','Villingen-Schwenningen',1),(11779,'78073','Bad Dürrheim',1),(11780,'78078','Niedereschach',1),(11781,'78083','Dauchingen',1),(11782,'78086','Brigachtal',1),(11783,'78087','Mönchweiler',1),(11784,'78089','Unterkirnach',1),(11785,'78098','Triberg',1),(11786,'78112','Sankt Georgen im Schwarzwald',1),(11787,'78120','Furtwangen im Schwarzwald',1),(11788,'78126','Königsfeld im Schwarzwald',1),(11789,'78132','Hornberg',1),(11790,'78136','Schonach im Schwarzwald',1),(11791,'78141','Schönwald im Schwarzwald',1),(11792,'78144','Tennenbronn',1),(11793,'78147','Vöhrenbach',1),(11794,'78148','Gütenbach',1),(11795,'78166','Donaueschingen',1),(11796,'78176','Blumberg',1),(11797,'78183','Hüfingen',1),(11798,'78187','Geisingen',1),(11799,'78194','Immendingen',1),(11800,'78199','Bräunlingen',1),(11801,'78224','Singen',1),(11802,'78234','Engen',1),(11803,'78239','Rielasingen-Worblingen',1),(11804,'78244','Gottmadingen',1),(11805,'78247','Hilzingen',1),(11806,'78250','Tengen',1),(11807,'78253','Eigeltingen',1),(11808,'78256','Steißlingen',1),(11809,'78259','Mühlhausen-Ehingen',1),(11810,'78262','Gailingen am Hochrhein',1),(11811,'78266','Büsingen am Hochrhein',1),(11812,'78267','Aach',1),(11813,'78269','Volkertshausen',1),(11814,'78315','Radolfzell am Bodensee',1),(11815,'78333','Stockach',1),(11816,'78337','Öhningen',1),(11817,'78343','Gaienhofen',1),(11818,'78345','Moos',1),(11819,'78351','Bodman-Ludwigshafen',1),(11820,'78354','Sipplingen',1),(11821,'78355','Hohenfels',1),(11822,'78357','Mühlingen',1),(11823,'78359','Orsingen-Nenzingen',1),(11824,'78462','Konstanz',1),(11825,'78464','Konstanz',1),(11826,'78465','Konstanz',1),(11827,'78467','Konstanz',1),(11828,'78476','Allensbach',1),(11829,'78479','Reichenau',1),(11830,'78532','Tuttlingen',1),(11831,'78549','Spaichingen',1),(11832,'78554','Aldingen',1),(11833,'78559','Gosheim',1),(11834,'78564','Wehingen',1),(11835,'78564','Reichenbach am Heuberg',1),(11836,'78567','Fridingen an der Donau',1),(11837,'78570','Mühlheim an der Donau',1),(11838,'78573','Wurmlingen',1),(11839,'78576','Emmingen-Liptingen',1),(11840,'78579','Neuhausen ob Eck',1),(11841,'78580','Bärenthal',1),(11842,'78582','Balgheim',1),(11843,'78583','Böttingen',1),(11844,'78585','Bubsheim',1),(11845,'78586','Deilingen',1),(11846,'78588','Denkingen',1),(11847,'78589','Dürbheim',1),(11848,'78591','Durchhausen',1),(11849,'78592','Egesheim',1),(11850,'78594','Gunningen',1),(11851,'78595','Hausen ob Verena',1),(11852,'78597','Irndorf',1),(11853,'78598','Königsheim',1),(11854,'78600','Kolbingen',1),(11855,'78601','Mahlstetten',1),(11856,'78603','Renquishausen',1),(11857,'78604','Rietheim-Weilheim',1),(11858,'78606','Seitingen-Oberflacht',1),(11859,'78607','Talheim',1),(11860,'78609','Tuningen',1),(11861,'78628','Rottweil',1),(11862,'78647','Trossingen',1),(11863,'78652','Deißlingen',1),(11864,'78655','Dunningen',1),(11865,'78658','Zimmern ob Rottweil',1),(11866,'78661','Dietingen',1),(11867,'78662','Bösingen',1),(11868,'78664','Eschbronn',1),(11869,'78665','Frittlingen',1),(11870,'78667','Villingendorf',1),(11871,'78669','Wellendingen',1),(11872,'78713','Schramberg',1),(11873,'78727','Oberndorf am Neckar',1),(11874,'78730','Lauterbach',1),(11875,'78733','Aichhalden',1),(11876,'78736','Epfendorf',1),(11877,'78737','Fluorn-Winzeln',1),(11878,'78739','Hardt',1),(11879,'79098','Freiburg im Breisgau',1),(11880,'79100','Freiburg im Breisgau',1),(11881,'79102','Freiburg im Breisgau',1),(11882,'79104','Freiburg im Breisgau',1),(11883,'79106','Freiburg im Breisgau',1),(11884,'79108','Freiburg im Breisgau',1),(11885,'79110','Freiburg im Breisgau',1),(11886,'79111','Freiburg im Breisgau',1),(11887,'79112','Freiburg im Breisgau',1),(11888,'79114','Freiburg im Breisgau',1),(11889,'79115','Freiburg im Breisgau',1),(11890,'79117','Freiburg im Breisgau',1),(11891,'79183','Waldkirch',1),(11892,'79189','Bad Krozingen',1),(11893,'79194','Heuweiler',1),(11894,'79194','Gundelfingen',1),(11895,'79199','Kirchzarten',1),(11896,'79206','Breisach am Rhein',1),(11897,'79211','Denzlingen',1),(11898,'79215','Biederbach',1),(11899,'79215','Elzach',1),(11900,'79219','Staufen im Breisgau',1),(11901,'79224','Umkirch',1),(11902,'79227','Schallstadt',1),(11903,'79232','March',1),(11904,'79235','Vogtsburg im Kaiserstuhl',1),(11905,'79238','Ehrenkirchen',1),(11906,'79241','Ihringen',1),(11907,'79244','Münstertal',1),(11908,'79249','Merzhausen',1),(11909,'79252','Stegen',1),(11910,'79254','Oberried',1),(11911,'79256','Buchenbach',1),(11912,'79258','Hartheim',1),(11913,'79261','Gutach im Breisgau',1),(11914,'79263','Simonswald',1),(11915,'79268','Bötzingen',1),(11916,'79271','Sankt Peter',1),(11917,'79274','Sankt Märgen',1),(11918,'79276','Reute',1),(11919,'79279','Vörstetten',1),(11920,'79280','Au',1),(11921,'79282','Ballrechten-Dottingen',1),(11922,'79283','Bollschweil',1),(11923,'79285','Ebringen',1),(11924,'79286','Glottertal',1),(11925,'79288','Gottenheim',1),(11926,'79289','Horben',1),(11927,'79291','Merdingen',1),(11928,'79292','Pfaffenweiler',1),(11929,'79294','Sölden',1),(11930,'79295','Sulzburg',1),(11931,'79297','Winden im Elztal',1),(11932,'79299','Wittnau',1),(11933,'79312','Emmendingen',1),(11934,'79331','Teningen',1),(11935,'79336','Herbolzheim',1),(11936,'79341','Kenzingen',1),(11937,'79346','Endingen am Kaiserstuhl',1),(11938,'79348','Freiamt',1),(11939,'79350','Sexau',1),(11940,'79353','Bahlingen am Kaiserstuhl',1),(11941,'79356','Eichstetten am Kaiserstuhl',1),(11942,'79359','Riegel am Kaiserstuhl',1),(11943,'79361','Sasbach am Kaiserstuhl',1),(11944,'79362','Forchheim',1),(11945,'79364','Malterdingen',1),(11946,'79365','Rheinhausen',1),(11947,'79367','Weisweil',1),(11948,'79369','Wyhl am Kaiserstuhl',1),(11949,'79379','Müllheim',1),(11950,'79395','Neuenburg am Rhein',1),(11951,'79400','Kandern',1),(11952,'79410','Badenweiler',1),(11953,'79415','Bad Bellingen',1),(11954,'79418','Schliengen',1),(11955,'79423','Heitersheim',1),(11956,'79424','Auggen',1),(11957,'79426','Buggingen',1),(11958,'79427','Eschbach',1),(11959,'79429','Malsburg-Marzell',1),(11960,'79539','Lörrach',1),(11961,'79540','Lörrach',1),(11962,'79541','Lörrach',1),(11963,'79576','Weil am Rhein',1),(11964,'79585','Steinen',1),(11965,'79588','Efringen-Kirchen',1),(11966,'79589','Binzen',1),(11967,'79591','Eimeldingen',1),(11968,'79592','Fischingen',1),(11969,'79594','Inzlingen',1),(11970,'79595','Rümmingen',1),(11971,'79597','Schallbach',1),(11972,'79599','Wittlingen',1),(11973,'79618','Rheinfelden',1),(11974,'79639','Grenzach-Wyhlen',1),(11975,'79650','Schopfheim',1),(11976,'79664','Wehr',1),(11977,'79669','Zell im Wiesental',1),(11978,'79674','Todtnau',1),(11979,'79677','Aitern',1),(11980,'79677','Schönenberg',1),(11981,'79677','Schönau im Schwarzwald',1),(11982,'79677','Böllen',1),(11983,'79677','Wembach',1),(11984,'79677','Tunau',1),(11985,'79677','Fröhnd',1),(11986,'79682','Todtmoos',1),(11987,'79683','Bürchau',1),(11988,'79685','Häg-Ehrsberg',1),(11989,'79686','Hasel',1),(11990,'79688','Hausen im Wiesental',1),(11991,'79689','Maulburg',1),(11992,'79691','Neuenweg',1),(11993,'79692','Raich',1),(11994,'79692','Tegernau',1),(11995,'79692','Sallneck',1),(11996,'79692','Elbenschwand',1),(11997,'79694','Utzenfeld',1),(11998,'79695','Wieden',1),(11999,'79697','Wies',1),(12000,'79699','Wieslet',1),(12001,'79713','Bad Säckingen',1),(12002,'79725','Laufenburg',1),(12003,'79730','Murg',1),(12004,'79733','Görwihl',1),(12005,'79736','Rickenbach',1),(12006,'79737','Herrischried',1),(12007,'79739','Schwörstadt',1),(12008,'79761','Waldshut-Tiengen',1),(12009,'79771','Klettgau',1),(12010,'79774','Albbruck',1),(12011,'79777','Ühlingen-Birkendorf',1),(12012,'79780','Stühlingen',1),(12013,'79787','Lauchringen',1),(12014,'79790','Küssaberg',1),(12015,'79793','Wutöschingen',1),(12016,'79798','Jestetten',1),(12017,'79801','Hohentengen am Hochrhein',1),(12018,'79802','Dettighofen',1),(12019,'79804','Dogern',1),(12020,'79805','Eggingen',1),(12021,'79807','Lottstetten',1),(12022,'79809','Weilheim',1),(12023,'79822','Titisee-Neustadt',1),(12024,'79837','Häusern',1),(12025,'79837','Sankt Blasien',1),(12026,'79837','Ibach',1),(12027,'79843','Löffingen',1),(12028,'79848','Bonndorf im Schwarzwald',1),(12029,'79853','Lenzkirch',1),(12030,'79856','Hinterzarten',1),(12031,'79859','Schluchsee',1),(12032,'79862','Höchenschwand',1),(12033,'79865','Grafenhausen',1),(12034,'79868','Feldberg',1),(12035,'79871','Eisenbach (Hochschwarzwald)',1),(12036,'79872','Bernau',1),(12037,'79874','Breitnau',1),(12038,'79875','Dachsberg',1),(12039,'79877','Friedenweiler',1),(12040,'79879','Wutach',1),(12041,'80331','München',1),(12042,'80333','München',1),(12043,'80335','München',1),(12044,'80336','München',1),(12045,'80337','München',1),(12046,'80339','München',1),(12047,'80469','München',1),(12048,'80538','München',1),(12049,'80539','München',1),(12050,'80634','München',1),(12051,'80636','München',1),(12052,'80637','München',1),(12053,'80638','München',1),(12054,'80639','München',1),(12055,'80686','München',1),(12056,'80687','München',1),(12057,'80689','München',1),(12058,'80796','München',1),(12059,'80797','München',1),(12060,'80798','München',1),(12061,'80799','München',1),(12062,'80801','München',1),(12063,'80802','München',1),(12064,'80803','München',1),(12065,'80804','München',1),(12066,'80805','München',1),(12067,'80807','München',1),(12068,'80809','München',1),(12069,'80933','München',1),(12070,'80935','München',1),(12071,'80937','München',1),(12072,'80939','München',1),(12073,'80992','München',1),(12074,'80993','München',1),(12075,'80995','München',1),(12076,'80997','München',1),(12077,'80999','München',1),(12078,'81241','München',1),(12079,'81243','München',1),(12080,'81245','München',1),(12081,'81247','München',1),(12082,'81249','München',1),(12083,'81369','München',1),(12084,'81371','München',1),(12085,'81373','München',1),(12086,'81375','München',1),(12087,'81377','München',1),(12088,'81379','München',1),(12089,'81475','München',1),(12090,'81476','München',1),(12091,'81477','München',1),(12092,'81479','München',1),(12093,'81539','München',1),(12094,'81541','München',1),(12095,'81543','München',1),(12096,'81545','München',1),(12097,'81547','München',1),(12098,'81549','München',1),(12099,'81667','München',1),(12100,'81669','München',1),(12101,'81671','München',1),(12102,'81673','München',1),(12103,'81675','München',1),(12104,'81677','München',1),(12105,'81679','München',1),(12106,'81735','München',1),(12107,'81737','München',1),(12108,'81739','München',1),(12109,'81825','München',1),(12110,'81827','München',1),(12111,'81829','München',1),(12112,'81925','München',1),(12113,'81927','München',1),(12114,'81929','München',1),(12115,'82008','Unterhaching',1),(12116,'82024','Taufkirchen',1),(12117,'82031','Grünwald',1),(12118,'82041','Oberhaching',1),(12119,'82049','Pullach im Isartal',1),(12120,'82054','Sauerlach',1),(12121,'82057','Icking',1),(12122,'82061','Neuried',1),(12123,'82064','Straßlach-Dingharting',1),(12124,'82065','Baierbrunn',1),(12125,'82069','Schäftlarn',1),(12126,'82110','Germering',1),(12127,'82131','Gauting',1),(12128,'82140','Olching',1),(12129,'82152','Planegg',1),(12130,'82152','Krailling',1),(12131,'82166','Gräfelfing',1),(12132,'82178','Puchheim',1),(12133,'82194','Gröbenzell',1),(12134,'82205','Gilching',1),(12135,'82211','Herrsching am Ammersee',1),(12136,'82216','Maisach',1),(12137,'82223','Eichenau',1),(12138,'82229','Seefeld',1),(12139,'82234','Weßling',1),(12140,'82237','Wörthsee',1),(12141,'82239','Alling',1),(12142,'82256','Fürstenfeldbruck',1),(12143,'82266','Inning am Ammersee',1),(12144,'82269','Geltendorf',1),(12145,'82272','Moorenweis',1),(12146,'82275','Emmering',1),(12147,'82276','Adelshofen',1),(12148,'82278','Althegnenberg',1),(12149,'82279','Eching am Ammersee',1),(12150,'82281','Egenhofen',1),(12151,'82284','Grafrath',1),(12152,'82285','Hattenhofen',1),(12153,'82287','Jesenwang',1),(12154,'82288','Kottgeisering',1),(12155,'82290','Landsberied',1),(12156,'82291','Mammendorf',1),(12157,'82293','Mittelstetten',1),(12158,'82294','Oberschweinbach',1),(12159,'82296','Schöngeising',1),(12160,'82297','Steindorf',1),(12161,'82299','Türkenfeld',1),(12162,'82319','Starnberg',1),(12163,'82327','Tutzing',1),(12164,'82335','Berg',1),(12165,'82340','Feldafing',1),(12166,'82343','Pöcking',1),(12167,'82346','Andechs',1),(12168,'82347','Bernried',1),(12169,'82362','Weilheim in Oberbayern',1),(12170,'82377','Penzberg',1),(12171,'82380','Peißenberg',1),(12172,'82383','Hohenpeißenberg',1),(12173,'82386','Oberhausen',1),(12174,'82386','Huglfing',1),(12175,'82387','Antdorf',1),(12176,'82389','Böbing',1),(12177,'82390','Eberfing',1),(12178,'82392','Habach',1),(12179,'82393','Iffeldorf',1),(12180,'82395','Obersöchering',1),(12181,'82396','Pähl',1),(12182,'82398','Polling',1),(12183,'82399','Raisting',1),(12184,'82401','Rottenbuch',1),(12185,'82402','Seeshaupt',1),(12186,'82404','Sindelsdorf',1),(12187,'82405','Wessobrunn',1),(12188,'82407','Wielenbach',1),(12189,'82409','Wildsteig',1),(12190,'82418','Murnau am Staffelsee',1),(12191,'82418','Riegsee',1),(12192,'82418','Seehausen am Staffelsee',1),(12193,'82431','Kochel am See',1),(12194,'82433','Bad Kohlgrub',1),(12195,'82435','Bad Bayersoien',1),(12196,'82436','Eglfing',1),(12197,'82438','Eschenlohe',1),(12198,'82439','Großweil',1),(12199,'82441','Ohlstadt',1),(12200,'82442','Saulgrub',1),(12201,'82444','Schlehdorf',1),(12202,'82445','Schwaigen',1),(12203,'82447','Spatzenhausen',1),(12204,'82449','Uffing am Staffelsee',1),(12205,'82467','Garmisch-Partenkirchen',1),(12206,'82481','Mittenwald',1),(12207,'82487','Oberammergau',1),(12208,'82488','Ettal',1),(12209,'82490','Farchant',1),(12210,'82491','Grainau',1),(12211,'82494','Krün',1),(12212,'82496','Oberau',1),(12213,'82497','Unterammergau',1),(12214,'82499','Wallgau',1),(12215,'82515','Wolfratshausen',1),(12216,'82538','Geretsried',1),(12217,'82541','Münsing',1),(12218,'82544','Egling',1),(12219,'82547','Eurasburg',1),(12220,'82549','Königsdorf',1),(12221,'83022','Rosenheim',1),(12222,'83024','Rosenheim',1),(12223,'83026','Rosenheim',1),(12224,'83043','Bad Aibling',1),(12225,'83052','Bruckmühl',1),(12226,'83059','Kolbermoor',1),(12227,'83064','Raubling',1),(12228,'83071','Stephanskirchen',1),(12229,'83075','Bad Feilnbach',1),(12230,'83080','Oberaudorf',1),(12231,'83083','Riedering',1),(12232,'83088','Kiefersfelden',1),(12233,'83093','Bad Endorf',1),(12234,'83098','Brannenburg',1),(12235,'83101','Rohrdorf',1),(12236,'83104','Tuntenhausen',1),(12237,'83109','Großkarolinenfeld',1),(12238,'83112','Frasdorf',1),(12239,'83115','Neubeuern',1),(12240,'83119','Obing',1),(12241,'83122','Samerberg',1),(12242,'83123','Amerang',1),(12243,'83125','Eggstätt',1),(12244,'83126','Flintsbach',1),(12245,'83128','Halfing',1),(12246,'83129','Höslwang',1),(12247,'83131','Nußdorf am Inn',1),(12248,'83132','Pittenhart',1),(12249,'83134','Prutting',1),(12250,'83135','Schechen',1),(12251,'83137','Schonstett',1),(12252,'83139','Söchtenau',1),(12253,'83209','Prien am Chiemsee',1),(12254,'83224','Grassau',1),(12255,'83224','Staudach-Egerndach',1),(12256,'83229','Aschau im Chiemgau',1),(12257,'83233','Bernau am Chiemsee',1),(12258,'83236','Übersee',1),(12259,'83242','Reit im Winkl',1),(12260,'83246','Unterwössen',1),(12261,'83250','Marquartstein',1),(12262,'83253','Rimsting',1),(12263,'83254','Breitbrunn am Chiemsee',1),(12264,'83256','Chiemsee',1),(12265,'83257','Gstadt am Chiemsee',1),(12266,'83259','Schleching',1),(12267,'83278','Traunstein',1),(12268,'83301','Traunreut',1),(12269,'83308','Trostberg',1),(12270,'83313','Siegsdorf',1),(12271,'83317','Teisendorf',1),(12272,'83324','Ruhpolding',1),(12273,'83329','Wonneberg',1),(12274,'83329','Waging am See',1),(12275,'83334','Inzell',1),(12276,'83339','Chieming',1),(12277,'83342','Tacherting',1),(12278,'83346','Bergen',1),(12279,'83349','Palling',1),(12280,'83352','Altenmarkt an der Alz',1),(12281,'83355','Grabenstätt',1),(12282,'83358','Seeon-Seebruck',1),(12283,'83361','Kienberg',1),(12284,'83362','Surberg',1),(12285,'83365','Nußdorf',1),(12286,'83367','Petting',1),(12287,'83370','Seeon-Seebruck',1),(12288,'83373','Taching am See',1),(12289,'83377','Vachendorf',1),(12290,'83395','Freilassing',1),(12291,'83404','Ainring',1),(12292,'83410','Laufen',1),(12293,'83413','Fridolfing',1),(12294,'83416','Saaldorf-Surheim',1),(12295,'83417','Kirchanschöring',1),(12296,'83435','Bad Reichenhall',1),(12297,'83451','Piding',1),(12298,'83454','Anger',1),(12299,'83457','Bayerisch Gmain',1),(12300,'83458','Schneizlreuth',1),(12301,'83471','Schönau am Königssee',1),(12302,'83471','Berchtesgaden',1),(12303,'83483','Bischofswiesen',1),(12304,'83486','Ramsau',1),(12305,'83487','Marktschellenberg',1),(12306,'83512','Wasserburg am Inn',1),(12307,'83527','Kirchdorf',1),(12308,'83527','Haag in Oberbayern',1),(12309,'83530','Schnaitsee',1),(12310,'83533','Edling',1),(12311,'83536','Gars am Inn',1),(12312,'83539','Albaching',1),(12313,'83539','Pfaffing',1),(12314,'83543','Rott am Inn',1),(12315,'83547','Babensham',1),(12316,'83549','Eiselfing',1),(12317,'83550','Emmering',1),(12318,'83553','Frauenneuharting',1),(12319,'83556','Griesstätt',1),(12320,'83558','Maitenbeth',1),(12321,'83561','Ramerberg',1),(12322,'83562','Rechtmehring',1),(12323,'83564','Soyen',1),(12324,'83567','Unterreit',1),(12325,'83569','Vogtareuth',1),(12326,'83607','Holzkirchen',1),(12327,'83620','Feldkirchen-Westerham',1),(12328,'83623','Dietramszell',1),(12329,'83624','Otterfing',1),(12330,'83626','Valley',1),(12331,'83627','Warngau',1),(12332,'83629','Weyarn',1),(12333,'83646','Bad Tölz',1),(12334,'83646','Wackersberg',1),(12335,'83661','Lenggries',1),(12336,'83666','Waakirchen',1),(12337,'83670','Bad Heilbrunn',1),(12338,'83671','Benediktbeuern',1),(12339,'83673','Bichl',1),(12340,'83674','Gaißach',1),(12341,'83676','Jachenau',1),(12342,'83677','Greiling',1),(12343,'83677','Reichersbeuern',1),(12344,'83679','Sachsenkam',1),(12345,'83684','Tegernsee',1),(12346,'83700','Rottach-Egern',1),(12347,'83703','Gmund am Tegernsee',1),(12348,'83707','Bad Wiessee',1),(12349,'83708','Kreuth',1),(12350,'83714','Miesbach',1),(12351,'83727','Schliersee',1),(12352,'83730','Fischbachau',1),(12353,'83734','Hausham',1),(12354,'83735','Bayrischzell',1),(12355,'83737','Irschenberg',1),(12356,'84028','Landshut',1),(12357,'84030','Landshut',1),(12358,'84030','Ergolding',1),(12359,'84032','Landshut',1),(12360,'84032','Altdorf',1),(12361,'84034','Landshut',1),(12362,'84036','Landshut',1),(12363,'84036','Kumhausen',1),(12364,'84048','Mainburg',1),(12365,'84051','Essenbach',1),(12366,'84056','Rottenburg an der Laaber',1),(12367,'84061','Ergoldsbach',1),(12368,'84066','Mallersdorf-Pfaffenberg',1),(12369,'84069','Schierling',1),(12370,'84072','Au in der Hallertau',1),(12371,'84076','Pfeffenhausen',1),(12372,'84079','Bruckberg',1),(12373,'84082','Laberweinting',1),(12374,'84085','Langquaid',1),(12375,'84088','Neufahrn in Niederbayern',1),(12376,'84089','Aiglsbach',1),(12377,'84091','Attenhofen',1),(12378,'84092','Bayerbach',1),(12379,'84094','Elsendorf',1),(12380,'84095','Furth',1),(12381,'84097','Herrngiersdorf',1),(12382,'84098','Hohenthann',1),(12383,'84100','Niederaichbach',1),(12384,'84101','Obersüßbach',1),(12385,'84103','Postau',1),(12386,'84104','Rudelzhausen',1),(12387,'84106','Volkenschwand',1),(12388,'84107','Weihmichl',1),(12389,'84109','Wörth an der Isar',1),(12390,'84130','Dingolfing',1),(12391,'84137','Vilsbiburg',1),(12392,'84140','Gangkofen',1),(12393,'84144','Geisenhausen',1),(12394,'84149','Velden',1),(12395,'84152','Mengkofen',1),(12396,'84155','Bodenkirchen',1),(12397,'84160','Frontenhausen',1),(12398,'84163','Marklkofen',1),(12399,'84164','Moosthenning',1),(12400,'84166','Adlkofen',1),(12401,'84168','Aham',1),(12402,'84169','Altfraunhofen',1),(12403,'84171','Baierbach',1),(12404,'84172','Buch am Erlbach',1),(12405,'84174','Eching',1),(12406,'84175','Schalkham',1),(12407,'84175','Gerzen',1),(12408,'84177','Gottfrieding',1),(12409,'84178','Kröning',1),(12410,'84180','Loiching',1),(12411,'84181','Neufraunhofen',1),(12412,'84183','Niederviehbach',1),(12413,'84184','Tiefenbach',1),(12414,'84186','Vilsheim',1),(12415,'84187','Weng',1),(12416,'84189','Wurmsham',1),(12417,'84307','Eggenfelden',1),(12418,'84323','Massing',1),(12419,'84326','Falkenberg',1),(12420,'84326','Rimbach',1),(12421,'84329','Wurmannsquick',1),(12422,'84332','Hebertsfelden',1),(12423,'84333','Malgersdorf',1),(12424,'84335','Mitterskirchen',1),(12425,'84337','Schönau',1),(12426,'84339','Unterdietfurt',1),(12427,'84347','Pfarrkirchen',1),(12428,'84359','Simbach am Inn',1),(12429,'84364','Bad Birnbach',1),(12430,'84367','Tann',1),(12431,'84367','Reut',1),(12432,'84367','Zeilarn',1),(12433,'84371','Triftern',1),(12434,'84375','Kirchdorf am Inn',1),(12435,'84378','Dietersburg',1),(12436,'84381','Johanniskirchen',1),(12437,'84384','Wittibreut',1),(12438,'84385','Egglham',1),(12439,'84387','Julbach',1),(12440,'84389','Postmünster',1),(12441,'84405','Dorfen',1),(12442,'84416','Taufkirchen (Vils)',1),(12443,'84416','Inning am Holz',1),(12444,'84419','Obertaufkirchen',1),(12445,'84419','Schwindegg',1),(12446,'84424','Isen',1),(12447,'84427','Sankt Wolfgang',1),(12448,'84428','Buchbach',1),(12449,'84431','Rattenkirchen',1),(12450,'84431','Heldenstein',1),(12451,'84432','Hohenpolding',1),(12452,'84434','Kirchberg',1),(12453,'84435','Lengdorf',1),(12454,'84437','Reichertsheim',1),(12455,'84439','Steinkirchen',1),(12456,'84453','Mühldorf am Inn',1),(12457,'84478','Waldkraiburg',1),(12458,'84489','Burghausen',1),(12459,'84494','Lohkirchen',1),(12460,'84494','Niedertaufkirchen',1),(12461,'84494','Neumarkt-Sankt Veit',1),(12462,'84494','Niederbergkirchen',1),(12463,'84503','Altötting',1),(12464,'84508','Burgkirchen an der Alz',1),(12465,'84513','Töging am Inn',1),(12466,'84513','Erharting',1),(12467,'84518','Garching an der Alz',1),(12468,'84524','Neuötting',1),(12469,'84529','Tittmoning',1),(12470,'84533','Stammham',1),(12471,'84533','Marktl',1),(12472,'84533','Haiming',1),(12473,'84539','Ampfing',1),(12474,'84539','Zangberg',1),(12475,'84543','Winhöring',1),(12476,'84544','Aschau am Inn',1),(12477,'84546','Egglkofen',1),(12478,'84547','Emmerting',1),(12479,'84549','Engelsberg',1),(12480,'84550','Feichten an der Alz',1),(12481,'84552','Geratskirchen',1),(12482,'84555','Jettenbach',1),(12483,'84556','Kastl',1),(12484,'84558','Halsbach',1),(12485,'84558','Tyrlaching',1),(12486,'84558','Kirchweidach',1),(12487,'84559','Kraiburg am Inn',1),(12488,'84561','Mehring',1),(12489,'84562','Mettenheim',1),(12490,'84564','Oberbergkirchen',1),(12491,'84565','Oberneukirchen',1),(12492,'84567','Perach',1),(12493,'84567','Erlbach',1),(12494,'84568','Pleiskirchen',1),(12495,'84570','Polling',1),(12496,'84571','Reischach',1),(12497,'84573','Schönberg',1),(12498,'84574','Taufkirchen',1),(12499,'84576','Teising',1),(12500,'84577','Tüßling',1),(12501,'84579','Unterneukirchen',1),(12502,'85049','Ingolstadt',1),(12503,'85051','Ingolstadt',1),(12504,'85053','Ingolstadt',1),(12505,'85055','Ingolstadt',1),(12506,'85057','Ingolstadt',1),(12507,'85072','Eichstätt',1),(12508,'85077','Manching',1),(12509,'85080','Gaimersheim',1),(12510,'85084','Reichertshofen',1),(12511,'85088','Vohburg an der Donau',1),(12512,'85092','Kösching',1),(12513,'85095','Denkendorf',1),(12514,'85098','Großmehring',1),(12515,'85101','Lenting',1),(12516,'85104','Pförring',1),(12517,'85107','Baar-Ebenhausen',1),(12518,'85110','Kipfenberg',1),(12519,'85111','Adelschlag',1),(12520,'85113','Böhmfeld',1),(12521,'85114','Buxheim',1),(12522,'85116','Egweil',1),(12523,'85117','Eitensheim',1),(12524,'85119','Ernsgaden',1),(12525,'85120','Hepberg',1),(12526,'85122','Hitzhofen',1),(12527,'85123','Karlskron',1),(12528,'85125','Kinding',1),(12529,'85126','Münchsmünster',1),(12530,'85128','Nassenfels',1),(12531,'85129','Oberdolling',1),(12532,'85131','Pollenfeld',1),(12533,'85132','Schernfeld',1),(12534,'85134','Stammham',1),(12535,'85135','Titting',1),(12536,'85137','Walting',1),(12537,'85139','Wettstetten',1),(12538,'85221','Dachau',1),(12539,'85229','Markt Indersdorf',1),(12540,'85232','Bergkirchen',1),(12541,'85235','Odelzhausen',1),(12542,'85235','Pfaffenhofen an der Glonn',1),(12543,'85238','Petershausen',1),(12544,'85241','Hebertshausen',1),(12545,'85244','Röhrmoos',1),(12546,'85247','Schwabhausen',1),(12547,'85250','Altomünster',1),(12548,'85253','Erdweg',1),(12549,'85254','Sulzemoos',1),(12550,'85256','Vierkirchen',1),(12551,'85258','Weichs',1),(12552,'85276','Hettenshausen',1),(12553,'85276','Pfaffenhofen an der Ilm',1),(12554,'85283','Wolnzach',1),(12555,'85290','Geisenfeld',1),(12556,'85293','Reichertshausen',1),(12557,'85296','Rohrbach',1),(12558,'85298','Scheyern',1),(12559,'85301','Schweitenkirchen',1),(12560,'85302','Gerolsbach',1),(12561,'85304','Ilmmünster',1),(12562,'85305','Jetzendorf',1),(12563,'85307','Paunzhausen',1),(12564,'85309','Pörnbach',1),(12565,'85354','Freising',1),(12566,'85356','Freising',1),(12567,'85368','Wang',1),(12568,'85368','Moosburg',1),(12569,'85375','Neufahrn bei Freising',1),(12570,'85386','Eching',1),(12571,'85391','Allershausen',1),(12572,'85395','Attenkirchen',1),(12573,'85395','Wolfersdorf',1),(12574,'85399','Hallbergmoos',1),(12575,'85402','Kranzberg',1),(12576,'85405','Nandlstadt',1),(12577,'85406','Zolling',1),(12578,'85408','Gammelsdorf',1),(12579,'85410','Haag an der Amper',1),(12580,'85411','Hohenkammer',1),(12581,'85413','Hörgertshausen',1),(12582,'85414','Kirchdorf an der Amper',1),(12583,'85416','Langenbach',1),(12584,'85417','Marzling',1),(12585,'85419','Mauern',1),(12586,'85435','Erding',1),(12587,'85445','Oberding',1),(12588,'85447','Fraunberg',1),(12589,'85452','Moosinning',1),(12590,'85456','Wartenberg',1),(12591,'85457','Wörth',1),(12592,'85459','Berglern',1),(12593,'85461','Bockhorn',1),(12594,'85462','Eitting',1),(12595,'85464','Finsing',1),(12596,'85465','Langenpreising',1),(12597,'85467','Neuching',1),(12598,'85469','Walpertskirchen',1),(12599,'85521','Ottobrunn',1),(12600,'85540','Haar',1),(12601,'85551','Kirchheim bei München',1),(12602,'85560','Ebersberg',1),(12603,'85567','Bruck',1),(12604,'85567','Grafing bei München',1),(12605,'85570','Markt Schwaben',1),(12606,'85570','Ottenhofen',1),(12607,'85579','Neubiberg',1),(12608,'85586','Poing',1),(12609,'85591','Vaterstetten',1),(12610,'85604','Zorneding',1),(12611,'85609','Aschheim',1),(12612,'85614','Kirchseeon',1),(12613,'85617','Aßling',1),(12614,'85622','Feldkirchen',1),(12615,'85625','Baiern',1),(12616,'85625','Glonn',1),(12617,'85630','Grasbrunn',1),(12618,'85635','Höhenkirchen-Siegertsbrunn',1),(12619,'85640','Putzbrunn',1),(12620,'85643','Steinhöring',1),(12621,'85646','Anzing',1),(12622,'85649','Brunnthal',1),(12623,'85652','Pliening',1),(12624,'85653','Aying',1),(12625,'85656','Buch am Buchrain',1),(12626,'85658','Egmating',1),(12627,'85659','Forstern',1),(12628,'85661','Forstinning',1),(12629,'85662','Hohenbrunn',1),(12630,'85664','Hohenlinden',1),(12631,'85665','Moosach',1),(12632,'85667','Oberpframmern',1),(12633,'85669','Pastetten',1),(12634,'85716','Unterschleißheim',1),(12635,'85737','Ismaning',1),(12636,'85748','Garching bei München',1),(12637,'85757','Karlsfeld',1),(12638,'85764','Oberschleißheim',1),(12639,'85774','Unterföhring',1),(12640,'85777','Fahrenzhausen',1),(12641,'85778','Haimhausen',1),(12642,'86150','Augsburg',1),(12643,'86152','Augsburg',1),(12644,'86153','Augsburg',1),(12645,'86154','Augsburg',1),(12646,'86156','Augsburg',1),(12647,'86157','Augsburg',1),(12648,'86159','Augsburg',1),(12649,'86161','Augsburg',1),(12650,'86163','Augsburg',1),(12651,'86165','Augsburg',1),(12652,'86167','Augsburg',1),(12653,'86169','Augsburg',1),(12654,'86179','Augsburg',1),(12655,'86199','Augsburg',1),(12656,'86316','Friedberg',1),(12657,'86343','Königsbrunn',1),(12658,'86356','Neusäß',1),(12659,'86368','Gersthofen',1),(12660,'86381','Krumbach',1),(12661,'86391','Stadtbergen',1),(12662,'86399','Bobingen',1),(12663,'86405','Meitingen',1),(12664,'86415','Mering',1),(12665,'86420','Diedorf',1),(12666,'86424','Dinkelscherben',1),(12667,'86438','Kissing',1),(12668,'86441','Zusmarshausen',1),(12669,'86444','Affing',1),(12670,'86447','Aindling',1),(12671,'86447','Todtenweis',1),(12672,'86450','Altenmünster',1),(12673,'86453','Dasing',1),(12674,'86456','Gablingen',1),(12675,'86459','Gessertshausen',1),(12676,'86462','Langweid am Lech',1),(12677,'86465','Heretsried',1),(12678,'86465','Welden',1),(12679,'86470','Thannhausen',1),(12680,'86473','Ziemetshausen',1),(12681,'86476','Neuburg an der Kammel',1),(12682,'86477','Adelsried',1),(12683,'86479','Aichen',1),(12684,'86480','Aletshausen',1),(12685,'86480','Waltenhausen',1),(12686,'86482','Aystetten',1),(12687,'86483','Balzhausen',1),(12688,'86485','Biberbach',1),(12689,'86486','Bonstetten',1),(12690,'86488','Breitenthal',1),(12691,'86489','Deisenhausen',1),(12692,'86491','Ebershausen',1),(12693,'86492','Egling an der Paar',1),(12694,'86494','Emersacker',1),(12695,'86495','Eurasburg',1),(12696,'86497','Horgau',1),(12697,'86498','Kettershausen',1),(12698,'86500','Kutzenhausen',1),(12699,'86502','Laugna',1),(12700,'86504','Merching',1),(12701,'86505','Münsterhausen',1),(12702,'86507','Oberottmarshausen',1),(12703,'86507','Kleinaitingen',1),(12704,'86508','Rehling',1),(12705,'86510','Ried',1),(12706,'86511','Schmiechen',1),(12707,'86513','Ursberg',1),(12708,'86514','Ustersbach',1),(12709,'86517','Wehringen',1),(12710,'86519','Wiesenbach',1),(12711,'86529','Schrobenhausen',1),(12712,'86551','Aichach',1),(12713,'86554','Pöttmes',1),(12714,'86556','Kühbach',1),(12715,'86558','Hohenwart',1),(12716,'86559','Adelzhausen',1),(12717,'86561','Aresing',1),(12718,'86562','Berg im Gau',1),(12719,'86564','Brunnen',1),(12720,'86565','Gachenbach',1),(12721,'86567','Hilgertshausen-Tandern',1),(12722,'86568','Hollenbach',1),(12723,'86570','Inchenhofen',1),(12724,'86571','Langenmosen',1),(12725,'86573','Obergriesbach',1),(12726,'86574','Petersdorf',1),(12727,'86576','Schiltberg',1),(12728,'86577','Sielenbach',1),(12729,'86579','Waidhofen',1),(12730,'86609','Donauwörth',1),(12731,'86633','Neuburg an der Donau',1),(12732,'86637','Wertingen',1),(12733,'86641','Rain',1),(12734,'86643','Rennertshofen',1),(12735,'86647','Buttenwiesen',1),(12736,'86650','Wemding',1),(12737,'86653','Monheim',1),(12738,'86653','Daiting',1),(12739,'86655','Harburg',1),(12740,'86657','Bissingen',1),(12741,'86660','Tapfheim',1),(12742,'86663','Asbach-Bäumenheim',1),(12743,'86666','Burgheim',1),(12744,'86668','Karlshuld',1),(12745,'86669','Königsmoos',1),(12746,'86672','Baar',1),(12747,'86672','Thierhaupten',1),(12748,'86673','Bergheim',1),(12749,'86675','Buchdorf',1),(12750,'86676','Ehekirchen',1),(12751,'86678','Ehingen',1),(12752,'86679','Ellgau',1),(12753,'86681','Fünfstetten',1),(12754,'86682','Genderkingen',1),(12755,'86684','Holzheim',1),(12756,'86685','Huisheim',1),(12757,'86687','Kaisheim',1),(12758,'86688','Marxheim',1),(12759,'86690','Mertingen',1),(12760,'86692','Münster',1),(12761,'86694','Niederschönenfeld',1),(12762,'86695','Allmannshofen',1),(12763,'86695','Nordendorf',1),(12764,'86697','Oberhausen',1),(12765,'86698','Oberndorf am Lech',1),(12766,'86700','Otting',1),(12767,'86701','Rohrenfels',1),(12768,'86703','Rögling',1),(12769,'86704','Tagmersheim',1),(12770,'86706','Weichering',1),(12771,'86707','Kühlenthal',1),(12772,'86707','Westendorf',1),(12773,'86709','Wolferstadt',1),(12774,'86720','Nördlingen',1),(12775,'86732','Oettingen in Bayern',1),(12776,'86733','Alerheim',1),(12777,'86735','Forheim',1),(12778,'86735','Amerdingen',1),(12779,'86736','Auhausen',1),(12780,'86738','Deiningen',1),(12781,'86739','Ederheim',1),(12782,'86741','Ehingen am Ries',1),(12783,'86742','Fremdingen',1),(12784,'86744','Hainsfarth',1),(12785,'86745','Hohenaltheim',1),(12786,'86747','Maihingen',1),(12787,'86748','Marktoffingen',1),(12788,'86750','Megesheim',1),(12789,'86751','Mönchsdeggingen',1),(12790,'86753','Möttingen',1),(12791,'86754','Munningen',1),(12792,'86756','Reimlingen',1),(12793,'86757','Wallerstein',1),(12794,'86759','Wechingen',1),(12795,'86807','Buchloe',1),(12796,'86825','Bad Wörishofen',1),(12797,'86830','Schwabmünchen',1),(12798,'86833','Ettringen',1),(12799,'86836','Untermeitingen',1),(12800,'86836','Graben',1),(12801,'86836','Klosterlechfeld',1),(12802,'86836','Obermeitingen',1),(12803,'86842','Türkheim',1),(12804,'86845','Großaitingen',1),(12805,'86850','Fischach',1),(12806,'86853','Langerringen',1),(12807,'86854','Amberg',1),(12808,'86856','Hiltenfingen',1),(12809,'86857','Hurlach',1),(12810,'86859','Igling',1),(12811,'86860','Jengen',1),(12812,'86862','Lamerdingen',1),(12813,'86863','Langenneufnach',1),(12814,'86865','Markt Wald',1),(12815,'86866','Mickhausen',1),(12816,'86868','Mittelneufnach',1),(12817,'86869','Oberostendorf',1),(12818,'86871','Rammingen',1),(12819,'86872','Scherstetten',1),(12820,'86874','Tussenhausen',1),(12821,'86875','Waal',1),(12822,'86877','Walkertshofen',1),(12823,'86879','Wiedergeltingen',1),(12824,'86899','Landsberg am Lech',1),(12825,'86911','Dießen am Ammersee',1),(12826,'86916','Kaufering',1),(12827,'86919','Utting am Ammersee',1),(12828,'86920','Denklingen',1),(12829,'86922','Eresing',1),(12830,'86923','Finning',1),(12831,'86925','Fuchstal',1),(12832,'86926','Greifenberg',1),(12833,'86928','Hofstetten',1),(12834,'86929','Penzing',1),(12835,'86931','Prittriching',1),(12836,'86932','Pürgen',1),(12837,'86934','Reichling',1),(12838,'86935','Rott',1),(12839,'86937','Scheuring',1),(12840,'86938','Schondorf am Ammersee',1),(12841,'86940','Schwifting',1),(12842,'86943','Thaining',1),(12843,'86944','Unterdießen',1),(12844,'86946','Vilgertshofen',1),(12845,'86947','Weil',1),(12846,'86949','Windach',1),(12847,'86956','Schongau',1),(12848,'86971','Peiting',1),(12849,'86972','Altenstadt',1),(12850,'86974','Apfeldorf',1),(12851,'86975','Bernbeuren',1),(12852,'86977','Burggen',1),(12853,'86978','Hohenfurch',1),(12854,'86980','Ingenried',1),(12855,'86981','Kinsau',1),(12856,'86983','Lechbruck',1),(12857,'86984','Prem',1),(12858,'86986','Schwabbruck',1),(12859,'86987','Schwabsoien',1),(12860,'86989','Steingaden',1),(12861,'87435','Kempten',1),(12862,'87437','Kempten',1),(12863,'87439','Kempten',1),(12864,'87448','Waltenhofen',1),(12865,'87452','Altusried',1),(12866,'87459','Pfronten',1),(12867,'87463','Dietmannsried',1),(12868,'87466','Oy-Mittelberg',1),(12869,'87471','Durach',1),(12870,'87474','Buchenberg',1),(12871,'87477','Sulzberg',1),(12872,'87480','Weitnau',1),(12873,'87484','Nesselwang',1),(12874,'87487','Wiggensbach',1),(12875,'87488','Betzigau',1),(12876,'87490','Haldenwang',1),(12877,'87493','Lauben',1),(12878,'87494','Rückholz',1),(12879,'87496','Untrasried',1),(12880,'87497','Wertach',1),(12881,'87499','Wildpoldsried',1),(12882,'87509','Immenstadt im Allgäu',1),(12883,'87527','Sonthofen',1),(12884,'87527','Ofterschwang',1),(12885,'87534','Oberstaufen',1),(12886,'87538','Bolsterlang',1),(12887,'87538','Obermaiselstein',1),(12888,'87538','Balderschwang',1),(12889,'87538','Fischen im Allgäu',1),(12890,'87541','Bad Hindelang',1),(12891,'87544','Blaichach',1),(12892,'87545','Burgberg im Allgäu',1),(12893,'87547','Missen-Wilhams',1),(12894,'87549','Rettenberg',1),(12895,'87561','Oberstdorf',1),(12896,'87600','Kaufbeuren',1),(12897,'87616','Marktoberdorf',1),(12898,'87616','Wald',1),(12899,'87629','Füssen',1),(12900,'87634','Günzach',1),(12901,'87634','Obergünzburg',1),(12902,'87637','Seeg',1),(12903,'87637','Eisenberg',1),(12904,'87640','Biessenhofen',1),(12905,'87642','Halblech',1),(12906,'87645','Schwangau',1),(12907,'87647','Kraftisried',1),(12908,'87647','Unterthingau',1),(12909,'87648','Aitrang',1),(12910,'87650','Baisweil',1),(12911,'87651','Bidingen',1),(12912,'87653','Eggenthal',1),(12913,'87654','Friesenried',1),(12914,'87656','Germaringen',1),(12915,'87657','Görisried',1),(12916,'87659','Hopferau',1),(12917,'87660','Irsee',1),(12918,'87662','Kaltental',1),(12919,'87662','Osterzell',1),(12920,'87663','Lengenwang',1),(12921,'87665','Mauerstetten',1),(12922,'87666','Pforzen',1),(12923,'87668','Rieden',1),(12924,'87669','Rieden am Forggensee',1),(12925,'87671','Ronsberg',1),(12926,'87672','Roßhaupten',1),(12927,'87674','Ruderatshofen',1),(12928,'87675','Stötten am Auerberg',1),(12929,'87675','Rettenbach am Auerberg',1),(12930,'87677','Stöttwang',1),(12931,'87679','Westendorf',1),(12932,'87700','Memmingen',1),(12933,'87719','Mindelheim',1),(12934,'87724','Ottobeuren',1),(12935,'87727','Babenhausen',1),(12936,'87730','Bad Grönenbach',1),(12937,'87733','Markt Rettenbach',1),(12938,'87734','Benningen',1),(12939,'87736','Böhen',1),(12940,'87737','Boos',1),(12941,'87739','Breitenbrunn',1),(12942,'87740','Buxheim',1),(12943,'87742','Apfeltrach',1),(12944,'87742','Dirlewang',1),(12945,'87743','Egg an der Günz',1),(12946,'87745','Eppishausen',1),(12947,'87746','Erkheim',1),(12948,'87748','Fellheim',1),(12949,'87749','Hawangen',1),(12950,'87751','Heimertingen',1),(12951,'87752','Holzgünz',1),(12952,'87754','Kammlach',1),(12953,'87755','Kirchhaslach',1),(12954,'87757','Kirchheim in Schwaben',1),(12955,'87758','Kronburg',1),(12956,'87760','Lachen',1),(12957,'87761','Lauben',1),(12958,'87763','Lautrach',1),(12959,'87764','Legau',1),(12960,'87766','Memmingerberg',1),(12961,'87767','Niederrieden',1),(12962,'87769','Oberrieden',1),(12963,'87770','Oberschönegg',1),(12964,'87772','Pfaffenhausen',1),(12965,'87773','Pleß',1),(12966,'87775','Salgen',1),(12967,'87776','Sontheim',1),(12968,'87778','Stetten',1),(12969,'87779','Trunkelsberg',1),(12970,'87781','Ungerhausen',1),(12971,'87782','Unteregg',1),(12972,'87784','Westerheim',1),(12973,'87785','Winterrieden',1),(12974,'87787','Wolfertschwenden',1),(12975,'87789','Woringen',1),(12976,'88045','Friedrichshafen',1),(12977,'88046','Friedrichshafen',1),(12978,'88048','Friedrichshafen',1),(12979,'88069','Tettnang',1),(12980,'88074','Meckenbeuren',1),(12981,'88079','Kressbronn am Bodensee',1),(12982,'88085','Langenargen',1),(12983,'88090','Immenstaad am Bodensee',1),(12984,'88094','Oberteuringen',1),(12985,'88097','Eriskirch',1),(12986,'88099','Neukirch',1),(12987,'88131','Bodolz',1),(12988,'88131','Lindau (Bodensee)',1),(12989,'88138','Weißensberg',1),(12990,'88138','Hergensweiler',1),(12991,'88138','Sigmarszell',1),(12992,'88142','Wasserburg (Bodensee)',1),(12993,'88145','Opfenbach',1),(12994,'88145','Hergatz',1),(12995,'88147','Achberg',1),(12996,'88149','Nonnenhorn',1),(12997,'88161','Lindenberg im Allgäu',1),(12998,'88167','Gestratz',1),(12999,'88167','Maierhöfen',1),(13000,'88167','Röthenbach (Allgäu)',1),(13001,'88167','Stiefenhofen',1),(13002,'88167','Grünenbach',1),(13003,'88171','Weiler-Simmerberg',1),(13004,'88175','Scheidegg',1),(13005,'88178','Heimenkirch',1),(13006,'88179','Oberreute',1),(13007,'88212','Ravensburg',1),(13008,'88213','Ravensburg',1),(13009,'88214','Ravensburg',1),(13010,'88239','Wangen im Allgäu',1),(13011,'88250','Weingarten',1),(13012,'88255','Baindt',1),(13013,'88255','Baienfurt',1),(13014,'88260','Argenbühl',1),(13015,'88263','Horgenzell',1),(13016,'88267','Vogt',1),(13017,'88271','Wilhelmsdorf',1),(13018,'88273','Fronreute',1),(13019,'88276','Berg',1),(13020,'88279','Amtzell',1),(13021,'88281','Schlier',1),(13022,'88284','Wolpertswende',1),(13023,'88285','Bodnegg',1),(13024,'88287','Grünkraut',1),(13025,'88289','Waldburg',1),(13026,'88299','Leutkirch im Allgäu',1),(13027,'88316','Isny im Allgäu',1),(13028,'88317','Aichstetten',1),(13029,'88319','Aitrach',1),(13030,'88326','Aulendorf',1),(13031,'88339','Bad Waldsee',1),(13032,'88348','Allmannsweiler',1),(13033,'88348','Bad Saulgau',1),(13034,'88353','Kißlegg',1),(13035,'88356','Ostrach',1),(13036,'88361','Boms',1),(13037,'88361','Eichstegen',1),(13038,'88361','Altshausen',1),(13039,'88364','Wolfegg',1),(13040,'88367','Hohentengen',1),(13041,'88368','Bergatreute',1),(13042,'88370','Ebenweiler',1),(13043,'88371','Ebersbach-Musbach',1),(13044,'88373','Fleischwangen',1),(13045,'88374','Hoßkirch',1),(13046,'88376','Königseggwald',1),(13047,'88377','Riedhausen',1),(13048,'88379','Guggenhausen',1),(13049,'88379','Unterwaldhausen',1),(13050,'88400','Biberach an der Riß',1),(13051,'88410','Bad Wurzach',1),(13052,'88416','Erlenmoos',1),(13053,'88416','Ochsenhausen',1),(13054,'88416','Steinhausen an der Rottum',1),(13055,'88422','Oggelshausen',1),(13056,'88422','Betzenweiler',1),(13057,'88422','Bad Buchau',1),(13058,'88422','Seekirch',1),(13059,'88422','Kanzach',1),(13060,'88422','Dürnau',1),(13061,'88422','Alleshausen',1),(13062,'88422','Tiefenbach',1),(13063,'88422','Moosburg',1),(13064,'88427','Bad Schussenried',1),(13065,'88430','Rot an der Rot',1),(13066,'88433','Schemmerhofen',1),(13067,'88436','Eberhardzell',1),(13068,'88437','Maselheim',1),(13069,'88441','Mittelbiberach',1),(13070,'88444','Ummendorf',1),(13071,'88447','Warthausen',1),(13072,'88448','Attenweiler',1),(13073,'88450','Berkheim',1),(13074,'88451','Dettingen an der Iller',1),(13075,'88453','Erolzheim',1),(13076,'88454','Hochdorf',1),(13077,'88456','Ingoldingen',1),(13078,'88457','Kirchdorf an der Iller',1),(13079,'88459','Tannheim',1),(13080,'88471','Laupheim',1),(13081,'88477','Schwendi',1),(13082,'88480','Achstetten',1),(13083,'88481','Balzheim',1),(13084,'88483','Burgrieden',1),(13085,'88484','Gutenzell-Hürbel',1),(13086,'88486','Kirchberg an der Iller',1),(13087,'88487','Mietingen',1),(13088,'88489','Wain',1),(13089,'88499','Emeringen',1),(13090,'88499','Riedlingen',1),(13091,'88499','Altheim',1),(13092,'88512','Mengen',1),(13093,'88515','Langenenslingen',1),(13094,'88518','Herbertingen',1),(13095,'88521','Ertingen',1),(13096,'88524','Uttenweiler',1),(13097,'88525','Dürmentingen',1),(13098,'88527','Unlingen',1),(13099,'88529','Zwiefalten',1),(13100,'88605','Meßkirch',1),(13101,'88605','Sauldorf',1),(13102,'88630','Pfullendorf',1),(13103,'88631','Beuron',1),(13104,'88633','Heiligenberg',1),(13105,'88634','Herdwangen-Schönach',1),(13106,'88636','Illmensee',1),(13107,'88637','Buchheim',1),(13108,'88637','Leibertingen',1),(13109,'88639','Wald',1),(13110,'88662','Überlingen',1),(13111,'88677','Markdorf',1),(13112,'88682','Salem',1),(13113,'88690','Uhldingen-Mühlhofen',1),(13114,'88693','Deggenhausertal',1),(13115,'88696','Owingen',1),(13116,'88697','Bermatingen',1),(13117,'88699','Frickingen',1),(13118,'88709','Meersburg',1),(13119,'88709','Hagnau am Bodensee',1),(13120,'88718','Daisendorf',1),(13121,'88719','Stetten',1),(13122,'89073','Ulm',1),(13123,'89075','Ulm',1),(13124,'89077','Ulm',1),(13125,'89079','Ulm',1),(13126,'89081','Ulm',1),(13127,'89129','Nerenstetten',1),(13128,'89129','Öllingen',1),(13129,'89129','Langenau',1),(13130,'89129','Setzingen',1),(13131,'89134','Blaustein',1),(13132,'89143','Blaubeuren',1),(13133,'89150','Laichingen',1),(13134,'89155','Erbach',1),(13135,'89160','Dornstadt',1),(13136,'89165','Dietenheim',1),(13137,'89168','Niederstotzingen',1),(13138,'89171','Illerkirchberg',1),(13139,'89173','Lonsee',1),(13140,'89174','Altheim (Alb)',1),(13141,'89176','Asselfingen',1),(13142,'89177','Börslingen',1),(13143,'89177','Ballendorf',1),(13144,'89179','Beimerstetten',1),(13145,'89180','Berghülen',1),(13146,'89182','Bernstadt',1),(13147,'89183','Breitingen',1),(13148,'89183','Holzkirch',1),(13149,'89185','Hüttisheim',1),(13150,'89186','Illerrieden',1),(13151,'89188','Merklingen',1),(13152,'89189','Neenstetten',1),(13153,'89191','Nellingen',1),(13154,'89192','Rammingen',1),(13155,'89194','Schnürpflingen',1),(13156,'89195','Staig',1),(13157,'89197','Weidenstetten',1),(13158,'89198','Westerstetten',1),(13159,'89231','Neu-Ulm',1),(13160,'89233','Neu-Ulm',1),(13161,'89250','Senden',1),(13162,'89257','Illertissen',1),(13163,'89264','Weißenhorn',1),(13164,'89269','Vöhringen',1),(13165,'89275','Elchingen',1),(13166,'89278','Nersingen',1),(13167,'89281','Altenstadt',1),(13168,'89284','Pfaffenhofen an der Roth',1),(13169,'89287','Bellenberg',1),(13170,'89290','Buch',1),(13171,'89291','Holzheim',1),(13172,'89293','Kellmünz',1),(13173,'89294','Oberroth',1),(13174,'89296','Osterberg',1),(13175,'89297','Roggenburg',1),(13176,'89299','Unterroth',1),(13177,'89312','Günzburg',1),(13178,'89331','Burgau',1),(13179,'89335','Ichenhausen',1),(13180,'89340','Leipheim',1),(13181,'89343','Jettingen-Scheppach',1),(13182,'89344','Aislingen',1),(13183,'89346','Bibertal',1),(13184,'89347','Bubesheim',1),(13185,'89349','Burtenbach',1),(13186,'89350','Dürrlauingen',1),(13187,'89352','Ellzee',1),(13188,'89353','Glött',1),(13189,'89355','Gundremmingen',1),(13190,'89356','Haldenwang',1),(13191,'89358','Kammeltal',1),(13192,'89359','Kötz',1),(13193,'89361','Landensberg',1),(13194,'89362','Offingen',1),(13195,'89364','Rettenbach',1),(13196,'89365','Röfingen',1),(13197,'89367','Waldstetten',1),(13198,'89368','Winterbach',1),(13199,'89407','Dillingen an der Donau',1),(13200,'89415','Lauingen (Donau)',1),(13201,'89420','Höchstädt an der Donau',1),(13202,'89423','Gundelfingen an der Donau',1),(13203,'89426','Mödingen',1),(13204,'89426','Wittislingen',1),(13205,'89428','Syrgenstein',1),(13206,'89429','Bachhagel',1),(13207,'89431','Bächingen an der Brenz',1),(13208,'89432','Binswangen',1),(13209,'89434','Blindheim',1),(13210,'89435','Finningen',1),(13211,'89437','Haunsheim',1),(13212,'89438','Holzheim',1),(13213,'89440','Lutzingen',1),(13214,'89441','Medlingen',1),(13215,'89443','Schwenningen',1),(13216,'89444','Villenbach',1),(13217,'89446','Ziertheim',1),(13218,'89447','Zöschingen',1),(13219,'89449','Zusamaltheim',1),(13220,'89518','Heidenheim an der Brenz',1),(13221,'89520','Heidenheim an der Brenz',1),(13222,'89522','Heidenheim an der Brenz',1),(13223,'89537','Giengen an der Brenz',1),(13224,'89542','Herbrechtingen',1),(13225,'89547','Gerstetten',1),(13226,'89551','Königsbronn',1),(13227,'89555','Steinheim am Albuch',1),(13228,'89558','Böhmenkirch',1),(13229,'89561','Dischingen',1),(13230,'89564','Nattheim',1),(13231,'89567','Sontheim an der Brenz',1),(13232,'89568','Hermaringen',1),(13233,'89584','Ehingen an der Donau',1),(13234,'89584','Lauterach',1),(13235,'89597','Munderkingen',1),(13236,'89597','Unterwachingen',1),(13237,'89597','Hausen am Bussen',1),(13238,'89601','Schelklingen',1),(13239,'89604','Allmendingen',1),(13240,'89605','Altheim',1),(13241,'89607','Emerkingen',1),(13242,'89608','Griesingen',1),(13243,'89610','Oberdischingen',1),(13244,'89611','Rechtenstein',1),(13245,'89611','Obermarchtal',1),(13246,'89613','Oberstadion',1),(13247,'89613','Grundsheim',1),(13248,'89614','Öpfingen',1),(13249,'89616','Rottenacker',1),(13250,'89617','Untermarchtal',1),(13251,'89619','Unterstadion',1),(13252,'90402','Nürnberg',1),(13253,'90403','Nürnberg',1),(13254,'90408','Nürnberg',1),(13255,'90409','Nürnberg',1),(13256,'90411','Nürnberg',1),(13257,'90419','Nürnberg',1),(13258,'90425','Nürnberg',1),(13259,'90427','Nürnberg',1),(13260,'90429','Nürnberg',1),(13261,'90431','Nürnberg',1),(13262,'90439','Nürnberg',1),(13263,'90441','Nürnberg',1),(13264,'90443','Nürnberg',1),(13265,'90449','Nürnberg',1),(13266,'90451','Nürnberg',1),(13267,'90453','Nürnberg',1),(13268,'90455','Nürnberg',1),(13269,'90459','Nürnberg',1),(13270,'90461','Nürnberg',1),(13271,'90469','Nürnberg',1),(13272,'90471','Nürnberg',1),(13273,'90473','Nürnberg',1),(13274,'90475','Nürnberg',1),(13275,'90478','Nürnberg',1),(13276,'90480','Nürnberg',1),(13277,'90482','Nürnberg',1),(13278,'90489','Nürnberg',1),(13279,'90491','Nürnberg',1),(13280,'90513','Zirndorf',1),(13281,'90518','Altdorf',1),(13282,'90522','Oberasbach',1),(13283,'90530','Wendelstein',1),(13284,'90537','Feucht',1),(13285,'90542','Eckental',1),(13286,'90547','Stein bei Nürnberg',1),(13287,'90552','Röthenbach an der Pegnitz',1),(13288,'90556','Cadolzburg',1),(13289,'90556','Seukendorf',1),(13290,'90559','Burgthann',1),(13291,'90562','Heroldsberg',1),(13292,'90562','Kalchreuth',1),(13293,'90571','Schwaig',1),(13294,'90574','Roßtal',1),(13295,'90579','Langenzenn',1),(13296,'90584','Allersberg',1),(13297,'90587','Tuchenbach',1),(13298,'90587','Veitsbronn',1),(13299,'90587','Obermichelbach',1),(13300,'90592','Schwarzenbruck',1),(13301,'90596','Schwanstetten',1),(13302,'90599','Dietenhofen',1),(13303,'90602','Pyrbaum',1),(13304,'90607','Rückersdorf',1),(13305,'90610','Winkelhaid',1),(13306,'90613','Großhabersdorf',1),(13307,'90614','Ammerndorf',1),(13308,'90616','Neuhof an der Zenn',1),(13309,'90617','Puschendorf',1),(13310,'90619','Trautskirchen',1),(13311,'90762','Fürth',1),(13312,'90763','Fürth',1),(13313,'90765','Fürth',1),(13314,'90766','Fürth',1),(13315,'90768','Fürth',1),(13316,'91052','Erlangen',1),(13317,'91054','Erlangen',1),(13318,'91054','Buckenhof',1),(13319,'91056','Erlangen',1),(13320,'91058','Erlangen',1),(13321,'91074','Herzogenaurach',1),(13322,'91077','Hetzles',1),(13323,'91077','Neunkirchen am Brand',1),(13324,'91077','Dormitz',1),(13325,'91077','Kleinsendelbach',1),(13326,'91080','Spardorf',1),(13327,'91080','Uttenreuth',1),(13328,'91080','Marloffstein',1),(13329,'91083','Baiersdorf',1),(13330,'91085','Weisendorf',1),(13331,'91086','Aurachtal',1),(13332,'91088','Bubenreuth',1),(13333,'91090','Effeltrich',1),(13334,'91091','Großenseebach',1),(13335,'91093','Heßdorf',1),(13336,'91094','Langensendelbach',1),(13337,'91096','Möhrendorf',1),(13338,'91097','Oberreichenbach',1),(13339,'91099','Poxdorf',1),(13340,'91126','Schwabach',1),(13341,'91126','Kammerstein',1),(13342,'91126','Rednitzhembach',1),(13343,'91154','Roth',1),(13344,'91161','Hilpoltstein',1),(13345,'91166','Georgensgmünd',1),(13346,'91171','Greding',1),(13347,'91174','Spalt',1),(13348,'91177','Thalmässing',1),(13349,'91180','Heideck',1),(13350,'91183','Abenberg',1),(13351,'91186','Büchenbach',1),(13352,'91187','Röttenbach',1),(13353,'91189','Rohr',1),(13354,'91207','Lauf an der Pegnitz',1),(13355,'91217','Hersbruck',1),(13356,'91220','Schnaittach',1),(13357,'91224','Pommelsbrunn',1),(13358,'91227','Leinburg',1),(13359,'91230','Happurg',1),(13360,'91233','Neunkirchen am Sand',1),(13361,'91235','Hartenstein',1),(13362,'91235','Velden',1),(13363,'91236','Alfeld',1),(13364,'91238','Engelthal',1),(13365,'91238','Offenhausen',1),(13366,'91239','Henfenfeld',1),(13367,'91241','Kirchensittenbach',1),(13368,'91242','Ottensoos',1),(13369,'91244','Reichenschwand',1),(13370,'91245','Simmelsdorf',1),(13371,'91247','Vorra',1),(13372,'91249','Weigendorf',1),(13373,'91257','Pegnitz',1),(13374,'91275','Auerbach in der Oberpfalz',1),(13375,'91278','Pottenstein',1),(13376,'91281','Kirchenthumbach',1),(13377,'91282','Betzenstein',1),(13378,'91284','Neuhaus an der Pegnitz',1),(13379,'91286','Obertrubach',1),(13380,'91287','Plech',1),(13381,'91289','Schnabelwaid',1),(13382,'91301','Forchheim',1),(13383,'91315','Höchstadt an der Aisch',1),(13384,'91320','Ebermannstadt',1),(13385,'91322','Gräfenberg',1),(13386,'91325','Adelsdorf',1),(13387,'91327','Gößweinstein',1),(13388,'91330','Eggolsheim',1),(13389,'91332','Heiligenstadt',1),(13390,'91334','Hemhofen',1),(13391,'91336','Heroldsbach',1),(13392,'91338','Igensdorf',1),(13393,'91341','Röttenbach',1),(13394,'91344','Waischenfeld',1),(13395,'91346','Wiesenttal',1),(13396,'91347','Aufseß',1),(13397,'91349','Egloffstein',1),(13398,'91350','Gremsdorf',1),(13399,'91352','Hallerndorf',1),(13400,'91353','Hausen',1),(13401,'91355','Hiltpoltstein',1),(13402,'91356','Kirchehrenbach',1),(13403,'91358','Kunreuth',1),(13404,'91359','Leutenbach',1),(13405,'91361','Pinzberg',1),(13406,'91362','Pretzfeld',1),(13407,'91364','Unterleinleiter',1),(13408,'91365','Weilersbach',1),(13409,'91367','Weißenohe',1),(13410,'91369','Wiesenthau',1),(13411,'91413','Neustadt an der Aisch',1),(13412,'91438','Bad Windsheim',1),(13413,'91443','Scheinfeld',1),(13414,'91448','Emskirchen',1),(13415,'91452','Wilhermsdorf',1),(13416,'91456','Diespeck',1),(13417,'91459','Markt Erlbach',1),(13418,'91460','Baudenbach',1),(13419,'91462','Dachsbach',1),(13420,'91463','Dietersheim',1),(13421,'91465','Ergersheim',1),(13422,'91466','Gerhardshofen',1),(13423,'91468','Gutenstetten',1),(13424,'91469','Hagenbüchach',1),(13425,'91471','Illesheim',1),(13426,'91472','Ipsheim',1),(13427,'91474','Langenfeld',1),(13428,'91475','Lonnerstadt',1),(13429,'91477','Markt Bibart',1),(13430,'91478','Markt Nordheim',1),(13431,'91480','Markt Taschendorf',1),(13432,'91481','Münchsteinach',1),(13433,'91483','Oberscheinfeld',1),(13434,'91484','Sugenheim',1),(13435,'91486','Uehlfeld',1),(13436,'91487','Vestenbergsgreuth',1),(13437,'91489','Wilhelmsdorf',1),(13438,'91522','Ansbach',1),(13439,'91541','Rothenburg ob der Tauber',1),(13440,'91550','Dinkelsbühl',1),(13441,'91555','Feuchtwangen',1),(13442,'91560','Heilsbronn',1),(13443,'91564','Neuendettelsau',1),(13444,'91567','Herrieden',1),(13445,'91572','Bechhofen',1),(13446,'91575','Windsbach',1),(13447,'91578','Leutershausen',1),(13448,'91580','Petersaurach',1),(13449,'91583','Schillingsfürst',1),(13450,'91583','Diebach',1),(13451,'91586','Lichtenau',1),(13452,'91587','Adelshofen',1),(13453,'91589','Aurach',1),(13454,'91590','Bruckberg',1),(13455,'91592','Buch am Wald',1),(13456,'91593','Burgbernheim',1),(13457,'91595','Burgoberbach',1),(13458,'91596','Burk',1),(13459,'91598','Colmberg',1),(13460,'91599','Dentlein am Forst',1),(13461,'91601','Dombühl',1),(13462,'91602','Dürrwangen',1),(13463,'91604','Flachslanden',1),(13464,'91605','Gallmersgarten',1),(13465,'91607','Gebsattel',1),(13466,'91608','Geslau',1),(13467,'91610','Insingen',1),(13468,'91611','Lehrberg',1),(13469,'91613','Marktbergel',1),(13470,'91614','Mönchsroth',1),(13471,'91616','Neusitz',1),(13472,'91617','Oberdachstetten',1),(13473,'91619','Obernzenn',1),(13474,'91620','Ohrenbach',1),(13475,'91622','Rügland',1),(13476,'91623','Sachsen',1),(13477,'91625','Schnelldorf',1),(13478,'91626','Schopfloch',1),(13479,'91628','Steinsfeld',1),(13480,'91629','Weihenzell',1),(13481,'91631','Wettringen',1),(13482,'91632','Wieseth',1),(13483,'91634','Wilburgstetten',1),(13484,'91635','Windelsbach',1),(13485,'91637','Wörnitz',1),(13486,'91639','Wolframs-Eschenbach',1),(13487,'91710','Gunzenhausen',1),(13488,'91717','Wassertrüdingen',1),(13489,'91719','Heidenheim',1),(13490,'91720','Absberg',1),(13491,'91722','Arberg',1),(13492,'91723','Dittenheim',1),(13493,'91725','Ehingen',1),(13494,'91726','Gerolfingen',1),(13495,'91728','Gnotzheim',1),(13496,'91729','Haundorf',1),(13497,'91731','Langfurth',1),(13498,'91732','Merkendorf',1),(13499,'91734','Mitteleschenbach',1),(13500,'91735','Muhr am See',1),(13501,'91737','Ornbau',1),(13502,'91738','Pfofeld',1),(13503,'91740','Röckingen',1),(13504,'91741','Theilenhofen',1),(13505,'91743','Unterschwaningen',1),(13506,'91744','Weiltingen',1),(13507,'91746','Weidenbach',1),(13508,'91747','Westheim',1),(13509,'91749','Wittelshofen',1),(13510,'91757','Treuchtlingen',1),(13511,'91781','Weißenburg in Bayern',1),(13512,'91785','Pleinfeld',1),(13513,'91788','Pappenheim',1),(13514,'91790','Burgsalach',1),(13515,'91790','Raitenbuch',1),(13516,'91790','Bergen',1),(13517,'91790','Nennslingen',1),(13518,'91792','Ellingen',1),(13519,'91793','Alesheim',1),(13520,'91795','Dollnstein',1),(13521,'91796','Ettenstatt',1),(13522,'91798','Höttingen',1),(13523,'91799','Langenaltheim',1),(13524,'91801','Markt Berolzheim',1),(13525,'91802','Meinheim',1),(13526,'91804','Mörnsheim',1),(13527,'91805','Polsingen',1),(13528,'91807','Solnhofen',1),(13529,'91809','Wellheim',1),(13530,'92224','Amberg',1),(13531,'92237','Sulzbach-Rosenberg',1),(13532,'92242','Hirschau',1),(13533,'92245','Kümmersbruck',1),(13534,'92249','Vilseck',1),(13535,'92253','Schnaittenbach',1),(13536,'92256','Hahnbach',1),(13537,'92259','Neukirchen bei Sulzbach-Rosenberg',1),(13538,'92260','Ammerthal',1),(13539,'92262','Birgland',1),(13540,'92263','Ebermannsdorf',1),(13541,'92265','Edelsfeld',1),(13542,'92266','Ensdorf',1),(13543,'92268','Etzelwang',1),(13544,'92269','Fensterbach',1),(13545,'92271','Freihung',1),(13546,'92272','Freudenberg',1),(13547,'92274','Gebenbach',1),(13548,'92275','Hirschbach',1),(13549,'92277','Hohenburg',1),(13550,'92278','Illschwang',1),(13551,'92280','Kastl',1),(13552,'92281','Königstein',1),(13553,'92283','Lauterhofen',1),(13554,'92284','Poppenricht',1),(13555,'92286','Rieden',1),(13556,'92287','Schmidmühlen',1),(13557,'92289','Ursensollen',1),(13558,'92318','Neumarkt in der Oberpfalz',1),(13559,'92331','Parsberg',1),(13560,'92331','Lupburg',1),(13561,'92334','Berching',1),(13562,'92339','Beilngries',1),(13563,'92342','Freystadt',1),(13564,'92345','Dietfurt an der Altmühl',1),(13565,'92348','Berg bei Neumarkt in der Oberpfalz',1),(13566,'92353','Postbauer-Heng',1),(13567,'92355','Velburg',1),(13568,'92358','Seubersdorf in der Oberpfalz',1),(13569,'92360','Mühlhausen',1),(13570,'92361','Berngau',1),(13571,'92363','Breitenbrunn',1),(13572,'92364','Deining',1),(13573,'92366','Hohenfels',1),(13574,'92367','Pilsach',1),(13575,'92369','Sengenthal',1),(13576,'92421','Schwandorf',1),(13577,'92431','Neunburg vorm Wald',1),(13578,'92436','Bruck in der Oberpfalz',1),(13579,'92439','Bodenwöhr',1),(13580,'92442','Wackersdorf',1),(13581,'92444','Rötz',1),(13582,'92445','Neukirchen-Balbini',1),(13583,'92447','Schwarzhofen',1),(13584,'92449','Steinberg',1),(13585,'92507','Nabburg',1),(13586,'92521','Schwarzenfeld',1),(13587,'92526','Oberviechtach',1),(13588,'92533','Wernberg-Köblitz',1),(13589,'92536','Pfreimd',1),(13590,'92539','Schönsee',1),(13591,'92540','Altendorf',1),(13592,'92542','Dieterskirchen',1),(13593,'92543','Guteneck',1),(13594,'92545','Niedermurach',1),(13595,'92546','Schmidgaden',1),(13596,'92548','Schwarzach bei Nabburg',1),(13597,'92549','Stadlern',1),(13598,'92551','Stulln',1),(13599,'92552','Teunz',1),(13600,'92554','Thanstein',1),(13601,'92555','Trausnitz',1),(13602,'92557','Weiding',1),(13603,'92559','Winklarn',1),(13604,'92637','Theisseil',1),(13605,'92637','Weiden',1),(13606,'92648','Vohenstrauß',1),(13607,'92655','Grafenwöhr',1),(13608,'92660','Neustadt an der Waldnaab',1),(13609,'92665','Kirchendemenreuth',1),(13610,'92665','Altenstadt an der Waldnaab',1),(13611,'92670','Windischeschenbach',1),(13612,'92676','Eschenbach in der Oberpfalz',1),(13613,'92676','Speinshart',1),(13614,'92681','Erbendorf',1),(13615,'92685','Floß',1),(13616,'92690','Pressath',1),(13617,'92693','Eslarn',1),(13618,'92694','Etzenricht',1),(13619,'92696','Flossenbürg',1),(13620,'92697','Georgenberg',1),(13621,'92699','Irchenrieth',1),(13622,'92699','Bechtsrieth',1),(13623,'92702','Kohlberg',1),(13624,'92703','Krummennaab',1),(13625,'92705','Leuchtenberg',1),(13626,'92706','Luhe-Wildenau',1),(13627,'92708','Mantel',1),(13628,'92709','Moosbach',1),(13629,'92711','Parkstein',1),(13630,'92712','Pirk',1),(13631,'92714','Pleystein',1),(13632,'92715','Püchersreuth',1),(13633,'92717','Reuth bei Erbendorf',1),(13634,'92718','Schirmitz',1),(13635,'92720','Schwarzenbach',1),(13636,'92721','Störnstein',1),(13637,'92723','Tännesberg',1),(13638,'92723','Gleiritsch',1),(13639,'92724','Trabitz',1),(13640,'92726','Waidhaus',1),(13641,'92727','Waldthurn',1),(13642,'92729','Weiherhammer',1),(13643,'93047','Regensburg',1),(13644,'93049','Regensburg',1),(13645,'93051','Regensburg',1),(13646,'93053','Regensburg',1),(13647,'93055','Regensburg',1),(13648,'93057','Regensburg',1),(13649,'93059','Regensburg',1),(13650,'93073','Neutraubling',1),(13651,'93077','Bad Abbach',1),(13652,'93080','Pentling',1),(13653,'93083','Obertraubling',1),(13654,'93086','Wörth an der Donau',1),(13655,'93087','Alteglofsheim',1),(13656,'93089','Aufhausen',1),(13657,'93090','Bach an der Donau',1),(13658,'93092','Barbing',1),(13659,'93093','Donaustauf',1),(13660,'93095','Hagelstadt',1),(13661,'93096','Köfering',1),(13662,'93098','Mintraching',1),(13663,'93099','Mötzing',1),(13664,'93101','Pfakofen',1),(13665,'93102','Pfatter',1),(13666,'93104','Riekofen',1),(13667,'93104','Sünching',1),(13668,'93105','Tegernheim',1),(13669,'93107','Thalmassing',1),(13670,'93109','Wiesent',1),(13671,'93128','Regenstauf',1),(13672,'93133','Burglengenfeld',1),(13673,'93138','Lappersdorf',1),(13674,'93142','Maxhütte-Haidhof',1),(13675,'93149','Nittenau',1),(13676,'93152','Nittendorf',1),(13677,'93155','Hemau',1),(13678,'93158','Teublitz',1),(13679,'93161','Sinzing',1),(13680,'93164','Brunn',1),(13681,'93164','Laaber',1),(13682,'93167','Falkenstein',1),(13683,'93170','Bernhardswald',1),(13684,'93173','Wenzenbach',1),(13685,'93176','Beratzhausen',1),(13686,'93177','Altenthann',1),(13687,'93179','Brennberg',1),(13688,'93180','Deuerling',1),(13689,'93182','Duggendorf',1),(13690,'93183','Holzheim am Forst',1),(13691,'93183','Kallmünz',1),(13692,'93185','Michelsneukirchen',1),(13693,'93186','Pettendorf',1),(13694,'93188','Pielenhofen',1),(13695,'93189','Reichenbach',1),(13696,'93191','Rettenbach',1),(13697,'93192','Wald',1),(13698,'93194','Walderbach',1),(13699,'93195','Wolfsegg',1),(13700,'93197','Zeitlarn',1),(13701,'93199','Zell',1),(13702,'93309','Kelheim',1),(13703,'93326','Abensberg',1),(13704,'93333','Neustadt an der Donau',1),(13705,'93336','Altmannstein',1),(13706,'93339','Riedenburg',1),(13707,'93342','Saal an der Donau',1),(13708,'93343','Essing',1),(13709,'93345','Hausen',1),(13710,'93346','Ihrlerstein',1),(13711,'93348','Kirchdorf',1),(13712,'93349','Mindelstetten',1),(13713,'93351','Painten',1),(13714,'93352','Rohr in Niederbayern',1),(13715,'93354','Biburg',1),(13716,'93354','Siegenburg',1),(13717,'93356','Teugn',1),(13718,'93358','Train',1),(13719,'93359','Wildenberg',1),(13720,'93413','Cham',1),(13721,'93426','Roding',1),(13722,'93437','Furth im Wald',1),(13723,'93444','Kötzting',1),(13724,'93449','Waldmünchen',1),(13725,'93453','Neukirchen beim Heiligen Blut',1),(13726,'93455','Traitsching',1),(13727,'93458','Eschlkam',1),(13728,'93462','Lam',1),(13729,'93464','Tiefenbach',1),(13730,'93466','Chamerau',1),(13731,'93468','Miltach',1),(13732,'93470','Lohberg',1),(13733,'93471','Arnbruck',1),(13734,'93473','Arnschwang',1),(13735,'93474','Arrach',1),(13736,'93476','Blaibach',1),(13737,'93477','Gleißenberg',1),(13738,'93479','Grafenwiesen',1),(13739,'93480','Hohenwarth',1),(13740,'93482','Pemfling',1),(13741,'93483','Pösing',1),(13742,'93485','Rimbach',1),(13743,'93486','Runding',1),(13744,'93488','Schönthal',1),(13745,'93489','Schorndorf',1),(13746,'93491','Stamsried',1),(13747,'93492','Treffelstein',1),(13748,'93494','Waffenbrunn',1),(13749,'93495','Weiding',1),(13750,'93497','Willmering',1),(13751,'93499','Zandt',1),(13752,'94032','Passau',1),(13753,'94034','Passau',1),(13754,'94036','Passau',1),(13755,'94051','Hauzenberg',1),(13756,'94060','Pocking',1),(13757,'94065','Waldkirchen',1),(13758,'94072','Bad Füssing',1),(13759,'94078','Freyung',1),(13760,'94081','Fürstenzell',1),(13761,'94086','Bad Griesbach im Rottal',1),(13762,'94089','Neureichenau',1),(13763,'94094','Malching',1),(13764,'94094','Rotthalmünster',1),(13765,'94099','Ruhstorf an der Rott',1),(13766,'94104','Tittling',1),(13767,'94104','Witzmannsberg',1),(13768,'94107','Untergriesbach',1),(13769,'94110','Wegscheid',1),(13770,'94113','Tiefenbach',1),(13771,'94116','Hutthurm',1),(13772,'94118','Jandelsbrunn',1),(13773,'94121','Salzweg',1),(13774,'94124','Büchlberg',1),(13775,'94127','Neuburg am Inn',1),(13776,'94130','Obernzell',1),(13777,'94133','Röhrnbach',1),(13778,'94136','Thyrnau',1),(13779,'94137','Bayerbach',1),(13780,'94139','Breitenberg',1),(13781,'94140','Ering',1),(13782,'94142','Fürsteneck',1),(13783,'94143','Grainet',1),(13784,'94145','Haidmühle',1),(13785,'94146','Hinterschmiding',1),(13786,'94148','Kirchham',1),(13787,'94149','Kößlarn',1),(13788,'94151','Mauth',1),(13789,'94152','Neuhaus am Inn',1),(13790,'94154','Neukirchen vorm Wald',1),(13791,'94157','Perlesreut',1),(13792,'94158','Philippsreut',1),(13793,'94160','Ringelai',1),(13794,'94161','Ruderting',1),(13795,'94163','Saldenburg',1),(13796,'94164','Sonnen',1),(13797,'94166','Stubenberg',1),(13798,'94167','Tettenweis',1),(13799,'94169','Thurmansbang',1),(13800,'94209','Regen',1),(13801,'94227','Lindberg',1),(13802,'94227','Zwiesel',1),(13803,'94234','Viechtach',1),(13804,'94239','Zachenberg',1),(13805,'94239','Gotteszell',1),(13806,'94239','Ruhmannsfelden',1),(13807,'94244','Geiersthal',1),(13808,'94244','Teisnach',1),(13809,'94249','Bodenmais',1),(13810,'94250','Achslach',1),(13811,'94252','Bayerisch Eisenstein',1),(13812,'94253','Bischofsmais',1),(13813,'94255','Böbrach',1),(13814,'94256','Drachselsried',1),(13815,'94258','Frauenau',1),(13816,'94259','Kirchberg im Wald',1),(13817,'94261','Kirchdorf im Wald',1),(13818,'94262','Kollnburg',1),(13819,'94264','Langdorf',1),(13820,'94265','Patersdorf',1),(13821,'94267','Prackenbach',1),(13822,'94269','Rinchnach',1),(13823,'94315','Straubing',1),(13824,'94327','Bogen',1),(13825,'94330','Aiterhofen',1),(13826,'94330','Salching',1),(13827,'94333','Geiselhöring',1),(13828,'94336','Windberg',1),(13829,'94336','Hunderdorf',1),(13830,'94339','Leiblfing',1),(13831,'94342','Irlbach',1),(13832,'94342','Straßkirchen',1),(13833,'94344','Wiesenfelden',1),(13834,'94345','Aholfing',1),(13835,'94347','Ascha',1),(13836,'94348','Atting',1),(13837,'94350','Falkenfels',1),(13838,'94351','Feldkirchen',1),(13839,'94353','Haibach',1),(13840,'94354','Haselbach',1),(13841,'94356','Kirchroth',1),(13842,'94357','Konzell',1),(13843,'94359','Loitzendorf',1),(13844,'94360','Mitterfels',1),(13845,'94362','Neukirchen',1),(13846,'94363','Oberschneiding',1),(13847,'94365','Parkstetten',1),(13848,'94366','Perasdorf',1),(13849,'94368','Perkam',1),(13850,'94369','Rain',1),(13851,'94371','Rattenberg',1),(13852,'94372','Rattiszell',1),(13853,'94374','Schwarzach',1),(13854,'94375','Stallwang',1),(13855,'94377','Steinach',1),(13856,'94379','Sankt Englmar',1),(13857,'94405','Landau an der Isar',1),(13858,'94419','Reisbach',1),(13859,'94424','Arnstorf',1),(13860,'94428','Eichendorf',1),(13861,'94431','Pilsting',1),(13862,'94436','Simbach',1),(13863,'94437','Mamming',1),(13864,'94439','Roßbach',1),(13865,'94447','Plattling',1),(13866,'94469','Deggendorf',1),(13867,'94474','Vilshofen',1),(13868,'94481','Grafenau',1),(13869,'94486','Osterhofen',1),(13870,'94491','Hengersberg',1),(13871,'94496','Ortenburg',1),(13872,'94501','Beutelsbach',1),(13873,'94501','Aidenbach',1),(13874,'94501','Aldersbach',1),(13875,'94505','Bernried',1),(13876,'94508','Schöllnach',1),(13877,'94513','Schönberg',1),(13878,'94518','Spiegelau',1),(13879,'94522','Wallersdorf',1),(13880,'94526','Metten',1),(13881,'94527','Aholming',1),(13882,'94529','Aicha vorm Wald',1),(13883,'94530','Auerbach',1),(13884,'94532','Außernzell',1),(13885,'94533','Buchhofen',1),(13886,'94535','Eging am See',1),(13887,'94536','Eppenschlag',1),(13888,'94538','Fürstenstein',1),(13889,'94539','Grafling',1),(13890,'94541','Grattersdorf',1),(13891,'94542','Haarbach',1),(13892,'94544','Hofkirchen',1),(13893,'94545','Hohenau',1),(13894,'94547','Iggensbach',1),(13895,'94548','Innernzell',1),(13896,'94550','Künzing',1),(13897,'94551','Hunding',1),(13898,'94551','Lalling',1),(13899,'94553','Mariaposching',1),(13900,'94554','Moos',1),(13901,'94556','Neuschönau',1),(13902,'94557','Niederalteich',1),(13903,'94559','Niederwinkling',1),(13904,'94560','Offenberg',1),(13905,'94562','Oberpöring',1),(13906,'94563','Otzing',1),(13907,'94566','Sankt Oswald-Riedlhütte',1),(13908,'94568','Sankt Oswald-Riedlhütte',1),(13909,'94569','Stephansposching',1),(13910,'94571','Schaufling',1),(13911,'94572','Schöfweg',1),(13912,'94574','Wallerfing',1),(13913,'94575','Windorf',1),(13914,'94577','Winzer',1),(13915,'94579','Zenting',1),(13916,'95028','Hof',1),(13917,'95030','Hof',1),(13918,'95032','Hof',1),(13919,'95100','Selb',1),(13920,'95111','Rehau',1),(13921,'95119','Naila',1),(13922,'95126','Schwarzenbach an der Saale',1),(13923,'95131','Schwarzenbach am Wald',1),(13924,'95138','Bad Steben',1),(13925,'95145','Oberkotzau',1),(13926,'95152','Selbitz',1),(13927,'95158','Kirchenlamitz',1),(13928,'95163','Weißenstadt',1),(13929,'95168','Marktleuthen',1),(13930,'95173','Schönwald',1),(13931,'95176','Konradsreuth',1),(13932,'95179','Geroldsgrün',1),(13933,'95180','Berg',1),(13934,'95182','Döhlau',1),(13935,'95183','Feilitzsch',1),(13936,'95183','Trogen',1),(13937,'95183','Töpen',1),(13938,'95185','Gattendorf',1),(13939,'95186','Höchstädt im Fichtelgebirge',1),(13940,'95188','Issigau',1),(13941,'95189','Köditz',1),(13942,'95191','Leupoldsgrün',1),(13943,'95192','Lichtenberg',1),(13944,'95194','Regnitzlosau',1),(13945,'95195','Röslau',1),(13946,'95197','Schauenstein',1),(13947,'95199','Thierstein',1),(13948,'95213','Münchberg',1),(13949,'95233','Helmbrechts',1),(13950,'95234','Sparneck',1),(13951,'95236','Stammbach',1),(13952,'95237','Weißdorf',1),(13953,'95239','Zell',1),(13954,'95326','Kulmbach',1),(13955,'95336','Mainleus',1),(13956,'95339','Wirsberg',1),(13957,'95339','Neuenmarkt',1),(13958,'95346','Stadtsteinach',1),(13959,'95349','Thurnau',1),(13960,'95352','Marktleugast',1),(13961,'95355','Presseck',1),(13962,'95356','Grafengehaig',1),(13963,'95358','Guttenberg',1),(13964,'95359','Kasendorf',1),(13965,'95361','Ködnitz',1),(13966,'95362','Kupferberg',1),(13967,'95364','Ludwigschorgast',1),(13968,'95365','Rugendorf',1),(13969,'95367','Trebgast',1),(13970,'95369','Untersteinach',1),(13971,'95444','Bayreuth',1),(13972,'95445','Bayreuth',1),(13973,'95447','Bayreuth',1),(13974,'95448','Bayreuth',1),(13975,'95460','Bad Berneck im Fichtelgebirge',1),(13976,'95463','Bindlach',1),(13977,'95466','Weidenberg',1),(13978,'95466','Kirchenpingarten',1),(13979,'95469','Speichersdorf',1),(13980,'95473','Prebitz',1),(13981,'95473','Creußen',1),(13982,'95473','Haag',1),(13983,'95478','Kemnath',1),(13984,'95482','Gefrees',1),(13985,'95485','Warmensteinach',1),(13986,'95488','Eckersdorf',1),(13987,'95490','Mistelgau',1),(13988,'95491','Ahorntal',1),(13989,'95493','Bischofsgrün',1),(13990,'95494','Gesees',1),(13991,'95496','Glashütten',1),(13992,'95497','Goldkronach',1),(13993,'95499','Harsdorf',1),(13994,'95500','Heinersreuth',1),(13995,'95502','Himmelkron',1),(13996,'95503','Hummeltal',1),(13997,'95505','Immenreuth',1),(13998,'95506','Kastl',1),(13999,'95508','Kulmain',1),(14000,'95509','Marktschorgast',1),(14001,'95511','Mistelbach',1),(14002,'95512','Neudrossenfeld',1),(14003,'95514','Neustadt am Kulm',1),(14004,'95515','Plankenfels',1),(14005,'95517','Emtmannsberg',1),(14006,'95517','Seybothenreuth',1),(14007,'95519','Vorbach',1),(14008,'95519','Schlammersdorf',1),(14009,'95615','Marktredwitz',1),(14010,'95632','Wunsiedel',1),(14011,'95643','Tirschenreuth',1),(14012,'95652','Waldsassen',1),(14013,'95659','Arzberg',1),(14014,'95666','Leonberg',1),(14015,'95666','Mitterteich',1),(14016,'95671','Bärnau',1),(14017,'95676','Wiesau',1),(14018,'95679','Waldershof',1),(14019,'95680','Bad Alexandersbad',1),(14020,'95682','Brand',1),(14021,'95683','Ebnath',1),(14022,'95685','Falkenberg',1),(14023,'95686','Fichtelberg',1),(14024,'95688','Friedenfels',1),(14025,'95689','Fuchsmühl',1),(14026,'95691','Hohenberg an der Eger',1),(14027,'95692','Konnersreuth',1),(14028,'95694','Mehlmeisel',1),(14029,'95695','Mähring',1),(14030,'95697','Nagel',1),(14031,'95698','Neualbenreuth',1),(14032,'95700','Neusorg',1),(14033,'95701','Pechbrunn',1),(14034,'95703','Plößberg',1),(14035,'95704','Pullenreuth',1),(14036,'95706','Schirnding',1),(14037,'95707','Thiersheim',1),(14038,'95709','Tröstau',1),(14039,'96047','Bamberg',1),(14040,'96049','Bamberg',1),(14041,'96050','Bamberg',1),(14042,'96052','Bamberg',1),(14043,'96103','Hallstadt',1),(14044,'96106','Ebern',1),(14045,'96110','Scheßlitz',1),(14046,'96114','Hirschaid',1),(14047,'96117','Memmelsdorf',1),(14048,'96120','Bischberg',1),(14049,'96123','Litzendorf',1),(14050,'96126','Ermershausen',1),(14051,'96126','Maroldsweisach',1),(14052,'96129','Strullendorf',1),(14053,'96132','Schlüsselfeld',1),(14054,'96135','Stegaurach',1),(14055,'96138','Burgebrach',1),(14056,'96142','Hollfeld',1),(14057,'96145','Seßlach',1),(14058,'96146','Altendorf',1),(14059,'96148','Baunach',1),(14060,'96149','Breitengüßbach',1),(14061,'96151','Breitbrunn',1),(14062,'96152','Burghaslach',1),(14063,'96154','Burgwindheim',1),(14064,'96155','Buttenheim',1),(14065,'96157','Ebrach',1),(14066,'96158','Frensdorf',1),(14067,'96160','Geiselwind',1),(14068,'96161','Gerach',1),(14069,'96163','Gundelsheim',1),(14070,'96164','Kemmern',1),(14071,'96166','Kirchlauter',1),(14072,'96167','Königsfeld',1),(14073,'96169','Lauter',1),(14074,'96170','Priesendorf',1),(14075,'96170','Lisberg',1),(14076,'96172','Mühlhausen',1),(14077,'96173','Oberhaid',1),(14078,'96175','Pettstadt',1),(14079,'96176','Pfarrweisach',1),(14080,'96178','Pommersfelden',1),(14081,'96179','Rattelsdorf',1),(14082,'96181','Rauhenebrach',1),(14083,'96182','Reckendorf',1),(14084,'96184','Rentweinsdorf',1),(14085,'96185','Schönbrunn',1),(14086,'96187','Stadelhofen',1),(14087,'96188','Stettfeld',1),(14088,'96190','Untermerzbach',1),(14089,'96191','Viereth-Trunstadt',1),(14090,'96193','Wachenroth',1),(14091,'96194','Walsdorf',1),(14092,'96196','Wattendorf',1),(14093,'96197','Wonsees',1),(14094,'96199','Zapfendorf',1),(14095,'96215','Lichtenfels',1),(14096,'96224','Burgkunstadt',1),(14097,'96231','Bad Staffelstein',1),(14098,'96237','Ebersdorf',1),(14099,'96242','Sonnefeld',1),(14100,'96247','Michelau in Oberfranken',1),(14101,'96250','Ebensfeld',1),(14102,'96253','Untersiemau',1),(14103,'96257','Marktgraitz',1),(14104,'96257','Redwitz an der Rodach',1),(14105,'96260','Weismain',1),(14106,'96264','Altenkunstadt',1),(14107,'96268','Mitwitz',1),(14108,'96269','Großheirath',1),(14109,'96271','Grub am Forst',1),(14110,'96272','Hochstadt am Main',1),(14111,'96274','Itzgrund',1),(14112,'96275','Marktzeuln',1),(14113,'96277','Schneckenlohe',1),(14114,'96279','Weidhausen bei Coburg',1),(14115,'96317','Kronach',1),(14116,'96328','Küps',1),(14117,'96332','Pressig',1),(14118,'96337','Ludwigsstadt',1),(14119,'96342','Stockheim',1),(14120,'96346','Wallenfels',1),(14121,'96349','Steinwiesen',1),(14122,'96352','Wilhelmsthal',1),(14123,'96355','Tettau',1),(14124,'96358','Teuschnitz',1),(14125,'96358','Reichenbach',1),(14126,'96361','Steinbach am Wald',1),(14127,'96364','Marktrodach',1),(14128,'96365','Nordhalben',1),(14129,'96367','Tschirn',1),(14130,'96369','Weißenbrunn',1),(14131,'96450','Coburg',1),(14132,'96465','Neustadt bei Coburg',1),(14133,'96472','Rödental',1),(14134,'96476','Bad Rodach',1),(14135,'96479','Weitramsdorf',1),(14136,'96482','Ahorn',1),(14137,'96484','Meeder',1),(14138,'96486','Lautertal',1),(14139,'96487','Dörfles-Esbach',1),(14140,'96489','Niederfüllbach',1),(14141,'96515','Sonneberg',1),(14142,'96515','Oberland am Rennsteig',1),(14143,'96515','Judenbach',1),(14144,'96523','Oberland am Rennsteig',1),(14145,'96523','Steinach',1),(14146,'96524','Neuhaus-Schierschnitz',1),(14147,'96524','Föritz',1),(14148,'96528','Effelder-Rauenstein',1),(14149,'96528','Schalkau',1),(14150,'96528','Bachfeld',1),(14151,'96529','Mengersgereuth-Hämmern',1),(14152,'97070','Würzburg',1),(14153,'97072','Würzburg',1),(14154,'97074','Würzburg',1),(14155,'97076','Würzburg',1),(14156,'97078','Würzburg',1),(14157,'97080','Würzburg',1),(14158,'97082','Würzburg',1),(14159,'97084','Würzburg',1),(14160,'97199','Ochsenfurt',1),(14161,'97204','Höchberg',1),(14162,'97209','Veitshöchheim',1),(14163,'97215','Uffenheim',1),(14164,'97215','Weigenheim',1),(14165,'97215','Simmershofen',1),(14166,'97218','Gerbrunn',1),(14167,'97222','Rimpar',1),(14168,'97225','Zellingen',1),(14169,'97228','Rottendorf',1),(14170,'97230','Estenfeld',1),(14171,'97232','Giebelstadt',1),(14172,'97234','Reichenberg',1),(14173,'97236','Randersacker',1),(14174,'97237','Altertheim',1),(14175,'97239','Aub',1),(14176,'97241','Bergtheim',1),(14177,'97241','Oberpleichfeld',1),(14178,'97243','Bieberehren',1),(14179,'97244','Bütthard',1),(14180,'97246','Eibelstadt',1),(14181,'97247','Eisenheim',1),(14182,'97249','Eisingen',1),(14183,'97250','Erlabrunn',1),(14184,'97252','Frickenhausen am Main',1),(14185,'97253','Gaukönigshofen',1),(14186,'97255','Sonderhofen',1),(14187,'97255','Gelchsheim',1),(14188,'97256','Geroldshausen',1),(14189,'97258','Oberickelsheim',1),(14190,'97258','Gollhofen',1),(14191,'97258','Ippesheim',1),(14192,'97258','Hemmersheim',1),(14193,'97259','Greußenheim',1),(14194,'97261','Güntersleben',1),(14195,'97262','Hausen bei Würzburg',1),(14196,'97264','Helmstadt',1),(14197,'97265','Hettstadt',1),(14198,'97267','Himmelstadt',1),(14199,'97268','Kirchheim',1),(14200,'97270','Kist',1),(14201,'97271','Kleinrinderfeld',1),(14202,'97273','Kürnach',1),(14203,'97274','Leinach',1),(14204,'97276','Margetshöchheim',1),(14205,'97277','Neubrunn',1),(14206,'97279','Prosselsheim',1),(14207,'97280','Remlingen',1),(14208,'97282','Retzstadt',1),(14209,'97283','Riedenheim',1),(14210,'97285','Röttingen',1),(14211,'97285','Tauberrettersheim',1),(14212,'97286','Sommerhausen',1),(14213,'97286','Winterhausen',1),(14214,'97288','Theilheim',1),(14215,'97289','Thüngen',1),(14216,'97291','Thüngersheim',1),(14217,'97292','Holzkirchen',1),(14218,'97292','Uettingen',1),(14219,'97294','Unterpleichfeld',1),(14220,'97295','Waldbrunn',1),(14221,'97297','Waldbüttelbrunn',1),(14222,'97299','Zell am Main',1),(14223,'97318','Kitzingen',1),(14224,'97318','Biebelried',1),(14225,'97320','Sulzfeld am Main',1),(14226,'97320','Mainstockheim',1),(14227,'97320','Albertshofen',1),(14228,'97320','Großlangheim',1),(14229,'97320','Buchbrunn',1),(14230,'97332','Volkach',1),(14231,'97334','Sommerach',1),(14232,'97334','Nordheim am Main',1),(14233,'97337','Dettelbach',1),(14234,'97340','Marktbreit',1),(14235,'97340','Segnitz',1),(14236,'97340','Martinsheim',1),(14237,'97342','Seinsheim',1),(14238,'97342','Obernbreit',1),(14239,'97342','Marktsteft',1),(14240,'97346','Iphofen',1),(14241,'97348','Willanzheim',1),(14242,'97348','Rödelsee',1),(14243,'97348','Markt Einersheim',1),(14244,'97350','Mainbernheim',1),(14245,'97353','Wiesentheid',1),(14246,'97355','Castell',1),(14247,'97355','Rüdenhausen',1),(14248,'97355','Wiesenbronn',1),(14249,'97355','Abtswind',1),(14250,'97355','Kleinlangheim',1),(14251,'97357','Prichsenstadt',1),(14252,'97359','Schwarzach am Main',1),(14253,'97421','Schweinfurt',1),(14254,'97422','Schweinfurt',1),(14255,'97424','Schweinfurt',1),(14256,'97437','Haßfurt',1),(14257,'97440','Werneck',1),(14258,'97447','Gerolzhofen',1),(14259,'97447','Frankenwinheim',1),(14260,'97450','Arnstein',1),(14261,'97453','Schonungen',1),(14262,'97456','Dittelbrunn',1),(14263,'97461','Hofheim in Unterfranken',1),(14264,'97464','Niederwerrn',1),(14265,'97469','Gochsheim',1),(14266,'97475','Zeil am Main',1),(14267,'97478','Knetzgau',1),(14268,'97483','Eltmann',1),(14269,'97486','Königsberg in Bayern',1),(14270,'97488','Stadtlauringen',1),(14271,'97490','Poppenhausen',1),(14272,'97491','Aidhausen',1),(14273,'97493','Bergrheinfeld',1),(14274,'97494','Bundorf',1),(14275,'97496','Burgpreppach',1),(14276,'97497','Dingolshausen',1),(14277,'97499','Donnersdorf',1),(14278,'97500','Ebelsbach',1),(14279,'97502','Euerbach',1),(14280,'97503','Gädheim',1),(14281,'97505','Geldersheim',1),(14282,'97506','Grafenrheinfeld',1),(14283,'97508','Grettstadt',1),(14284,'97509','Kolitzheim',1),(14285,'97511','Lülsfeld',1),(14286,'97513','Michelau im Steigerwald',1),(14287,'97514','Oberaurach',1),(14288,'97516','Oberschwarzach',1),(14289,'97517','Rannungen',1),(14290,'97519','Riedbach',1),(14291,'97520','Röthlein',1),(14292,'97522','Sand am Main',1),(14293,'97523','Schwanfeld',1),(14294,'97525','Schwebheim',1),(14295,'97526','Sennfeld',1),(14296,'97528','Sulzdorf an der Lederhecke',1),(14297,'97529','Sulzheim',1),(14298,'97531','Theres',1),(14299,'97532','Üchtelhausen',1),(14300,'97534','Waigolshausen',1),(14301,'97535','Wasserlosen',1),(14302,'97537','Wipfeld',1),(14303,'97539','Wonfurt',1),(14304,'97616','Bad Neustadt an der Saale',1),(14305,'97616','Salz',1),(14306,'97618','Heustreu',1),(14307,'97618','Hohenroth',1),(14308,'97618','Unsleben',1),(14309,'97618','Wülfershausen an der Saale',1),(14310,'97618','Strahlungen',1),(14311,'97618','Hollstadt',1),(14312,'97618','Rödelmaier',1),(14313,'97618','Wollbach',1),(14314,'97618','Niederlauer',1),(14315,'97631','Bad Königshofen im Grabfeld',1),(14316,'97633','Sulzfeld',1),(14317,'97633','Großbardorf',1),(14318,'97633','Höchheim',1),(14319,'97633','Aubstadt',1),(14320,'97633','Trappstadt',1),(14321,'97633','Großeibstadt',1),(14322,'97633','Herbstadt',1),(14323,'97633','Saal an der Saale',1),(14324,'97638','Mellrichstadt',1),(14325,'97640','Oberstreu',1),(14326,'97640','Hendungen',1),(14327,'97640','Stockheim',1),(14328,'97645','Ostheim vor der Rhön',1),(14329,'97647','Willmars',1),(14330,'97647','Hausen',1),(14331,'97647','Sondheim vor der Rhön',1),(14332,'97647','Nordheim vor der Rhön',1),(14333,'97650','Fladungen',1),(14334,'97653','Bischofsheim an der Rhön',1),(14335,'97654','Bastheim',1),(14336,'97656','Oberelsbach',1),(14337,'97657','Sandberg',1),(14338,'97659','Schönau an der Brend',1),(14339,'97688','Bad Kissingen',1),(14340,'97702','Münnerstadt',1),(14341,'97705','Burkardroth',1),(14342,'97708','Bad Bocklet',1),(14343,'97711','Thundorf in Unterfranken',1),(14344,'97711','Maßbach',1),(14345,'97714','Oerlenbach',1),(14346,'97717','Euerdorf',1),(14347,'97717','Aura an der Saale',1),(14348,'97717','Sulzthal',1),(14349,'97720','Nüdlingen',1),(14350,'97723','Oberthulba',1),(14351,'97724','Burglauer',1),(14352,'97725','Elfershausen',1),(14353,'97727','Fuchsstadt',1),(14354,'97729','Ramsthal',1),(14355,'97737','Gemünden am Main',1),(14356,'97753','Karlstadt',1),(14357,'97762','Hammelburg',1),(14358,'97769','Bad Brückenau',1),(14359,'97772','Wildflecken',1),(14360,'97773','Aura im Sinngrund',1),(14361,'97775','Burgsinn',1),(14362,'97776','Eußenheim',1),(14363,'97778','Fellen',1),(14364,'97779','Geroda',1),(14365,'97780','Gössenheim',1),(14366,'97782','Gräfendorf',1),(14367,'97783','Karsbach',1),(14368,'97785','Mittelsinn',1),(14369,'97786','Motten',1),(14370,'97788','Neuendorf',1),(14371,'97789','Oberleichtersbach',1),(14372,'97791','Obersinn',1),(14373,'97792','Riedenberg',1),(14374,'97794','Rieneck',1),(14375,'97795','Schondra',1),(14376,'97797','Wartmannsroth',1),(14377,'97799','Zeitlofs',1),(14378,'97816','Lohr am Main',1),(14379,'97828','Marktheidenfeld',1),(14380,'97833','Frammersbach',1),(14381,'97834','Birkenfeld',1),(14382,'97836','Bischbrunn',1),(14383,'97837','Erlenbach bei Marktheidenfeld',1),(14384,'97839','Esselbach',1),(14385,'97840','Hafenlohr',1),(14386,'97842','Karbach',1),(14387,'97843','Neuhütten',1),(14388,'97845','Neustadt am Main',1),(14389,'97846','Partenstein',1),(14390,'97848','Rechtenbach',1),(14391,'97849','Roden',1),(14392,'97851','Rothenfels',1),(14393,'97852','Schollbrunn',1),(14394,'97854','Steinfeld',1),(14395,'97855','Triefenstein',1),(14396,'97857','Urspringen',1),(14397,'97859','Wiesthal',1),(14398,'97877','Wertheim',1),(14399,'97892','Kreuzwertheim',1),(14400,'97896','Freudenberg',1),(14401,'97900','Külsheim',1),(14402,'97901','Altenbuch',1),(14403,'97903','Collenberg',1),(14404,'97904','Dorfprozelten',1),(14405,'97906','Faulbach',1),(14406,'97907','Hasloch',1),(14407,'97909','Stadtprozelten',1),(14408,'97922','Lauda-Königshofen',1),(14409,'97941','Tauberbischofsheim',1),(14410,'97944','Boxberg',1),(14411,'97947','Grünsfeld',1),(14412,'97950','Großrinderfeld',1),(14413,'97953','Königheim',1),(14414,'97956','Werbach',1),(14415,'97957','Wittighausen',1),(14416,'97959','Assamstadt',1),(14417,'97980','Bad Mergentheim',1),(14418,'97990','Weikersheim',1),(14419,'97993','Creglingen',1),(14420,'97996','Niederstetten',1),(14421,'97999','Igersheim',1),(14422,'98527','Suhl',1),(14423,'98528','Suhl',1),(14424,'98529','Suhl',1),(14425,'98530','Rohr',1),(14426,'98530','Oberstadt',1),(14427,'98530','Marisfeld',1),(14428,'98530','Dillstädt',1),(14429,'98530','Schmeheim',1),(14430,'98544','Zella-Mehlis',1),(14431,'98547','Christes',1),(14432,'98547','Kühndorf',1),(14433,'98547','Schwarza',1),(14434,'98547','Viernau',1),(14435,'98553','Eichenberg',1),(14436,'98553','Schleusingen',1),(14437,'98553','Bischofrod',1),(14438,'98553','Nahetal-Waldau',1),(14439,'98553','Sankt Kilian',1),(14440,'98553','Ahlstädt',1),(14441,'98554','Benshausen',1),(14442,'98559','Oberhof',1),(14443,'98559','Gehlberg',1),(14444,'98574','Schmalkalden',1),(14445,'98587','Unterschönau',1),(14446,'98587','Oberschönau',1),(14447,'98587','Steinbach-Hallenberg',1),(14448,'98587','Altersbach',1),(14449,'98587','Bermbach',1),(14450,'98587','Springstille',1),(14451,'98587','Rotterode',1),(14452,'98590','Wernshausen',1),(14453,'98590','Roßdorf',1),(14454,'98590','Schwallungen',1),(14455,'98590','Rosa',1),(14456,'98593','Floh-Seligenthal',1),(14457,'98593','Kleinschmalkalden',1),(14458,'98596','Trusetal',1),(14459,'98597','Fambach',1),(14460,'98597','Breitungen',1),(14461,'98597','Heßles',1),(14462,'98599','Brotterode',1),(14463,'98617','Leutersdorf',1),(14464,'98617','Sülzfeld',1),(14465,'98617','Bauerbach',1),(14466,'98617','Wölfershausen',1),(14467,'98617','Obermaßfeld-Grimmenthal',1),(14468,'98617','Einhausen',1),(14469,'98617','Ellingshausen',1),(14470,'98617','Stepfershausen',1),(14471,'98617','Henneberg',1),(14472,'98617','Ritschenhausen',1),(14473,'98617','Untermaßfeld',1),(14474,'98617','Neubrunn',1),(14475,'98617','Belrieth',1),(14476,'98617','Vachdorf',1),(14477,'98617','Utendorf',1),(14478,'98617','Meiningen',1),(14479,'98617','Herpf',1),(14480,'98617','Rhönblick',1),(14481,'98631','Bibra',1),(14482,'98631','Behrungen',1),(14483,'98631','Queienfeld',1),(14484,'98631','Mendhausen',1),(14485,'98631','Nordheim',1),(14486,'98631','Berkach',1),(14487,'98631','Wolfmannshausen',1),(14488,'98631','Jüchsen',1),(14489,'98631','Rentwertshausen',1),(14490,'98631','Westenfeld',1),(14491,'98631','Milz',1),(14492,'98631','Schweickershausen',1),(14493,'98631','Römhild',1),(14494,'98631','Exdorf',1),(14495,'98631','Schwickershausen',1),(14496,'98634','Unterweid',1),(14497,'98634','Kaltensundheim',1),(14498,'98634','Mehmels',1),(14499,'98634','Birx',1),(14500,'98634','Wasungen',1),(14501,'98634','Melpers',1),(14502,'98634','Oepfershausen',1),(14503,'98634','Aschenhausen',1),(14504,'98634','Erbenhausen',1),(14505,'98634','Hümpfershausen',1),(14506,'98634','Kaltenwestheim',1),(14507,'98634','Unterkatz',1),(14508,'98634','Oberkatz',1),(14509,'98634','Wahns',1),(14510,'98634','Friedelshausen',1),(14511,'98634','Oberweid',1),(14512,'98634','Frankenheim',1),(14513,'98639','Walldorf',1),(14514,'98639','Wallbach',1),(14515,'98639','Rippershausen',1),(14516,'98639','Metzels',1),(14517,'98646','Gleichamberg',1),(14518,'98646','Dingsleben',1),(14519,'98646','Straufhain',1),(14520,'98646','Reurieth',1),(14521,'98646','Trostadt',1),(14522,'98646','Hildburghausen',1),(14523,'98646','Siegritz',1),(14524,'98660','Henfstädt',1),(14525,'98660','Sankt Bernhard',1),(14526,'98660','Beinerstadt',1),(14527,'98660','Themar',1),(14528,'98660','Ehrenberg',1),(14529,'98660','Grimmelshausen',1),(14530,'98660','Lengfeld',1),(14531,'98660','Kloster Veßra',1),(14532,'98663','Bad Colberg-Heldburg',1),(14533,'98663','Gompertshausen',1),(14534,'98663','Hellingen',1),(14535,'98663','Ummerstadt',1),(14536,'98663','Westhausen',1),(14537,'98666','Masserberg',1),(14538,'98667','Schleusegrund',1),(14539,'98669','Schlechtsart',1),(14540,'98669','Veilsdorf',1),(14541,'98673','Auengrund',1),(14542,'98673','Eisfeld',1),(14543,'98673','Brünn',1),(14544,'98678','Sachsenbrunn',1),(14545,'98693','Ilmenau',1),(14546,'98693','Martinroda',1),(14547,'98701','Friedersdorf',1),(14548,'98701','Wildenspring',1),(14549,'98701','Böhlen',1),(14550,'98701','Großbreitenbach',1),(14551,'98701','Herschdorf',1),(14552,'98701','Gillersdorf',1),(14553,'98701','Altenfeld',1),(14554,'98701','Neustadt am Rennsteig',1),(14555,'98704','Langewiesen',1),(14556,'98704','Wolfsberg',1),(14557,'98708','Gehren',1),(14558,'98708','Möhrenbach',1),(14559,'98708','Pennewitz',1),(14560,'98711','Schmiedefeld am Rennsteig',1),(14561,'98711','Frauenwald',1),(14562,'98714','Stützerbach',1),(14563,'98716','Elgersburg',1),(14564,'98716','Geschwenda',1),(14565,'98716','Geraberg',1),(14566,'98724','Lauscha',1),(14567,'98724','Neuhaus am Rennweg',1),(14568,'98739','Schmiedefeld',1),(14569,'98739','Lichte',1),(14570,'98739','Reichmannsdorf',1),(14571,'98739','Piesau',1),(14572,'98743','Gräfenthal',1),(14573,'98744','Oberweißbach',1),(14574,'98744','Deesbach',1),(14575,'98744','Lichtenhain/Bergbahn',1),(14576,'98744','Cursdorf',1),(14577,'98744','Unterweißbach',1),(14578,'98744','Meura',1),(14579,'98746','Meuselbach-Schwarzmühle',1),(14580,'98746','Mellenbach-Glasbach',1),(14581,'98746','Katzhütte',1),(14582,'98746','Goldisthal',1),(14583,'98749','Steinheid',1),(14584,'98749','Scheibe-Alsbach',1),(14585,'98749','Siegmundsburg',1),(14586,'99084','Erfurt',1),(14587,'99085','Erfurt',1),(14588,'99086','Erfurt',1),(14589,'99087','Erfurt',1),(14590,'99089','Erfurt',1),(14591,'99091','Erfurt',1),(14592,'99092','Erfurt',1),(14593,'99094','Erfurt',1),(14594,'99096','Erfurt',1),(14595,'99097','Erfurt',1),(14596,'99099','Erfurt',1),(14597,'99100','Großfahner',1),(14598,'99100','Bienstädt',1),(14599,'99100','Dachwig',1),(14600,'99100','Zimmernsupra',1),(14601,'99100','Gierstädt/Kleinfahner',1),(14602,'99100','Döllstädt',1),(14603,'99102','Rockhausen',1),(14604,'99102','Klettbach',1),(14605,'99189','Witterda',1),(14606,'99189','Elxleben',1),(14607,'99189','Haßleben',1),(14608,'99189','Andisleben',1),(14609,'99189','Walschleben',1),(14610,'99189','Gebesee',1),(14611,'99189','Ringleben',1),(14612,'99192','Neudietendorf',1),(14613,'99192','Gamstädt',1),(14614,'99192','Apfelstädt',1),(14615,'99192','Nottleben',1),(14616,'99192','Ingersleben',1),(14617,'99195','Markvippach',1),(14618,'99195','Schloßvippach',1),(14619,'99195','Alperstedt',1),(14620,'99195','Nöda',1),(14621,'99195','Eckstedt',1),(14622,'99195','Riethnordhausen',1),(14623,'99195','Großrudestedt',1),(14624,'99198','Großmölsen',1),(14625,'99198','Ollendorf',1),(14626,'99198','Mönchenholzhausen',1),(14627,'99198','Kleinmölsen',1),(14628,'99198','Udestedt',1),(14629,'99310','Dornheim',1),(14630,'99310','Witzleben',1),(14631,'99310','Bösleben-Wüllersleben',1),(14632,'99310','Osthausen-Wülfershausen',1),(14633,'99310','Wachsenburggemeinde',1),(14634,'99310','Wipfratal',1),(14635,'99310','Alkersleben',1),(14636,'99310','Arnstadt',1),(14637,'99326','Ilmtal',1),(14638,'99326','Stadtilm',1),(14639,'99330','Gräfenroda',1),(14640,'99330','Frankenhain',1),(14641,'99330','Liebenstein',1),(14642,'99330','Crawinkel',1),(14643,'99334','Ichtershausen',1),(14644,'99334','Elxleben',1),(14645,'99334','Kirchheim',1),(14646,'99334','Elleben',1),(14647,'99338','Gossel',1),(14648,'99338','Angelroda',1),(14649,'99338','Neusiß',1),(14650,'99338','Plaue',1),(14651,'99423','Weimar',1),(14652,'99425','Weimar',1),(14653,'99427','Weimar',1),(14654,'99428','Hopfgarten',1),(14655,'99428','Bechstedtstraß',1),(14656,'99428','Ottstedt am Berge',1),(14657,'99428','Niederzimmern',1),(14658,'99428','Nohra',1),(14659,'99428','Daasdorf am Berge',1),(14660,'99428','Utzberg',1),(14661,'99428','Isseroda',1),(14662,'99438','Bad Berka',1),(14663,'99438','Vollersroda',1),(14664,'99438','Hetschburg',1),(14665,'99438','Troistedt',1),(14666,'99438','Tonndorf',1),(14667,'99438','Oettern',1),(14668,'99438','Gutendorf',1),(14669,'99438','Buchfart',1),(14670,'99439','Sachsenhausen',1),(14671,'99439','Buttelstedt',1),(14672,'99439','Rohrbach',1),(14673,'99439','Neumark',1),(14674,'99439','Vippachedelhausen',1),(14675,'99439','Wohlsborn',1),(14676,'99439','Heichelheim',1),(14677,'99439','Ettersburg',1),(14678,'99439','Leutenthal',1),(14679,'99439','Kleinobringen',1),(14680,'99439','Ballstedt',1),(14681,'99439','Ramsla',1),(14682,'99439','Berlstedt',1),(14683,'99439','Schwerstedt',1),(14684,'99439','Krautheim',1),(14685,'99439','Großobringen',1),(14686,'99439','Hottelstedt',1),(14687,'99441','Magdala',1),(14688,'99441','Döbritschen',1),(14689,'99441','Großschwabhausen',1),(14690,'99441','Umpferstedt',1),(14691,'99441','Mechelroda',1),(14692,'99441','Lehnstedt',1),(14693,'99441','Frankendorf',1),(14694,'99441','Kiliansroda',1),(14695,'99441','Hohlstedt',1),(14696,'99441','Hammerstedt',1),(14697,'99441','Mellingen',1),(14698,'99441','Kleinschwabhausen',1),(14699,'99441','Kromsdorf',1),(14700,'99444','Blankenhain',1),(14701,'99448','Rittersdorf',1),(14702,'99448','Nauendorf',1),(14703,'99448','Hohenfelden',1),(14704,'99448','Kranichfeld',1),(14705,'99510','Nirmsdorf',1),(14706,'99510','Obertrebra',1),(14707,'99510','Mattstedt',1),(14708,'99510','Saaleplatte',1),(14709,'99510','Oberreißen',1),(14710,'99510','Niederroßla',1),(14711,'99510','Pfiffelbach',1),(14712,'99510','Kapellendorf',1),(14713,'99510','Niederreißen',1),(14714,'99510','Flurstedt',1),(14715,'99510','Apolda',1),(14716,'99510','Willerstedt',1),(14717,'99510','Gebstedt',1),(14718,'99510','Liebstedt',1),(14719,'99510','Wiegendorf',1),(14720,'99510','Wickerstedt',1),(14721,'99510','Oßmannstedt',1),(14722,'99518','Großheringen',1),(14723,'99518','Rannstedt',1),(14724,'99518','Schmiedehausen',1),(14725,'99518','Ködderitzsch',1),(14726,'99518','Niedertrebra',1),(14727,'99518','Eberstedt',1),(14728,'99518','Bad Sulza',1),(14729,'99518','Auerstedt',1),(14730,'99518','Reisdorf',1),(14731,'99610','Wundersleben',1),(14732,'99610','Kleinbrembach',1),(14733,'99610','Sömmerda',1),(14734,'99610','Großbrembach',1),(14735,'99610','Sprötau',1),(14736,'99610','Vogelsberg',1),(14737,'99625','Kölleda',1),(14738,'99625','Großneuhausen',1),(14739,'99625','Schillingstedt',1),(14740,'99625','Kleinneuhausen',1),(14741,'99625','Beichlingen',1),(14742,'99625','Großmonra',1),(14743,'99628','Eßleben-Teutleben',1),(14744,'99628','Guthmannshausen',1),(14745,'99628','Hardisleben',1),(14746,'99628','Ellersleben',1),(14747,'99628','Rudersdorf',1),(14748,'99628','Buttstädt',1),(14749,'99628','Mannstedt',1),(14750,'99628','Olbersleben',1),(14751,'99631','Weißensee',1),(14752,'99631','Günstedt',1),(14753,'99631','Herrnschwende',1),(14754,'99634','Schwerstedt',1),(14755,'99634','Gangloffsömmern',1),(14756,'99634','Henschleben',1),(14757,'99634','Straußfurt',1),(14758,'99634','Werningshausen',1),(14759,'99636','Rastenberg',1),(14760,'99636','Ostramondra',1),(14761,'99638','Riethgen',1),(14762,'99638','Frömmstedt',1),(14763,'99638','Kindelbrück',1),(14764,'99638','Büchel',1),(14765,'99638','Griefstedt',1),(14766,'99706','Bendeleben',1),(14767,'99706','Sondershausen',1),(14768,'99706','Badra',1),(14769,'99706','Hachelbich',1),(14770,'99713','Abtsbessingen',1),(14771,'99713','Thüringenhausen',1),(14772,'99713','Wolferschwenda',1),(14773,'99713','Helbedündorf',1),(14774,'99713','Bellstedt',1),(14775,'99713','Freienbessingen',1),(14776,'99713','Rockstedt',1),(14777,'99713','Schernberg',1),(14778,'99713','Ebeleben',1),(14779,'99713','Holzsußra',1),(14780,'99718','Greußen',1),(14781,'99718','Großenehrich',1),(14782,'99718','Trebra',1),(14783,'99718','Westgreußen',1),(14784,'99718','Wasserthaleben',1),(14785,'99718','Oberbösa',1),(14786,'99718','Niederbösa',1),(14787,'99718','Topfstedt',1),(14788,'99718','Clingen',1),(14789,'99734','Nordhausen',1),(14790,'99735','Nohra',1),(14791,'99735','Werther',1),(14792,'99735','Kleinfurra',1),(14793,'99735','Wolkramshausen',1),(14794,'99735','Hohenstein',1),(14795,'99735','Friedrichsthal',1),(14796,'99735','Etzelsrode',1),(14797,'99735','Petersdorf',1),(14798,'99735','Hainrode',1),(14799,'99752','Kleinbodungen',1),(14800,'99752','Kraja',1),(14801,'99752','Wipperdorf',1),(14802,'99752','Lipprechterode',1),(14803,'99752','Kehmstedt',1),(14804,'99755','Ellrich',1),(14805,'99755','Hohenstein',1),(14806,'99759','Obergebra',1),(14807,'99759','Niedergebra',1),(14808,'99759','Rehungen',1),(14809,'99759','Großlohra',1),(14810,'99762','Buchholz',1),(14811,'99762','Harzungen',1),(14812,'99762','Niedersachswerfen',1),(14813,'99762','Herrmannsacker',1),(14814,'99762','Neustadt/Harz',1),(14815,'99762','Stempeda',1),(14816,'99762','Rodishain',1),(14817,'99765','Görsbach',1),(14818,'99765','Urbach',1),(14819,'99765','Auleben',1),(14820,'99765','Heringen/Helme',1),(14821,'99765','Hamma',1),(14822,'99765','Uthleben',1),(14823,'99765','Windehausen',1),(14824,'99768','Ilfeld',1),(14825,'99817','Eisenach',1),(14826,'99819','Unterellen',1),(14827,'99819','Wolfsburg-Unkeroda',1),(14828,'99819','Oberellen',1),(14829,'99819','Krauthausen',1),(14830,'99819','Ettenhausen an der Suhl',1),(14831,'99819','Hörselberg',1),(14832,'99819','Marksuhl',1),(14833,'99819','Lauchröden',1),(14834,'99826','Berka vor der Hainich',1),(14835,'99826','Hallungen',1),(14836,'99826','Ebenshausen',1),(14837,'99826','Nazza',1),(14838,'99826','Bischofroda',1),(14839,'99826','Lauterbach',1),(14840,'99826','Mihla',1),(14841,'99826','Frankenroda',1),(14842,'99830','Treffurt',1),(14843,'99831','Creuzburg',1),(14844,'99831','Ifta',1),(14845,'99834','Gerstungen',1),(14846,'99837','Berka/Werra',1),(14847,'99837','Großensee',1),(14848,'99837','Dankmarshausen',1),(14849,'99837','Dippach',1),(14850,'99842','Ruhla',1),(14851,'99846','Seebach',1),(14852,'99848','Wutha-Farnroda',1),(14853,'99848','Hörselberg',1),(14854,'99867','Gotha',1),(14855,'99869','Brüheim',1),(14856,'99869','Haina',1),(14857,'99869','Mühlberg',1),(14858,'99869','Remstädt',1),(14859,'99869','Tüttleben',1),(14860,'99869','Hochheim',1),(14861,'99869','Emleben',1),(14862,'99869','Ebenheim',1),(14863,'99869','Wandersleben',1),(14864,'99869','Weingarten',1),(14865,'99869','Ballstädt',1),(14866,'99869','Wangenheim',1),(14867,'99869','Bufleben',1),(14868,'99869','Tröchtelborn',1),(14869,'99869','Eschenbergen',1),(14870,'99869','Sonneborn',1),(14871,'99869','Westhausen',1),(14872,'99869','Grabsleben',1),(14873,'99869','Seebergen',1),(14874,'99869','Friemar',1),(14875,'99869','Molschleben',1),(14876,'99869','Wechmar',1),(14877,'99869','Goldbach',1),(14878,'99869','Friedrichswerth',1),(14879,'99869','Warza',1),(14880,'99869','Günthersleben',1),(14881,'99869','Schwabhausen',1),(14882,'99869','Pferdingsleben',1),(14883,'99880','Teutleben',1),(14884,'99880','Fröttstädt',1),(14885,'99880','Leinatal',1),(14886,'99880','Mechterstädt',1),(14887,'99880','Trügleben',1),(14888,'99880','Metebach',1),(14889,'99880','Waltershausen',1),(14890,'99880','Hörselgau',1),(14891,'99880','Aspach',1),(14892,'99880','Laucha',1),(14893,'99885','Ohrdruf',1),(14894,'99885','Wölfis',1),(14895,'99885','Luisenthal',1),(14896,'99887','Hohenkirchen',1),(14897,'99887','Petriroda',1),(14898,'99887','Georgenthal',1),(14899,'99887','Herrenhof',1),(14900,'99887','Gräfenhain',1),(14901,'99891','Emsetal',1),(14902,'99891','Tabarz',1),(14903,'99894','Ernstroda',1),(14904,'99894','Friedrichroda',1),(14905,'99897','Tambach-Dietharz',1),(14906,'99898','Finsterbergen',1),(14907,'99947','Bothenheilingen',1),(14908,'99947','Behringen',1),(14909,'99947','Kleinwelsbach',1),(14910,'99947','Tottleben',1),(14911,'99947','Issersheilingen',1),(14912,'99947','Weberstedt',1),(14913,'99947','Schönstedt',1),(14914,'99947','Neunheilingen',1),(14915,'99947','Sundhausen',1),(14916,'99947','Mülverstedt',1),(14917,'99947','Kirchheilingen',1),(14918,'99947','Bad Langensalza',1),(14919,'99955','Bruchstedt',1),(14920,'99955','Klettstedt',1),(14921,'99955','Kutzleben',1),(14922,'99955','Herbsleben',1),(14923,'99955','Bad Tennstedt',1),(14924,'99955','Blankenburg',1),(14925,'99955','Urleben',1),(14926,'99955','Ballhausen',1),(14927,'99955','Hornsömmern',1),(14928,'99955','Haussömmern',1),(14929,'99955','Mittelsömmern',1),(14930,'99958','Tonna',1),(14931,'99958','Großvargula',1),(14932,'99974','Mühlhausen',1),(14933,'99974','Unstruttal',1),(14934,'99976','Anrode',1),(14935,'99976','Lengenfeld unterm Stein',1),(14936,'99976','Hildebrandshausen',1),(14937,'99976','Unstruttal',1),(14938,'99976','Dünwald',1),(14939,'99976','Rodeberg',1),(14940,'99986','Flarchheim',1),(14941,'99986','Oppershausen',1),(14942,'99986','Langula',1),(14943,'99986','Niederdorla',1),(14944,'99986','Oberdorla',1),(14945,'99986','Kammerforst',1),(14946,'99988','Katharinenberg',1),(14947,'99988','Heyerode',1),(14948,'99991','Großengottern',1),(14949,'99991','Altengottern',1),(14950,'99991','Heroldishausen',1),(14951,'99994','Schlotheim',1),(14952,'99994','Marolterode',1),(14953,'99996','Obermehler',1),(14954,'99996','Menteroda',1),(14955,'99998','Körner',1),(14956,'99998','Weinbergen',1);
/*!40000 ALTER TABLE `j2j_postcode` ENABLE KEYS */;
UNLOCK TABLES;

--
-- Table structure for table `j2j_recommendation`
--

DROP TABLE IF EXISTS `j2j_recommendation`;
/*!40101 SET @saved_cs_client     = @@character_set_client */;
 SET character_set_client = utf8 ;
CREATE TABLE `j2j_recommendation` (
  `id` int(11) NOT NULL AUTO_INCREMENT,
  `iscandidate` smallint(6) NOT NULL DEFAULT '1',
  `title` varchar(200) NOT NULL,
  `recommendation` text,
  `updated` timestamp(6) NOT NULL DEFAULT CURRENT_TIMESTAMP(6),
  PRIMARY KEY (`id`)
) ENGINE=InnoDB AUTO_INCREMENT=11 DEFAULT CHARSET=utf8 COLLATE=utf8_0900_ai_ci;
/*!40101 SET character_set_client = @saved_cs_client */;

--
-- Dumping data for table `j2j_recommendation`
--

LOCK TABLES `j2j_recommendation` WRITE;
/*!40000 ALTER TABLE `j2j_recommendation` DISABLE KEYS */;
INSERT INTO `j2j_recommendation` VALUES (1,1,'Maria B., Buchhalterin','Ich habe Job2Job als zuverlässigen Arbeitgeber kennengelernt. Unsere Zusammenarbeit ist geprägt von gegenseitigem Vertrauen und Respekt.','2019-01-26 20:32:36.129126'),(2,1,'Lea W., Gesundheits- und Krankenpflegerin','Die viel diskutierte „Zeitarbeit“ ermöglichte mir wertvolle Einblicke in die Arbeitsbereiche der Pflege. Mit Frau Mohr hatte ich zudem immer eine verlässliche Partnerin im Rücken, die in all meinen Entscheidungen hinter mit stand. ','2019-01-26 20:32:36.138045'),(3,1,'XXX, Gesundheits- und Krankenpflegerin für Intensivpflege und Anästhesie','Ich kam aus einer Festanstellung heraus als Krankenschwester zu Job2Job mit dem Wunsch mich beruflich weiterzuentwickeln. In der Folge konnte ich unkompliziert eine Weiterbildung zur Fachkrankenschwester für Intensivpflege und Anästhesie absolvieren. Dank meiner neuen Qualifikation und der Möglichkeit verschiedene Betriebe kennenzulernen, fühle ich mich heute deutlich sicherer und selbstbewusster bei der Ausübung meiner Arbeit.  ','2019-01-26 20:32:36.138475'),(4,1,'XXX, Beruf','Job2Job hat mich Vertrauen gelehrt. Nicht nur in einen zuverlässigen Arbeitsvermittler, sondern vor allem in mich selbst und meine Fähigkeiten. ','2019-01-26 20:32:36.138835'),(5,0,'XXX, Firma – Branche/Tätigkeitsschwerpunkt ','„Zügig, unkompliziert, partnerschaftlich – einen besseren Partner kann man sich nicht wünschen. Die zwei von Ihnen vermittelten Mitarbeiten leisten im Kommissionsbereich und im Retourenlager hervorragende Arbeit. Bei zukünftigen Personalengpässe werden wir uns garantiert wieder von Job2Job unterstützen lassen.“','2019-01-26 20:30:10.660570'),(6,0,'XXX, Firma – entwickelt und produziert Automobile und Nutzfahrzeuge ','„Job2Job hat uns ebenso qualifiziertes wie hochmotiviertes Personal vermittelt. Und das ohne lange Vorlaufzeit – ein wichtiges Erfolgskriterium in unserer Branche. Enger persönlicher Kontakt und eine unkomplizierte, flexible Betreuung runden Ihren Service ab. Absolute Empfehlung!“  ','2019-01-26 20:30:10.664498'),(7,0,'XXX, Firma – Branche','„Dank der Job2Job GmbH können wir seit Jahren jede Stelle kurzfristig mit sehr gutem Personal besetzen. Einige der Mitarbeiter, die wir übernommen haben, gehören mittlerweile zu unserem langjährigen Stammpersonal. Das ist wohl die beste Empfehlung.“  ','2019-01-26 20:30:10.665102'),(8,0,'XXX, Firma – Branche','„In Folge der guten Erfahrungen und der langjährigen Zusammenarbeit haben wir die Job2Job GmbH mit der Entwicklung eines Bewerbermanagement-Konzepts für unser gesamtes überregionales Vertriebssystem beauftragt. Dieses konnten wir 2018 einführen – mit durchschlagendem Erfolg!“','2019-01-26 20:30:10.665608'),(9,0,'XXX, Firma – Branche','„Auf eines können wir uns bei Job2Job seit vielen Jahren verlassen: die sofortige und zuverlässige Beschaffung von gut ausgebildeten Arbeitskräften. Die Folge: Wir konnten unseren eigenen Personalbereich verschlanken und damit kosteneffizienter aufstellen.“','2019-01-26 20:30:10.666211'),(10,1,'XXX, Beruf (vielleicht auch Mutter/Vater mit langer Abwesenheit vom Arbeitsmarkt?) ','Job2Job vermittelte mir innerhalb eines Monats meine erste Stelle – und das obwohl meine letzte Anstellung X Jahre zurück lag. Ein tolles Gefühl auf dem Arbeitsmarkt wieder gebraucht zu werden. ','2019-01-26 20:32:36.139151');
/*!40000 ALTER TABLE `j2j_recommendation` ENABLE KEYS */;
UNLOCK TABLES;

--
-- Table structure for table `j2j_skills`
--

DROP TABLE IF EXISTS `j2j_skills`;
/*!40101 SET @saved_cs_client     = @@character_set_client */;
 SET character_set_client = utf8 ;
CREATE TABLE `j2j_skills` (
  `id` int(11) NOT NULL AUTO_INCREMENT,
  `parentid` int(11) NOT NULL DEFAULT '0',
  `title` varchar(80) NOT NULL,
  `status` smallint(6) DEFAULT '1',
  `createdate` timestamp(6) NOT NULL DEFAULT CURRENT_TIMESTAMP(6),
  `updatedate` timestamp(6) NOT NULL DEFAULT CURRENT_TIMESTAMP(6),
  PRIMARY KEY (`id`)
) ENGINE=InnoDB AUTO_INCREMENT=49 DEFAULT CHARSET=utf8;
/*!40101 SET character_set_client = @saved_cs_client */;

--
-- Dumping data for table `j2j_skills`
--

LOCK TABLES `j2j_skills` WRITE;
/*!40000 ALTER TABLE `j2j_skills` DISABLE KEYS */;
INSERT INTO `j2j_skills` VALUES (1,0,'ENGINEERING',1,'2016-09-17 10:40:34.000000','2016-09-17 10:40:34.000000'),(2,1,'C++',1,'2016-09-17 10:45:26.000000','2016-09-17 10:45:26.000000'),(3,1,'Java',1,'2016-09-17 10:55:44.000000','2016-09-17 10:55:44.000000'),(4,1,'JavaScript',1,'2016-09-17 20:27:19.000000','2016-09-17 20:27:19.000000'),(8,1,'HTML',1,'2016-09-17 20:40:43.000000','2016-09-17 20:40:43.000000'),(9,1,'C#',1,'2017-03-19 20:38:16.000000','2017-03-19 20:38:16.000000'),(10,1,'Web Design',1,'2017-03-28 19:31:44.000000','2017-03-28 19:31:44.000000'),(11,0,'MED / PHARMA',1,'2017-04-07 22:00:00.000000','2017-04-07 22:00:00.000000'),(12,0,'KAUFMÄNNISCH',1,'2017-04-07 22:00:00.000000','2017-04-07 22:00:00.000000'),(30,1,'PEG Versorgung',1,'2017-06-22 12:59:40.000000','2017-06-22 12:59:40.000000'),(31,1,'Wundmanagement',1,'2017-06-22 12:59:40.000000','2017-06-22 12:59:40.000000'),(32,1,'Notfallmanagement',1,'2017-06-22 12:59:40.000000','2017-06-22 12:59:40.000000'),(33,1,'Hydraulikleitungen  Managment',1,'2017-06-22 13:02:26.000000','2017-06-22 13:02:26.000000'),(34,1,'ECSCAD',1,'2017-06-22 13:03:58.000000','2017-06-22 13:03:58.000000'),(35,1,'Staffing-Managements',1,'2017-06-22 13:06:48.000000','2017-06-22 13:06:48.000000'),(36,1,'Staffing Strategie',1,'2017-06-22 13:06:48.000000','2017-06-22 13:06:48.000000'),(37,1,'Notfallmaßnahmen',1,'2017-06-22 13:10:38.000000','2017-06-22 13:10:38.000000'),(47,0,'SONSTIGES',1,'2017-07-18 10:21:16.000000','2017-07-18 10:21:16.000000'),(48,1,'Softwareentwicklung',1,'2018-11-30 18:10:41.162509','2018-11-30 18:10:41.162509');
/*!40000 ALTER TABLE `j2j_skills` ENABLE KEYS */;
UNLOCK TABLES;

--
-- Table structure for table `j2j_targetmessageusers`
--

DROP TABLE IF EXISTS `j2j_targetmessageusers`;
/*!40101 SET @saved_cs_client     = @@character_set_client */;
 SET character_set_client = utf8 ;
CREATE TABLE `j2j_targetmessageusers` (
  `userid` int(11) NOT NULL,
  `status` smallint(6) NOT NULL DEFAULT '1',
  PRIMARY KEY (`userid`),
  CONSTRAINT `FK_TARGETMESSAGEUSERS_USERS` FOREIGN KEY (`userid`) REFERENCES `j2j_users` (`id`) ON DELETE CASCADE ON UPDATE CASCADE
) ENGINE=InnoDB DEFAULT CHARSET=latin1;
/*!40101 SET character_set_client = @saved_cs_client */;

--
-- Dumping data for table `j2j_targetmessageusers`
--

LOCK TABLES `j2j_targetmessageusers` WRITE;
/*!40000 ALTER TABLE `j2j_targetmessageusers` DISABLE KEYS */;
INSERT INTO `j2j_targetmessageusers` VALUES (1,1),(3,1);
/*!40000 ALTER TABLE `j2j_targetmessageusers` ENABLE KEYS */;
UNLOCK TABLES;

--
-- Table structure for table `j2j_uploadedfiles`
--

DROP TABLE IF EXISTS `j2j_uploadedfiles`;
/*!40101 SET @saved_cs_client     = @@character_set_client */;
 SET character_set_client = utf8 ;
CREATE TABLE `j2j_uploadedfiles` (
  `id` int(11) NOT NULL AUTO_INCREMENT,
  `file` varchar(200) NOT NULL,
  `status` smallint(6) NOT NULL DEFAULT '0',
  `upload_date` datetime NOT NULL,
  `userid` int(11) NOT NULL,
  PRIMARY KEY (`id`)
) ENGINE=InnoDB AUTO_INCREMENT=6 DEFAULT CHARSET=utf8;
/*!40101 SET character_set_client = @saved_cs_client */;

--
-- Dumping data for table `j2j_uploadedfiles`
--

LOCK TABLES `j2j_uploadedfiles` WRITE;
/*!40000 ALTER TABLE `j2j_uploadedfiles` DISABLE KEYS */;
INSERT INTO `j2j_uploadedfiles` VALUES (3,'/job2job/frontend/web/candidate_doc/9/Kündigung.pdf',0,'2017-07-27 12:45:08',9),(4,'/job2job/frontend/web/candidate_doc/9/ES-U-3xxx-x.pdf',0,'2017-12-15 11:57:42',9),(5,'/job2job/frontend/web/candidate_doc/9/IPT1-FP.pdf',0,'2017-12-15 11:58:41',9);
/*!40000 ALTER TABLE `j2j_uploadedfiles` ENABLE KEYS */;
UNLOCK TABLES;

--
-- Table structure for table `j2j_usergroup`
--

DROP TABLE IF EXISTS `j2j_usergroup`;
/*!40101 SET @saved_cs_client     = @@character_set_client */;
 SET character_set_client = utf8 ;
CREATE TABLE `j2j_usergroup` (
  `id` int(11) NOT NULL AUTO_INCREMENT,
  `title` varchar(45) NOT NULL,
  `status` smallint(6) NOT NULL DEFAULT '1',
  `createdate` datetime NOT NULL,
  `updatedate` datetime NOT NULL,
  PRIMARY KEY (`id`)
) ENGINE=InnoDB AUTO_INCREMENT=3 DEFAULT CHARSET=utf8;
/*!40101 SET character_set_client = @saved_cs_client */;

--
-- Dumping data for table `j2j_usergroup`
--

LOCK TABLES `j2j_usergroup` WRITE;
/*!40000 ALTER TABLE `j2j_usergroup` DISABLE KEYS */;
INSERT INTO `j2j_usergroup` VALUES (1,'Administrators',1,'2016-09-16 12:49:46','2016-09-20 12:57:38'),(2,'Frontend',1,'2016-09-18 12:46:45','2017-04-03 11:34:31');
/*!40000 ALTER TABLE `j2j_usergroup` ENABLE KEYS */;
UNLOCK TABLES;

--
-- Table structure for table `j2j_usergroupnavgation`
--

DROP TABLE IF EXISTS `j2j_usergroupnavgation`;
/*!40101 SET @saved_cs_client     = @@character_set_client */;
 SET character_set_client = utf8 ;
CREATE TABLE `j2j_usergroupnavgation` (
  `groupid` int(11) NOT NULL,
  `navigationid` int(11) NOT NULL,
  `readright` smallint(6) NOT NULL DEFAULT '0',
  `editright` smallint(6) NOT NULL DEFAULT '0',
  `deleteright` smallint(6) NOT NULL DEFAULT '0',
  `printright` smallint(6) NOT NULL DEFAULT '0',
  `status` smallint(6) NOT NULL DEFAULT '1',
  `createdate` datetime NOT NULL,
  PRIMARY KEY (`groupid`,`navigationid`),
  KEY `FK_NVIGATIONGROUP_NAVIGATION_idx` (`navigationid`),
  CONSTRAINT `FK_NVIGATIONGROUP_GROUP` FOREIGN KEY (`groupid`) REFERENCES `j2j_usergroup` (`id`) ON DELETE CASCADE ON UPDATE CASCADE,
  CONSTRAINT `FK_NVIGATIONGROUP_NAVIGATION` FOREIGN KEY (`navigationid`) REFERENCES `j2j_navigation` (`id`) ON DELETE CASCADE ON UPDATE CASCADE
) ENGINE=InnoDB DEFAULT CHARSET=utf8;
/*!40101 SET character_set_client = @saved_cs_client */;

--
-- Dumping data for table `j2j_usergroupnavgation`
--

LOCK TABLES `j2j_usergroupnavgation` WRITE;
/*!40000 ALTER TABLE `j2j_usergroupnavgation` DISABLE KEYS */;
INSERT INTO `j2j_usergroupnavgation` VALUES (1,1,1,0,0,0,1,'2016-09-20 14:57:38'),(1,2,1,0,0,0,1,'2016-09-20 14:57:38'),(1,3,1,0,0,0,1,'2016-09-20 14:57:38'),(1,4,1,0,0,0,1,'2016-09-20 14:57:38'),(1,5,1,0,0,0,1,'2016-09-20 14:57:38'),(1,6,1,0,0,0,1,'2016-09-20 14:57:38'),(1,7,1,0,0,0,1,'2016-09-20 14:57:38'),(1,8,1,0,0,0,1,'2016-09-20 14:57:38'),(1,9,1,0,0,0,1,'2016-09-20 14:57:38'),(1,10,1,1,0,0,1,'2016-09-20 14:57:38'),(1,11,1,0,0,0,1,'2016-09-20 14:57:39'),(1,12,1,0,0,0,1,'2016-09-20 14:57:39'),(1,13,1,0,0,0,1,'2016-09-20 14:57:39'),(1,14,1,0,0,0,1,'2016-09-20 14:57:39');
/*!40000 ALTER TABLE `j2j_usergroupnavgation` ENABLE KEYS */;
UNLOCK TABLES;

--
-- Table structure for table `j2j_userpermission`
--

DROP TABLE IF EXISTS `j2j_userpermission`;
/*!40101 SET @saved_cs_client     = @@character_set_client */;
 SET character_set_client = utf8 ;
CREATE TABLE `j2j_userpermission` (
  `id` int(11) NOT NULL,
  `title` varchar(45) DEFAULT NULL,
  `status` smallint(6) NOT NULL DEFAULT '1',
  PRIMARY KEY (`id`)
) ENGINE=InnoDB DEFAULT CHARSET=latin1;
/*!40101 SET character_set_client = @saved_cs_client */;

--
-- Dumping data for table `j2j_userpermission`
--

LOCK TABLES `j2j_userpermission` WRITE;
/*!40000 ALTER TABLE `j2j_userpermission` DISABLE KEYS */;
INSERT INTO `j2j_userpermission` VALUES (1,'Administrator',1),(2,'User',1);
/*!40000 ALTER TABLE `j2j_userpermission` ENABLE KEYS */;
UNLOCK TABLES;

--
-- Table structure for table `j2j_users`
--

DROP TABLE IF EXISTS `j2j_users`;
/*!40101 SET @saved_cs_client     = @@character_set_client */;
 SET character_set_client = utf8 ;
CREATE TABLE `j2j_users` (
  `id` int(11) NOT NULL AUTO_INCREMENT,
  `uname` varchar(45) NOT NULL,
  `password_hash` varchar(255) DEFAULT NULL,
  `password_reset_token` varchar(255) DEFAULT NULL,
  `auth_key` varchar(32) DEFAULT NULL,
  `fname` varchar(45) NOT NULL,
  `lname` varchar(45) NOT NULL,
  `bdate` datetime DEFAULT NULL,
  `usertype` smallint(6) NOT NULL DEFAULT '1',
  `group` int(11) NOT NULL DEFAULT '-1',
  `permission` int(11) NOT NULL DEFAULT '2',
  `receive_backend_email` smallint(6) NOT NULL DEFAULT '1',
  `status` smallint(6) NOT NULL DEFAULT '1',
  `createdate` datetime NOT NULL DEFAULT CURRENT_TIMESTAMP,
  `updatedate` datetime DEFAULT CURRENT_TIMESTAMP,
  PRIMARY KEY (`id`),
  KEY `FK_USER_GROUP_idx` (`group`),
  KEY `FK_USER_PERMISSION_idx` (`permission`),
  CONSTRAINT `FK_USER_GROUP` FOREIGN KEY (`group`) REFERENCES `j2j_usergroup` (`id`) ON DELETE CASCADE ON UPDATE CASCADE,
  CONSTRAINT `FK_USER_PERMISSION` FOREIGN KEY (`permission`) REFERENCES `j2j_userpermission` (`id`)
) ENGINE=InnoDB AUTO_INCREMENT=87 DEFAULT CHARSET=utf8;
/*!40101 SET character_set_client = @saved_cs_client */;

--
-- Dumping data for table `j2j_users`
--

LOCK TABLES `j2j_users` WRITE;
/*!40000 ALTER TABLE `j2j_users` DISABLE KEYS */;
INSERT INTO `j2j_users` VALUES (1,'hamid','$2y$13$0RxDra3j21WT65PMPZcGb.72cb8IDCNuSmaOhJZqNwmOzaG06AxRS',NULL,'-','Hamidreza','Seifi','0000-00-00 00:00:00',1,1,1,1,1,'2016-09-11 20:23:44','2016-09-11 20:23:44'),(3,'user','User88',NULL,'-','user','user','0000-00-00 00:00:00',1,2,2,1,1,'2016-09-28 13:37:22','2016-09-28 11:37:22'),(9,'hamidrezaseifi@gmail.com','$2y$13$WPd863BIGCmT150Ica.fwOccES7v/BJZO.xPI8Ci4hyPPcEpoOMKm',NULL,'','Hamidrez','Seifi','1977-09-11 00:00:00',3,2,2,1,1,'2017-04-11 00:00:00','2017-12-18 00:00:00'),(84,'bewerber@b.de','$2y$13$bhKbf35YzYQmvVceJ4Lcy.KfJVe3FlicLUfyylagRzGHFdFbnB0l2',NULL,NULL,'bewerber','bewerber','2018-11-01 00:00:00',3,2,2,1,1,'2018-11-01 14:23:35','2018-11-01 15:24:02'),(85,'firma@f.de','$2y$13$OpHewtaipJy3RomoGHjF3.HF3E5Vjp.nYCYyQhgsWouSoRaqQeoZO',NULL,NULL,'firma','firma','2018-11-01 00:00:00',2,2,2,1,1,'2018-11-01 14:25:42','2018-12-26 13:17:16'),(86,'admin','$2y$13$v08Dlvij8hdgOyOVkoVZYOTwJ4YqFpQMCC8zTQBVZPz2B5L7IhB8.',NULL,NULL,'admin','admin',NULL,1,1,1,1,1,'2018-12-06 21:12:06','2018-12-06 21:12:06');
/*!40000 ALTER TABLE `j2j_users` ENABLE KEYS */;
UNLOCK TABLES;

--
-- Table structure for table `j2j_vacancy`
--

DROP TABLE IF EXISTS `j2j_vacancy`;
/*!40101 SET @saved_cs_client     = @@character_set_client */;
 SET character_set_client = utf8 ;
CREATE TABLE `j2j_vacancy` (
  `id` int(11) NOT NULL AUTO_INCREMENT,
  `title` varchar(55) NOT NULL,
  `link` varchar(45) NOT NULL DEFAULT '-',
  `status` smallint(6) NOT NULL DEFAULT '1',
  `updated` timestamp(6) NOT NULL DEFAULT CURRENT_TIMESTAMP(6),
  PRIMARY KEY (`id`)
) ENGINE=InnoDB AUTO_INCREMENT=5 DEFAULT CHARSET=utf8;
/*!40101 SET character_set_client = @saved_cs_client */;

--
-- Dumping data for table `j2j_vacancy`
--

LOCK TABLES `j2j_vacancy` WRITE;
/*!40000 ALTER TABLE `j2j_vacancy` DISABLE KEYS */;
INSERT INTO `j2j_vacancy` VALUES (1,'Arbeitnehmerüberlassung','temporarywork',1,'2018-12-26 11:58:10.222504'),(2,'Personalfestanstellung','-',0,'2018-12-26 11:58:25.683911'),(3,'Personalrekrutierung','personalrecruitment',1,'2018-12-26 11:58:10.223988'),(4,'Personalübernahme','personaladoption',1,'2018-12-26 11:58:10.223473');
/*!40000 ALTER TABLE `j2j_vacancy` ENABLE KEYS */;
UNLOCK TABLES;

--
-- Table structure for table `j2j_workexperience`
--

DROP TABLE IF EXISTS `j2j_workexperience`;
/*!40101 SET @saved_cs_client     = @@character_set_client */;
 SET character_set_client = utf8 ;
CREATE TABLE `j2j_workexperience` (
  `id` int(11) NOT NULL AUTO_INCREMENT,
  `applicationid` int(11) NOT NULL,
  `company` varchar(100) NOT NULL,
  `fromdate` varchar(20) NOT NULL,
  `todate` varchar(20) NOT NULL,
  `country` varchar(45) NOT NULL,
  `city` varchar(45) NOT NULL,
  `position` varchar(45) NOT NULL,
  `comments` text,
  `createdate` datetime NOT NULL,
  `updatedate` datetime NOT NULL,
  PRIMARY KEY (`id`),
  KEY `FK_APPLICATION_WORKEXPERIENCE_idx` (`applicationid`),
  CONSTRAINT `FK_APPLICATION_WORKEXPERIENCE` FOREIGN KEY (`applicationid`) REFERENCES `j2j_application` (`id`) ON DELETE CASCADE ON UPDATE CASCADE
) ENGINE=InnoDB DEFAULT CHARSET=utf8;
/*!40101 SET character_set_client = @saved_cs_client */;

--
-- Dumping data for table `j2j_workexperience`
--

LOCK TABLES `j2j_workexperience` WRITE;
/*!40000 ALTER TABLE `j2j_workexperience` DISABLE KEYS */;
/*!40000 ALTER TABLE `j2j_workexperience` ENABLE KEYS */;
UNLOCK TABLES;

--
-- Table structure for table `j2j_workpermission`
--

DROP TABLE IF EXISTS `j2j_workpermission`;
/*!40101 SET @saved_cs_client     = @@character_set_client */;
 SET character_set_client = utf8 ;
CREATE TABLE `j2j_workpermission` (
  `id` smallint(6) NOT NULL,
  `title` varchar(55) NOT NULL,
  PRIMARY KEY (`id`)
) ENGINE=InnoDB DEFAULT CHARSET=utf8;
/*!40101 SET character_set_client = @saved_cs_client */;

--
-- Dumping data for table `j2j_workpermission`
--

LOCK TABLES `j2j_workpermission` WRITE;
/*!40000 ALTER TABLE `j2j_workpermission` DISABLE KEYS */;
/*!40000 ALTER TABLE `j2j_workpermission` ENABLE KEYS */;
UNLOCK TABLES;

--
-- Table structure for table `j2j_worktimemodel`
--

DROP TABLE IF EXISTS `j2j_worktimemodel`;
/*!40101 SET @saved_cs_client     = @@character_set_client */;
 SET character_set_client = utf8 ;
CREATE TABLE `j2j_worktimemodel` (
  `id` int(11) NOT NULL AUTO_INCREMENT,
  `title` varchar(50) NOT NULL,
  `status` smallint(6) NOT NULL DEFAULT '1',
  PRIMARY KEY (`id`)
) ENGINE=InnoDB AUTO_INCREMENT=6 DEFAULT CHARSET=utf8;
/*!40101 SET character_set_client = @saved_cs_client */;

--
-- Dumping data for table `j2j_worktimemodel`
--

LOCK TABLES `j2j_worktimemodel` WRITE;
/*!40000 ALTER TABLE `j2j_worktimemodel` DISABLE KEYS */;
INSERT INTO `j2j_worktimemodel` VALUES (1,'Teilzeit',1),(2,'Schichtarbeit',1),(3,'Minijob',1),(4,'Vollzeit',1),(5,'Freiberuflich',0);
/*!40000 ALTER TABLE `j2j_worktimemodel` ENABLE KEYS */;
UNLOCK TABLES;
/*!40103 SET TIME_ZONE=@OLD_TIME_ZONE */;

/*!40101 SET SQL_MODE=@OLD_SQL_MODE */;
/*!40014 SET FOREIGN_KEY_CHECKS=@OLD_FOREIGN_KEY_CHECKS */;
/*!40014 SET UNIQUE_CHECKS=@OLD_UNIQUE_CHECKS */;
/*!40101 SET CHARACTER_SET_CLIENT=@OLD_CHARACTER_SET_CLIENT */;
/*!40101 SET CHARACTER_SET_RESULTS=@OLD_CHARACTER_SET_RESULTS */;
/*!40101 SET COLLATION_CONNECTION=@OLD_COLLATION_CONNECTION */;
/*!40111 SET SQL_NOTES=@OLD_SQL_NOTES */;

-- Dump completed on 2019-02-24 19:14:51
